id,education_level,stream_or_subject_interest,recommended_degree_or_course,career_field,entry_level_job,mid_level_job,senior_level_job,key_skills_required,recommended_soft_skills,typical_university_subjects,certifications_or_extra_training,industry_growth_in_sri_lanka,global_demand_level,average_starting_salary_lkr,future_salary_range_lkr,remote_work_possibility,freelance_opportunity,automation_risk,job_description
1,A/L Pending,Physical Science Stream - Physics focus,BSc Information Technology / Diploma in Networking,IT Infrastructure,IT Technician,Cloud Engineer,Senior Cloud Architect,Cloud Computing (AWS/Azure)|Linux/Windows Server|Routing & Switching,Reliability|Communication|Customer Service,Computer Networks|System Administration|Operating Systems,CCNA|CompTIA Network+,High,High,125000,155000-420000,Yes,Low,Medium,"Design, install, and maintain the computer networks and systems that organizations rely on."
2,A/L Completed,Arts Stream - History focus,LLB Law,Legal Services,Legal Assistant,Attorney-at-Law,Judge,Compliance|Drafting Contracts|Litigation,Analytical Thinking|Public Speaking|Negotiation,Corporate Law|Criminal Law|Constitutional Law,Attorney-at-Law (Sri Lanka Law College)|Notary Public,Medium,Medium,60000,90000-350000,No,Medium,Medium,"Advise and represent clients in legal matters, draft documents, and ensure legal compliance."
3,O/L Completed,Architecture & Built Environment Interest,BArch Architecture,Architecture,Junior Draftsman,Project Architect,Design Director,SketchUp|3D Rendering|AutoCAD,Visualization|Creativity|Attention to Detail,Structural Design|Building Materials|Architectural Design,LEED Green Associate|Chartered Architect (AIA),Medium,Medium,85000,115000-510000,Medium,High,Medium,"Design buildings and structures that are functional, safe, and aesthetically pleasing."
4,O/L Completed,Data Analysis & AI Interest,BSc Data Science,Data Science,Data Analyst,Machine Learning Engineer,Senior Data Scientist,Machine Learning|Data Viz|SQL,Presentation|Analytical Thinking|Curiosity,Big Data|Linear Algebra|Deep Learning,AWS Machine Learning|IBM Data Science,High,Very High,195000,225000-530000,Yes,High,Low,Analyze complex data sets to help companies make data-driven decisions and build predictive models.
5,A/L Pending,Biological Science Stream - Chemistry focus,MBBS Medicine,Healthcare - Medical,Pre-Intern Medical Officer,Medical Officer,Chief Medical Officer,Diagnosis|Patient Care|Medical Procedures,Communication|Decision Making Under Pressure|Empathy,Pediatrics|Physiology|Surgery,MRCP|MD/MS (Sri Lanka),Very High,Very High,175000,205000-1960000,No,Low,Low,"Diagnose and treat illnesses, injuries, and health conditions in patients."
6,A/L Pending,Physical Science Stream - Math focus,BSc Hospitality Management,Tourism,Tour Guide,Event Manager,Resort Manager,Property Management Systems|Languages|Inventory Management,Customer Service|Cultural Awareness|Interpersonal Skills,Hospitality Operations|Food & Beverage Management|Tourism Marketing,IATA Certification|Language Diplomas,High,Medium,55000,85000-310000,No,Medium,High,"Manage operations in hotels, resorts, and coordinate travel experiences for tourists."
7,Career Switcher,Medicine Interest,MBBS Medicine,Healthcare - Medical,Junior Doctor,Medical Officer,Consultant Specialist,Medical Procedures|Diagnosis|Pharmacology,Decision Making Under Pressure|Ethics|Empathy,Surgery|Anatomy|Physiology,USMLE|MRCP,Very High,Very High,190000,220000-1150000,No,Low,Low,"Diagnose and treat illnesses, injuries, and health conditions in patients."
8,A/L Pending,Physical Science Stream - Physics focus,BSc Hospitality Management,Tourism,Management Trainee,Event Manager,Director of Tourism,Languages|Inventory Management|Event Planning,Problem Solving|Customer Service|Interpersonal Skills,Tourism Marketing|HR in Hospitality|Food & Beverage Management,Food Safety Certification|IATA Certification,High,Medium,95000,125000-520000,No,Medium,High,"Manage operations in hotels, resorts, and coordinate travel experiences for tourists."
9,O/L Completed,Architecture & Built Environment Interest,BArch Architecture,Architecture,Design Intern,Interior Designer,Senior Architect,SketchUp|Building Codes|Revit,Creativity|Attention to Detail|Visualization,Structural Design|History of Architecture|Building Materials,LEED Green Associate|Chartered Architect (AIA),Medium,Medium,100000,130000-260000,Medium,High,Medium,"Design buildings and structures that are functional, safe, and aesthetically pleasing."
10,O/L Completed,Agriculture Interest,BSc Agriculture,Agriculture & Agri-Business,Farm Supervisor,Agronomist,Estate Superintendent,"Pest Control|Soil Science|Agri-Tech (IoT, Drones)",Physical Endurance|Team Management|Adaptability,Soil Science|Crop Science|Agricultural Economics,GAP Certification|Pesticide Application License,Medium,Low,55000,85000-150000,No,Low,Medium,"Manage farming operations, improve crop yields, and implement sustainable agricultural practices."
11,Career Switcher,Healthcare Caregiving Interest,BSc Nursing,Healthcare - Nursing,Assistant Nurse,Staff Nurse,Matron,Patient Care|First Aid|Infection Control,Communication|Patience|Resilience,Psychology|Pharmacology|Nursing Foundations,Specialized Nursing Certifications|BLS,High,Very High,90000,120000-440000,No,Low,Low,"Provide care to patients, administer medications, and assist doctors in medical treatments."
12,Graduate,Background in Marketing & Digital Media,BSc Digital Marketing,Marketing,Marketing Assistant,Digital Marketing Executive,Chief Marketing Officer,Google Analytics|SEO/SEM|Social Media Ads,Creativity|Adaptability|Communication,Consumer Behavior|Digital Strategy|Market Research,Meta Blueprint|HubSpot Inbound Marketing,High,High,80000,110000-430000,Yes,High,Medium,Promote products and services using digital channels to reach target audiences effectively.
13,Graduate,Background in Human Resource Management,BSc Human Resource Management,Human Resources,Recruitment Trainee,Employee Relations Manager,HR Director,Labor Law Knowledge|Recruitment|Payroll Management,Communication|Conflict Resolution|Negotiation,Labor Law|Organizational Behavior|Compensation,PHR|CIPM,Medium,Medium,95000,125000-260000,Yes,Low,Medium,"Manage the recruitment, development, and wellbeing of an organization's employees."
14,Diploma Holder,Background in Logistics & Supply Chain,BSc Supply Chain Management,Logistics,Logistics Coordinator,Logistics Analyst,Chief Supply Chain Officer,Freight Forwarding|Inventory Management|Data Analysis,Time Management|Leadership|Negotiation,Global Supply Chain|Inventory Control|Procurement,CSCP|CIPS,High,High,75000,105000-480000,No,Low,Medium,Oversee the movement of goods from suppliers to consumers efficiently and cost-effectively.
15,Graduate,Background in Agriculture,BSc Agriculture,Agriculture & Agri-Business,Field Officer,Agricultural Officer,Estate Superintendent,"Pest Control|Agri-Tech (IoT, Drones)|Crop Management",Physical Endurance|Problem Solving|Adaptability,Agricultural Economics|Soil Science|Plant Biotechnology,GAP Certification|Pesticide Application License,Medium,Low,80000,110000-180000,No,Low,Medium,"Manage farming operations, improve crop yields, and implement sustainable agricultural practices."
16,A/L Completed,Arts Stream - History focus,BA Graphic Design / Diploma in Multimedia,Design,Junior Graphic Designer,Art Director,Creative Director,Adobe Illustrator|Color Theory|Typography,Creativity|Time Management|Receptivity to Feedback,Visual Communication|Design Principles|Digital Art,Google UX Design|Adobe Certified Professional,High,High,60000,90000-220000,Yes,High,High,"Create visual concepts to communicate ideas that inspire, inform, and captivate consumers."
17,A/L Pending,Commerce Stream - Accounting focus,BSc Digital Marketing,Marketing,SEO Trainee,Content Strategist,Chief Marketing Officer,Content Creation|Google Analytics|Social Media Ads,Empathy|Adaptability|Communication,Market Research|Digital Strategy|Consumer Behavior,HubSpot Inbound Marketing|Meta Blueprint,High,High,85000,115000-600000,Yes,High,Medium,Promote products and services using digital channels to reach target audiences effectively.
18,Career Switcher,Psychology & Counseling Interest,BA/BSc Psychology,Psychology,Assistant Psychologist,Clinical Psychologist,Chief HR Officer,Psychological Assessment|Therapy Techniques (CBT)|Research Methodology,Empathy|Active Listening|Confidentiality,Abnormal Psychology|Counseling|Developmental Psychology,Clinical Psychology Masters|Counseling Diploma,Medium,High,90000,120000-210000,Yes,High,Low,Study human behavior and help individuals navigate mental health and emotional challenges.
19,Diploma Holder,Background in Data Analysis & AI,BSc Data Science,Data Science,Data Analyst,Machine Learning Engineer,Chief Data Officer,Statistics|Machine Learning|SQL,Presentation|Curiosity|Analytical Thinking,Probability|Deep Learning|Linear Algebra,IBM Data Science|Google Data Analytics,High,Very High,190000,220000-470000,Yes,High,Low,Analyze complex data sets to help companies make data-driven decisions and build predictive models.
20,Graduate,Background in Mechanical Systems,BSc Mechanical Engineering,Mechanical Engineering,Junior Mechanical Engineer,Mechanical Engineer,Senior Mechanical Engineer,Robotics|Thermodynamics|CAD/CAM,Analytical Thinking|Troubleshooting|Innovation,Thermodynamics|Machine Design|Fluid Mechanics,Chartered Engineer (CEng)|SolidWorks Certification,Medium,High,110000,140000-230000,No,Low,Medium,"Design, develop, build, and test mechanical and thermal sensors and devices."
21,A/L Pending,Arts Stream - Logic/Media focus,BSc Hospitality Management,Tourism,Tour Guide,Hotel Manager,General Manager (Hotel),Property Management Systems|Event Planning|Inventory Management,Customer Service|Interpersonal Skills|Problem Solving,Hospitality Operations|Food & Beverage Management|HR in Hospitality,Food Safety Certification|Language Diplomas,High,Medium,50000,80000-360000,No,Medium,High,"Manage operations in hotels, resorts, and coordinate travel experiences for tourists."
22,Undergraduate,Background in Healthcare Caregiving,BSc Nursing,Healthcare - Nursing,Assistant Nurse,Registered Nurse,Nursing Sister,Infection Control|First Aid|Vital Signs Monitoring,Communication|Patience|Empathy,Psychology|Nursing Foundations|Medical-Surgical Nursing,ACLS|Specialized Nursing Certifications,High,Very High,90000,120000-310000,No,Low,Low,"Provide care to patients, administer medications, and assist doctors in medical treatments."
23,A/L Completed,Technology Stream - SFT focus,BSc Information Technology / Diploma in Networking,IT Infrastructure,IT Technician,Network Engineer,Network Architect,Linux/Windows Server|Routing & Switching|Cloud Computing (AWS/Azure),Troubleshooting|Communication|Customer Service,Operating Systems|Computer Networks|System Administration,CCNA|CCNP,High,High,105000,135000-490000,Yes,Low,Medium,"Design, install, and maintain the computer networks and systems that organizations rely on."
24,Undergraduate,Background in Construction & Structures,BSc Civil Engineering,Civil Engineering,Structural Trainee,Civil Engineer,Construction Manager,AutoCAD|Project Management|Surveying,Problem Solving|Teamwork|Leadership,Materials Science|Structural Design|Fluid Mechanics,PMP|Chartered Engineer (CEng),Medium,Medium,125000,155000-610000,No,Low,Low,"Design, build, and supervise infrastructure projects and systems."
25,Undergraduate,Background in Education & Teaching,BA/BSc / BEd Education,Education,Tutor,Lecturer,Professor,Curriculum Development|Lesson Planning|Student Assessment,Empathy|Mentorship|Public Speaking,Educational Psychology|Teaching Methodology|Curriculum Design,TEFL/TESOL|Postgraduate Diploma in Education (PGDE),Medium,High,55000,85000-350000,Medium,High,Low,"Educate and mentor students, preparing them for academic and personal success."
26,Diploma Holder,Background in Law & Justice,LLB Law,Legal Services,Legal Assistant,Corporate Counsel,Senior Counsel,Compliance|Drafting Contracts|Legal Research,Analytical Thinking|Public Speaking|Negotiation,Constitutional Law|Corporate Law|Contract Law,Attorney-at-Law (Sri Lanka Law College)|Notary Public,Medium,Medium,85000,115000-610000,No,Medium,Medium,"Advise and represent clients in legal matters, draft documents, and ensure legal compliance."
27,Career Switcher,Architecture & Built Environment Interest,BArch Architecture,Architecture,Architect Assistant,Project Architect,Design Director,Building Codes|SketchUp|AutoCAD,Visualization|Attention to Detail|Communication,Architectural Design|History of Architecture|Structural Design,Chartered Architect (AIA)|LEED Green Associate,Medium,Medium,90000,120000-550000,Medium,High,Medium,"Design buildings and structures that are functional, safe, and aesthetically pleasing."
28,A/L Completed,Arts Stream - Logic/Media focus,LLB Law,Legal Services,Apprentice,Attorney-at-Law,Senior Counsel,Legal Research|Drafting Contracts|Litigation,Negotiation|Argumentation|Analytical Thinking,Corporate Law|Contract Law|Constitutional Law,Attorney-at-Law (Sri Lanka Law College)|Notary Public,Medium,Medium,65000,95000-440000,No,Medium,Medium,"Advise and represent clients in legal matters, draft documents, and ensure legal compliance."
29,Career Switcher,Law & Justice Interest,LLB Law,Legal Services,Apprentice,Attorney-at-Law,Judge,Compliance|Litigation|Drafting Contracts,Negotiation|Public Speaking|Argumentation,Constitutional Law|Contract Law|Criminal Law,Attorney-at-Law (Sri Lanka Law College)|Notary Public,Medium,Medium,85000,115000-680000,No,Medium,Medium,"Advise and represent clients in legal matters, draft documents, and ensure legal compliance."
30,A/L Pending,Arts Stream - Languages focus,BBA Business Management,Business Operations,Business Coordinator,Project Manager,General Manager,Strategic Planning|Budgeting|Project Management,Decision Making|Leadership|Negotiation,HR|Marketing|Strategic Management,Agile PM|Certified Business Analysis Professional (CBAP),Medium,High,120000,150000-440000,Yes,Medium,Low,Oversee the day-to-day operations of a company to ensure efficiency and profitability.
31,Graduate,Background in Agriculture,BSc Agriculture,Agriculture & Agri-Business,Farm Supervisor,Agricultural Officer,Estate Superintendent,"Crop Management|Agri-Tech (IoT, Drones)|Pest Control",Physical Endurance|Problem Solving|Team Management,Crop Science|Agricultural Economics|Plant Biotechnology,GAP Certification|Pesticide Application License,Medium,Low,50000,80000-320000,No,Low,Medium,"Manage farming operations, improve crop yields, and implement sustainable agricultural practices."
32,Graduate,Background in Architecture & Built Environment,BArch Architecture,Architecture,Junior Draftsman,Interior Designer,Senior Architect,Revit|SketchUp|3D Rendering,Creativity|Visualization|Attention to Detail,History of Architecture|Architectural Design|Building Materials,Chartered Architect (AIA)|LEED Green Associate,Medium,Medium,85000,115000-210000,Medium,High,Medium,"Design buildings and structures that are functional, safe, and aesthetically pleasing."
33,O/L Completed,Construction & Structures Interest,BSc Civil Engineering,Civil Engineering,Junior Civil Engineer,Project Engineer,Senior Civil Engineer,AutoCAD|Surveying|Structural Analysis,Leadership|Teamwork|Risk Management,Geotechnical Engineering|Structural Design|Materials Science,Chartered Engineer (CEng)|AutoCAD Certification,Medium,Medium,85000,115000-240000,No,Low,Low,"Design, build, and supervise infrastructure projects and systems."
34,O/L Completed,Law & Justice Interest,LLB Law,Legal Services,Legal Assistant,Corporate Counsel,Senior Counsel,Legal Research|Drafting Contracts|Litigation,Analytical Thinking|Argumentation|Public Speaking,Criminal Law|Constitutional Law|Corporate Law,Attorney-at-Law (Sri Lanka Law College)|Notary Public,Medium,Medium,70000,100000-310000,No,Medium,Medium,"Advise and represent clients in legal matters, draft documents, and ensure legal compliance."
35,A/L Completed,Biological Science Stream - Physics/Agri focus,MBBS Medicine,Healthcare - Medical,Junior Doctor,Medical Officer,Chief Medical Officer,Pharmacology|Diagnosis|Patient Care,Decision Making Under Pressure|Empathy|Ethics,Physiology|Anatomy|Pediatrics,USMLE|MD/MS (Sri Lanka),Very High,Very High,210000,240000-1260000,No,Low,Low,"Diagnose and treat illnesses, injuries, and health conditions in patients."
36,Undergraduate,Background in Data Analysis & AI,BSc Data Science,Data Science,BI Analyst,Data Engineer,Senior Data Scientist,Machine Learning|Data Viz|SQL,Business Acumen|Analytical Thinking|Presentation,Big Data|Deep Learning|Linear Algebra,IBM Data Science|AWS Machine Learning,High,Very High,165000,195000-940000,Yes,High,Low,Analyze complex data sets to help companies make data-driven decisions and build predictive models.
37,Diploma Holder,Background in Marketing & Digital Media,BSc Digital Marketing,Marketing,SEO Trainee,Content Strategist,Head of Digital,SEO/SEM|Content Creation|Social Media Ads,Communication|Empathy|Adaptability,Consumer Behavior|Digital Strategy|Brand Management,Google Digital Garage|HubSpot Inbound Marketing,High,High,70000,100000-250000,Yes,High,Medium,Promote products and services using digital channels to reach target audiences effectively.
38,Career Switcher,Cybersecurity Interest,BSc Cyber Security,Information Security,SOC Analyst,Cyber Security Specialist,Cyber Security Manager,Risk Assessment|Network Security|Ethical Hacking,Calm Under Pressure|Perseverance|Ethics,Cryptography|Malware Analysis|Network Protocols,CISSP|CEH,Very High,Very High,205000,235000-550000,Yes,High,Low,Protect computer systems and networks from cyber attacks and unauthorized access.
39,O/L Completed,Cybersecurity Interest,BSc Cyber Security,Information Security,Security Analyst Trainee,Penetration Tester,Security Architect,Linux|Network Security|Risk Assessment,Calm Under Pressure|Perseverance|Ethics,Network Protocols|Malware Analysis|Digital Forensics,CISM|CompTIA Security+,Very High,Very High,195000,225000-1030000,Yes,High,Low,Protect computer systems and networks from cyber attacks and unauthorized access.
40,Diploma Holder,Background in Education & Teaching,BA/BSc / BEd Education,Education,Trainee Teacher,Teacher,Dean,Student Assessment|Lesson Planning|Educational Technology,Empathy|Public Speaking|Mentorship,Subject-Specific Focus|Educational Psychology|Teaching Methodology,TEFL/TESOL|Postgraduate Diploma in Education (PGDE),Medium,High,65000,95000-270000,Medium,High,Low,"Educate and mentor students, preparing them for academic and personal success."
41,Career Switcher,Data Analysis & AI Interest,BSc Data Science,Data Science,Data Analyst,Machine Learning Engineer,AI Research Scientist,SQL|Data Viz|Statistics,Curiosity|Analytical Thinking|Presentation,Probability|Deep Learning|Linear Algebra,IBM Data Science|Google Data Analytics,High,Very High,170000,200000-470000,Yes,High,Low,Analyze complex data sets to help companies make data-driven decisions and build predictive models.
42,Undergraduate,Background in Agriculture,BSc Agriculture,Agriculture & Agri-Business,Agricultural Assistant,Agricultural Officer,Senior Agronomist,"Pest Control|Agri-Tech (IoT, Drones)|Crop Management",Problem Solving|Team Management|Adaptability,Soil Science|Crop Science|Plant Biotechnology,Pesticide Application License|GAP Certification,Medium,Low,50000,80000-420000,No,Low,Medium,"Manage farming operations, improve crop yields, and implement sustainable agricultural practices."
43,Graduate,Background in Cybersecurity,BSc Cyber Security,Information Security,Junior Penetration Tester,Security Engineer,Security Architect,Network Security|Ethical Hacking|Linux,Perseverance|Analytical Thinking|Calm Under Pressure,Digital Forensics|Network Protocols|Malware Analysis,CompTIA Security+|CEH,Very High,Very High,195000,225000-480000,Yes,High,Low,Protect computer systems and networks from cyber attacks and unauthorized access.
44,A/L Completed,Biological Science Stream - Chemistry focus,MBBS Medicine,Healthcare - Medical,Pre-Intern Medical Officer,General Practitioner,Consultant Specialist,Medical Procedures|Pharmacology|Diagnosis,Communication|Ethics|Decision Making Under Pressure,Pediatrics|Surgery|Pathology,MD/MS (Sri Lanka)|MRCP,Very High,Very High,235000,265000-1210000,No,Low,Low,"Diagnose and treat illnesses, injuries, and health conditions in patients."
45,Career Switcher,Law & Justice Interest,LLB Law,Legal Services,Apprentice,Attorney-at-Law,Judge,Legal Research|Litigation|Drafting Contracts,Public Speaking|Negotiation|Argumentation,Corporate Law|Constitutional Law|Contract Law,Notary Public|Attorney-at-Law (Sri Lanka Law College),Medium,Medium,95000,125000-650000,No,Medium,Medium,"Advise and represent clients in legal matters, draft documents, and ensure legal compliance."
46,O/L Completed,Data Analysis & AI Interest,BSc Data Science,Data Science,Data Analyst,Machine Learning Engineer,Chief Data Officer,Machine Learning|Statistics|Data Viz,Curiosity|Presentation|Analytical Thinking,Deep Learning|Big Data|Probability,Google Data Analytics|AWS Machine Learning,High,Very High,185000,215000-400000,Yes,High,Low,Analyze complex data sets to help companies make data-driven decisions and build predictive models.
47,A/L Pending,Arts Stream - Languages focus,BA/BSc Psychology,Psychology,Counseling Trainee,Clinical Psychologist,Consultant Psychologist,Psychological Assessment|Research Methodology|Therapy Techniques (CBT),Empathy|Active Listening|Confidentiality,Counseling|Developmental Psychology|Cognitive Psychology,Mental Health First Aid|Clinical Psychology Masters,Medium,High,55000,85000-210000,Yes,High,Low,Study human behavior and help individuals navigate mental health and emotional challenges.
48,A/L Completed,Commerce Stream - Accounting focus,BSc Accounting and Finance,Finance,Accounts Assistant,Accountant,Finance Manager,Taxation|Excel|Financial Reporting,Analytical Thinking|Ethics|Integrity,Management Accounting|Corporate Finance|Economics,CIMA|CA Sri Lanka,High,High,75000,105000-520000,Yes,Medium,High,"Manage financial records, analyze financial data, and ensure legal tax compliance for organizations."
49,Diploma Holder,Background in IT / Programming,BSc Computer Science,Software Engineering,Junior Software Developer,Full Stack Developer,Software Architect,Problem Solving|Programming|Git,Critical Thinking|Communication|Teamwork,Math for CS|Software Patterns|Databases,Azure Fundamentals|AWS Certified Developer,Very High,Very High,125000,155000-520000,Yes,High,Medium,"Design, build, and maintain software applications and systems for various platforms."
50,O/L Completed,IT / Programming Interest,BSc Computer Science,Software Engineering,Junior Software Developer,Full Stack Developer,Senior Developer,Algorithms|Problem Solving|Programming,Critical Thinking|Teamwork|Time Management,Software Patterns|Math for CS|Databases,Scrum Master|Azure Fundamentals,Very High,Very High,165000,195000-730000,Yes,High,Medium,"Design, build, and maintain software applications and systems for various platforms."
51,Career Switcher,Architecture & Built Environment Interest,BArch Architecture,Architecture,Design Intern,Architect,Principal Architect,SketchUp|Building Codes|AutoCAD,Creativity|Communication|Attention to Detail,Structural Design|Architectural Design|Building Materials,Chartered Architect (AIA)|LEED Green Associate,Medium,Medium,100000,130000-440000,Medium,High,Medium,"Design buildings and structures that are functional, safe, and aesthetically pleasing."
52,Career Switcher,Education & Teaching Interest,BA/BSc / BEd Education,Education,Tutor,Teacher,Principal,Student Assessment|Curriculum Development|Educational Technology,Mentorship|Patience|Public Speaking,Subject-Specific Focus|Teaching Methodology|Curriculum Design,Postgraduate Diploma in Education (PGDE)|TEFL/TESOL,Medium,High,65000,95000-310000,Medium,High,Low,"Educate and mentor students, preparing them for academic and personal success."
53,A/L Completed,Biological Science Stream - Biology focus,BSc Nursing,Healthcare - Nursing,Trainee Staff Nurse,ICU Nurse,Chief Nursing Officer,Patient Care|Infection Control|First Aid,Resilience|Patience|Communication,Nursing Foundations|Medical-Surgical Nursing|Pharmacology,Specialized Nursing Certifications|BLS,High,Very High,85000,115000-170000,No,Low,Low,"Provide care to patients, administer medications, and assist doctors in medical treatments."
54,A/L Completed,Arts Stream - Logic/Media focus,BSc Data Science,Data Science,BI Analyst,Data Scientist,Chief Data Officer,Statistics|Python|Machine Learning,Curiosity|Business Acumen|Presentation,Big Data|Probability|Linear Algebra,IBM Data Science|AWS Machine Learning,High,Very High,120000,150000-880000,Yes,High,Low,Analyze complex data sets to help companies make data-driven decisions and build predictive models.
55,Diploma Holder,Background in Agriculture,BSc Agriculture,Agriculture & Agri-Business,Farm Supervisor,Agronomist,Senior Agronomist,"Agri-Tech (IoT, Drones)|Crop Management|Pest Control",Physical Endurance|Adaptability|Team Management,Soil Science|Agricultural Economics|Crop Science,GAP Certification|Pesticide Application License,Medium,Low,85000,115000-170000,No,Low,Medium,"Manage farming operations, improve crop yields, and implement sustainable agricultural practices."
56,O/L Completed,Healthcare Caregiving Interest,BSc Nursing,Healthcare - Nursing,Assistant Nurse,ICU Nurse,Nursing Sister,Infection Control|Vital Signs Monitoring|First Aid,Empathy|Resilience|Patience,Psychology|Nursing Foundations|Pharmacology,ACLS|Specialized Nursing Certifications,High,Very High,75000,105000-180000,No,Low,Low,"Provide care to patients, administer medications, and assist doctors in medical treatments."
57,Diploma Holder,Background in Marketing & Digital Media,BSc Digital Marketing,Marketing,Social Media Coordinator,Content Strategist,Chief Marketing Officer,SEO/SEM|Social Media Ads|Google Analytics,Creativity|Adaptability|Empathy,Digital Strategy|Brand Management|Market Research,Meta Blueprint|HubSpot Inbound Marketing,High,High,75000,105000-380000,Yes,High,Medium,Promote products and services using digital channels to reach target audiences effectively.
58,Undergraduate,Background in Design & Multimedia,BA Graphic Design / Diploma in Multimedia,Design,UI/UX Intern,Graphic Designer,Lead Product Designer,Adobe Illustrator|Figma|Color Theory,Attention to Detail|Time Management|Creativity,User Experience|Digital Art|Design Principles,Adobe Certified Professional|Google UX Design,High,High,65000,95000-510000,Yes,High,High,"Create visual concepts to communicate ideas that inspire, inform, and captivate consumers."
59,Undergraduate,Background in Architecture & Built Environment,BArch Architecture,Architecture,Design Intern,Interior Designer,Senior Architect,3D Rendering|SketchUp|AutoCAD,Creativity|Communication|Visualization,Building Materials|Structural Design|Architectural Design,LEED Green Associate|Chartered Architect (AIA),Medium,Medium,70000,100000-420000,Medium,High,Medium,"Design buildings and structures that are functional, safe, and aesthetically pleasing."
60,Undergraduate,Background in Architecture & Built Environment,BArch Architecture,Architecture,Design Intern,Architect,Design Director,3D Rendering|Building Codes|AutoCAD,Attention to Detail|Visualization|Communication,Structural Design|Building Materials|Architectural Design,LEED Green Associate|Chartered Architect (AIA),Medium,Medium,100000,130000-290000,Medium,High,Medium,"Design buildings and structures that are functional, safe, and aesthetically pleasing."
61,A/L Completed,Arts Stream - Languages focus,BA/BSc / BEd Education,Education,Trainee Teacher,Instructor,Senior Teacher,Lesson Planning|Curriculum Development|Student Assessment,Empathy|Public Speaking|Patience,Teaching Methodology|Subject-Specific Focus|Curriculum Design,Postgraduate Diploma in Education (PGDE)|TEFL/TESOL,Medium,High,55000,85000-170000,Medium,High,Low,"Educate and mentor students, preparing them for academic and personal success."
62,Diploma Holder,Background in Psychology & Counseling,BA/BSc Psychology,Psychology,Assistant Psychologist,Organizational Psychologist,Consultant Psychologist,Psychological Assessment|Research Methodology|Therapy Techniques (CBT),Patience|Confidentiality|Empathy,Cognitive Psychology|Counseling|Developmental Psychology,Clinical Psychology Masters|Counseling Diploma,Medium,High,50000,80000-480000,Yes,High,Low,Study human behavior and help individuals navigate mental health and emotional challenges.
63,A/L Completed,Physical Science Stream - Chemistry/IT focus,BSc Mechanical Engineering,Mechanical Engineering,Junior Mechanical Engineer,Mechanical Engineer,Engineering Director,Robotics|CAD/CAM|Quality Control,Innovation|Attention to Detail|Troubleshooting,Fluid Mechanics|Control Systems|Machine Design,Six Sigma|SolidWorks Certification,Medium,High,130000,160000-410000,No,Low,Medium,"Design, develop, build, and test mechanical and thermal sensors and devices."
64,Graduate,Background in Design & Multimedia,BA Graphic Design / Diploma in Multimedia,Design,Visual Designer,UI/UX Designer,Lead Product Designer,Figma|Photoshop|Color Theory,Receptivity to Feedback|Creativity|Time Management,Visual Communication|Digital Art|User Experience,Google UX Design|Adobe Certified Professional,High,High,95000,125000-330000,Yes,High,High,"Create visual concepts to communicate ideas that inspire, inform, and captivate consumers."
65,Undergraduate,Background in Construction & Structures,BSc Civil Engineering,Civil Engineering,Junior Civil Engineer,Structural Engineer,Construction Manager,Project Management|AutoCAD|Surveying,Leadership|Problem Solving|Teamwork,Structural Design|Geotechnical Engineering|Materials Science,PMP|AutoCAD Certification,Medium,Medium,70000,100000-390000,No,Low,Low,"Design, build, and supervise infrastructure projects and systems."
66,Career Switcher,Cybersecurity Interest,BSc Cyber Security,Information Security,Security Analyst Trainee,Security Engineer,Chief Information Security Officer (CISO),Risk Assessment|Network Security|Linux,Perseverance|Calm Under Pressure|Ethics,Network Protocols|Malware Analysis|Digital Forensics,CEH|CISSP,Very High,Very High,175000,205000-910000,Yes,High,Low,Protect computer systems and networks from cyber attacks and unauthorized access.
67,Career Switcher,Healthcare Caregiving Interest,BSc Nursing,Healthcare - Nursing,Trainee Staff Nurse,Registered Nurse,Nursing Sister,Infection Control|First Aid|Patient Care,Empathy|Resilience|Communication,Medical-Surgical Nursing|Pharmacology|Nursing Foundations,BLS|ACLS,High,Very High,75000,105000-480000,No,Low,Low,"Provide care to patients, administer medications, and assist doctors in medical treatments."
68,A/L Pending,Arts Stream - Languages focus,BSc Human Resource Management,Human Resources,Payroll Clerk,Talent Acquisition Specialist,HR Director,"HRIS (Workday, BambooHR)|Recruitment|Labor Law Knowledge",Communication|Negotiation|Conflict Resolution,Labor Law|Performance Management|Organizational Behavior,SHRM-CP|CIPM,Medium,Medium,60000,90000-590000,Yes,Low,Medium,"Manage the recruitment, development, and wellbeing of an organization's employees."
69,A/L Pending,Technology Stream - ET/BST focus,BSc Supply Chain Management,Logistics,Procurement Trainee,Warehouse Manager,Procurement Director,ERP Software (SAP/Oracle)|Inventory Management|Freight Forwarding,Time Management|Negotiation|Problem Solving,Inventory Control|Transportation Management|Global Supply Chain,Six Sigma|CSCP,High,High,105000,135000-350000,No,Low,Medium,Oversee the movement of goods from suppliers to consumers efficiently and cost-effectively.
70,O/L Completed,Marketing & Digital Media Interest,BSc Digital Marketing,Marketing,Marketing Assistant,Digital Marketing Executive,Marketing Director,SEO/SEM|Social Media Ads|Content Creation,Communication|Adaptability|Empathy,Digital Strategy|Consumer Behavior|Brand Management,Google Digital Garage|Meta Blueprint,High,High,115000,145000-320000,Yes,High,Medium,Promote products and services using digital channels to reach target audiences effectively.
71,A/L Completed,Technology Stream - ET/BST focus,BSc Hospitality Management,Tourism,Tour Guide,Tour Operations Manager,General Manager (Hotel),Property Management Systems|Event Planning|Languages,Interpersonal Skills|Problem Solving|Cultural Awareness,HR in Hospitality|Hospitality Operations|Food & Beverage Management,IATA Certification|Food Safety Certification,High,Medium,95000,125000-240000,No,Medium,High,"Manage operations in hotels, resorts, and coordinate travel experiences for tourists."
72,A/L Completed,Physical Science Stream - Physics focus,BSc Computer Science,Software Engineering,Junior Software Developer,Backend Engineer,Tech Lead,Problem Solving|Algorithms|Programming,Communication|Time Management|Critical Thinking,Software Patterns|Databases|Operating Systems,Scrum Master|Azure Fundamentals,Very High,Very High,100000,130000-620000,Yes,High,Medium,"Design, build, and maintain software applications and systems for various platforms."
73,A/L Completed,Physical Science Stream - Chemistry/IT focus,BSc Agriculture,Agriculture & Agri-Business,Field Officer,Agronomist,Senior Agronomist,Pest Control|Crop Management|Soil Science,Physical Endurance|Adaptability|Team Management,Soil Science|Agricultural Economics|Crop Science,GAP Certification|Pesticide Application License,Medium,Low,85000,115000-380000,No,Low,Medium,"Manage farming operations, improve crop yields, and implement sustainable agricultural practices."
74,Diploma Holder,Background in Data Analysis & AI,BSc Data Science,Data Science,Junior Data Scientist,Data Scientist,Chief Data Officer,Python|Statistics|Data Viz,Business Acumen|Analytical Thinking|Presentation,Deep Learning|Linear Algebra|Big Data,AWS Machine Learning|IBM Data Science,High,Very High,175000,205000-440000,Yes,High,Low,Analyze complex data sets to help companies make data-driven decisions and build predictive models.
75,Career Switcher,Psychology & Counseling Interest,BA/BSc Psychology,Psychology,Counseling Trainee,Clinical Psychologist,Director of Mental Health Services,Research Methodology|Therapy Techniques (CBT)|Psychological Assessment,Empathy|Active Listening|Confidentiality,Abnormal Psychology|Counseling|Cognitive Psychology,Mental Health First Aid|Counseling Diploma,Medium,High,60000,90000-480000,Yes,High,Low,Study human behavior and help individuals navigate mental health and emotional challenges.
76,Undergraduate,Background in Business Management,BBA Business Management,Business Operations,Business Coordinator,Business Analyst,Chief Operating Officer,Budgeting|Project Management|Strategic Planning,Problem Solving|Decision Making|Leadership,Organizational Behavior|Strategic Management|Marketing,Agile PM|PMP,Medium,High,105000,135000-750000,Yes,Medium,Low,Oversee the day-to-day operations of a company to ensure efficiency and profitability.
77,A/L Completed,Commerce Stream - Business focus,BSc Digital Marketing,Marketing,Social Media Coordinator,Digital Marketing Executive,Marketing Director,SEO/SEM|Content Creation|Google Analytics,Empathy|Adaptability|Communication,Brand Management|Market Research|Consumer Behavior,HubSpot Inbound Marketing|Google Digital Garage,High,High,65000,95000-530000,Yes,High,Medium,Promote products and services using digital channels to reach target audiences effectively.
78,O/L Completed,Accounting & Finance Interest,BSc Accounting and Finance,Finance,Audit Trainee,Tax Executive,Senior Auditor,Financial Reporting|ERP Systems|Excel,Integrity|Analytical Thinking|Attention to Detail,Auditing|Management Accounting|Economics,ACCA|CA Sri Lanka,High,High,115000,145000-600000,Yes,Medium,High,"Manage financial records, analyze financial data, and ensure legal tax compliance for organizations."
79,Undergraduate,Background in Mechanical Systems,BSc Mechanical Engineering,Mechanical Engineering,Junior Mechanical Engineer,Maintenance Engineer,Engineering Director,Thermodynamics|Quality Control|Robotics,Innovation|Analytical Thinking|Attention to Detail,Machine Design|Control Systems|Thermodynamics,SolidWorks Certification|Six Sigma,Medium,High,80000,110000-670000,No,Low,Medium,"Design, develop, build, and test mechanical and thermal sensors and devices."
80,Career Switcher,Law & Justice Interest,LLB Law,Legal Services,Apprentice,Attorney-at-Law,Senior Counsel,Compliance|Litigation|Drafting Contracts,Argumentation|Analytical Thinking|Negotiation,Corporate Law|Contract Law|Constitutional Law,Attorney-at-Law (Sri Lanka Law College)|Notary Public,Medium,Medium,80000,110000-290000,No,Medium,Medium,"Advise and represent clients in legal matters, draft documents, and ensure legal compliance."
81,A/L Pending,Technology Stream - ET/BST focus,BSc Information Technology / Diploma in Networking,IT Infrastructure,Junior Systems Administrator,Systems Administrator,IT Infrastructure Manager,Linux/Windows Server|Routing & Switching|Cloud Computing (AWS/Azure),Troubleshooting|Customer Service|Reliability,System Administration|Computer Networks|Operating Systems,CCNP|CompTIA Network+,High,High,130000,160000-370000,Yes,Low,Medium,"Design, install, and maintain the computer networks and systems that organizations rely on."
82,A/L Pending,Arts Stream - Logic/Media focus,BSc Accounting and Finance,Finance,Junior Accountant,Accountant,Finance Manager,ERP Systems|Excel|Financial Reporting,Attention to Detail|Analytical Thinking|Ethics,Management Accounting|Economics|Auditing,CIMA|CA Sri Lanka,High,High,65000,95000-410000,Yes,Medium,High,"Manage financial records, analyze financial data, and ensure legal tax compliance for organizations."
83,A/L Completed,Commerce Stream - Accounting focus,BA/BSc Psychology,Psychology,Counseling Trainee,Organizational Psychologist,Director of Mental Health Services,Research Methodology|Psychological Assessment|Therapy Techniques (CBT),Empathy|Patience|Confidentiality,Developmental Psychology|Counseling|Abnormal Psychology,Counseling Diploma|Mental Health First Aid,Medium,High,85000,115000-300000,Yes,High,Low,Study human behavior and help individuals navigate mental health and emotional challenges.
84,O/L Completed,Logistics & Supply Chain Interest,BSc Supply Chain Management,Logistics,Warehouse Assistant,Logistics Analyst,Chief Supply Chain Officer,Data Analysis|Freight Forwarding|ERP Software (SAP/Oracle),Negotiation|Leadership|Time Management,Global Supply Chain|Procurement|Inventory Control,CIPS|CSCP,High,High,115000,145000-540000,No,Low,Medium,Oversee the movement of goods from suppliers to consumers efficiently and cost-effectively.
85,Career Switcher,Marketing & Digital Media Interest,BSc Digital Marketing,Marketing,Marketing Assistant,Digital Marketing Executive,Head of Digital,Social Media Ads|Google Analytics|SEO/SEM,Empathy|Creativity|Adaptability,Digital Strategy|Market Research|Brand Management,Meta Blueprint|HubSpot Inbound Marketing,High,High,65000,95000-320000,Yes,High,Medium,Promote products and services using digital channels to reach target audiences effectively.
86,O/L Completed,Construction & Structures Interest,BSc Civil Engineering,Civil Engineering,Structural Trainee,Project Engineer,Senior Civil Engineer,Surveying|Structural Analysis|AutoCAD,Risk Management|Teamwork|Leadership,Fluid Mechanics|Materials Science|Structural Design,AutoCAD Certification|Chartered Engineer (CEng),Medium,Medium,95000,125000-640000,No,Low,Low,"Design, build, and supervise infrastructure projects and systems."
87,Diploma Holder,Background in Law & Justice,LLB Law,Legal Services,Legal Assistant,Attorney-at-Law,Judge,Compliance|Drafting Contracts|Legal Research,Negotiation|Argumentation|Public Speaking,Constitutional Law|Corporate Law|Criminal Law,Notary Public|Attorney-at-Law (Sri Lanka Law College),Medium,Medium,50000,80000-800000,No,Medium,Medium,"Advise and represent clients in legal matters, draft documents, and ensure legal compliance."
88,A/L Completed,Technology Stream - ET/BST focus,BSc Mechanical Engineering,Mechanical Engineering,Maintenance Engineer Trainee,Production Engineer,Engineering Director,Robotics|Thermodynamics|CAD/CAM,Attention to Detail|Innovation|Analytical Thinking,Fluid Mechanics|Control Systems|Thermodynamics,Chartered Engineer (CEng)|SolidWorks Certification,Medium,High,90000,120000-520000,No,Low,Medium,"Design, develop, build, and test mechanical and thermal sensors and devices."
89,O/L Completed,Healthcare Caregiving Interest,BSc Nursing,Healthcare - Nursing,Student Nurse,Staff Nurse,Matron,Patient Care|Infection Control|Vital Signs Monitoring,Communication|Patience|Empathy,Psychology|Nursing Foundations|Medical-Surgical Nursing,BLS|Specialized Nursing Certifications,High,Very High,65000,95000-180000,No,Low,Low,"Provide care to patients, administer medications, and assist doctors in medical treatments."
90,Career Switcher,Architecture & Built Environment Interest,BArch Architecture,Architecture,Design Intern,Project Architect,Design Director,AutoCAD|SketchUp|Revit,Visualization|Communication|Creativity,Structural Design|Building Materials|History of Architecture,Chartered Architect (AIA)|LEED Green Associate,Medium,Medium,115000,145000-490000,Medium,High,Medium,"Design buildings and structures that are functional, safe, and aesthetically pleasing."
91,A/L Pending,Arts Stream - Languages focus,BSc Data Science,Data Science,Junior Data Scientist,Machine Learning Engineer,Chief Data Officer,Data Viz|Python|SQL,Analytical Thinking|Presentation|Curiosity,Big Data|Probability|Deep Learning,Google Data Analytics|IBM Data Science,High,Very High,190000,220000-820000,Yes,High,Low,Analyze complex data sets to help companies make data-driven decisions and build predictive models.
92,Graduate,Background in Data Analysis & AI,BSc Data Science,Data Science,BI Analyst,Data Scientist,Senior Data Scientist,Python|Data Viz|SQL,Curiosity|Business Acumen|Analytical Thinking,Linear Algebra|Deep Learning|Probability,AWS Machine Learning|IBM Data Science,High,Very High,160000,190000-810000,Yes,High,Low,Analyze complex data sets to help companies make data-driven decisions and build predictive models.
93,Diploma Holder,Background in Psychology & Counseling,BA/BSc Psychology,Psychology,Assistant Psychologist,Clinical Psychologist,Director of Mental Health Services,Psychological Assessment|Therapy Techniques (CBT)|Research Methodology,Empathy|Confidentiality|Patience,Abnormal Psychology|Developmental Psychology|Cognitive Psychology,Clinical Psychology Masters|Mental Health First Aid,Medium,High,95000,125000-200000,Yes,High,Low,Study human behavior and help individuals navigate mental health and emotional challenges.
94,Graduate,Background in Law & Justice,LLB Law,Legal Services,Apprentice,Corporate Counsel,Judge,Compliance|Legal Research|Drafting Contracts,Public Speaking|Negotiation|Analytical Thinking,Criminal Law|Corporate Law|Constitutional Law,Notary Public|Attorney-at-Law (Sri Lanka Law College),Medium,Medium,55000,85000-700000,No,Medium,Medium,"Advise and represent clients in legal matters, draft documents, and ensure legal compliance."
95,Diploma Holder,Background in Architecture & Built Environment,BArch Architecture,Architecture,Architect Assistant,Architect,Senior Architect,Building Codes|SketchUp|3D Rendering,Communication|Visualization|Attention to Detail,Building Materials|History of Architecture|Structural Design,Chartered Architect (AIA)|LEED Green Associate,Medium,Medium,60000,90000-280000,Medium,High,Medium,"Design buildings and structures that are functional, safe, and aesthetically pleasing."
96,Undergraduate,Background in Healthcare Caregiving,BSc Nursing,Healthcare - Nursing,Student Nurse,Staff Nurse,Matron,First Aid|Vital Signs Monitoring|Patient Care,Communication|Resilience|Patience,Pharmacology|Nursing Foundations|Medical-Surgical Nursing,Specialized Nursing Certifications|ACLS,High,Very High,90000,120000-160000,No,Low,Low,"Provide care to patients, administer medications, and assist doctors in medical treatments."
97,Undergraduate,Background in IT / Programming,BSc Computer Science,Software Engineering,Associate Software Engineer,Software Engineer,Senior Developer,Problem Solving|Git|Programming,Communication|Time Management|Teamwork,Databases|Math for CS|Software Patterns,Azure Fundamentals|Scrum Master,Very High,Very High,175000,205000-650000,Yes,High,Medium,"Design, build, and maintain software applications and systems for various platforms."
98,O/L Completed,Architecture & Built Environment Interest,BArch Architecture,Architecture,Architect Assistant,Project Architect,Design Director,3D Rendering|Revit|AutoCAD,Communication|Visualization|Creativity,Architectural Design|History of Architecture|Building Materials,LEED Green Associate|Chartered Architect (AIA),Medium,Medium,80000,110000-570000,Medium,High,Medium,"Design buildings and structures that are functional, safe, and aesthetically pleasing."
99,Undergraduate,Background in Human Resource Management,BSc Human Resource Management,Human Resources,Payroll Clerk,Employee Relations Manager,VP of People,"Labor Law Knowledge|Recruitment|HRIS (Workday, BambooHR)",Empathy|Negotiation|Conflict Resolution,Organizational Behavior|Compensation|Labor Law,CIPM|PHR,Medium,Medium,105000,135000-500000,Yes,Low,Medium,"Manage the recruitment, development, and wellbeing of an organization's employees."
100,O/L Completed,Human Resource Management Interest,BSc Human Resource Management,Human Resources,Recruitment Trainee,Talent Acquisition Specialist,HR Director,Labor Law Knowledge|Payroll Management|Recruitment,Negotiation|Communication|Conflict Resolution,Compensation|Organizational Behavior|Performance Management,SHRM-CP|PHR,Medium,Medium,60000,90000-430000,Yes,Low,Medium,"Manage the recruitment, development, and wellbeing of an organization's employees."
101,A/L Completed,Biological Science Stream - Chemistry focus,BSc Nursing,Healthcare - Nursing,Trainee Staff Nurse,Registered Nurse,Nursing Sister,First Aid|Patient Care|Vital Signs Monitoring,Communication|Empathy|Resilience,Medical-Surgical Nursing|Pharmacology|Psychology,BLS|ACLS,High,Very High,65000,95000-230000,No,Low,Low,"Provide care to patients, administer medications, and assist doctors in medical treatments."
102,A/L Completed,Technology Stream - IT focus,BA/BSc / BEd Education,Education,Trainee Teacher,Lecturer,Principal,Curriculum Development|Educational Technology|Lesson Planning,Patience|Public Speaking|Mentorship,Teaching Methodology|Educational Psychology|Curriculum Design,TEFL/TESOL|Postgraduate Diploma in Education (PGDE),Medium,High,65000,95000-330000,Medium,High,Low,"Educate and mentor students, preparing them for academic and personal success."
103,Graduate,Background in Law & Justice,LLB Law,Legal Services,Junior Lawyer,Legal Consultant,Partner,Legal Research|Compliance|Litigation,Negotiation|Public Speaking|Analytical Thinking,Contract Law|Corporate Law|Constitutional Law,Attorney-at-Law (Sri Lanka Law College)|Notary Public,Medium,Medium,95000,125000-290000,No,Medium,Medium,"Advise and represent clients in legal matters, draft documents, and ensure legal compliance."
104,A/L Completed,Commerce Stream - Business focus,BSc Data Science,Data Science,Data Analyst,Data Engineer,AI Research Scientist,SQL|Python|Statistics,Presentation|Business Acumen|Curiosity,Linear Algebra|Big Data|Probability,Google Data Analytics|AWS Machine Learning,High,Very High,165000,195000-420000,Yes,High,Low,Analyze complex data sets to help companies make data-driven decisions and build predictive models.
105,Undergraduate,Background in Logistics & Supply Chain,BSc Supply Chain Management,Logistics,Procurement Trainee,Warehouse Manager,Director of Operations,Inventory Management|Data Analysis|ERP Software (SAP/Oracle),Time Management|Leadership|Negotiation,Global Supply Chain|Procurement|Inventory Control,CSCP|CIPS,High,High,65000,95000-630000,No,Low,Medium,Oversee the movement of goods from suppliers to consumers efficiently and cost-effectively.
106,Career Switcher,Networking Interest,BSc Information Technology / Diploma in Networking,IT Infrastructure,Network Support Engineer,Systems Administrator,IT Infrastructure Manager,Cloud Computing (AWS/Azure)|Linux/Windows Server|Routing & Switching,Communication|Troubleshooting|Customer Service,Operating Systems|System Administration|Computer Networks,CCNA|CompTIA Network+,High,High,90000,120000-350000,Yes,Low,Medium,"Design, install, and maintain the computer networks and systems that organizations rely on."
107,O/L Completed,Architecture & Built Environment Interest,BArch Architecture,Architecture,Architect Assistant,Interior Designer,Senior Architect,Building Codes|3D Rendering|AutoCAD,Visualization|Attention to Detail|Creativity,Building Materials|History of Architecture|Structural Design,Chartered Architect (AIA)|LEED Green Associate,Medium,Medium,95000,125000-250000,Medium,High,Medium,"Design buildings and structures that are functional, safe, and aesthetically pleasing."
108,Diploma Holder,Background in Human Resource Management,BSc Human Resource Management,Human Resources,Recruitment Trainee,Employee Relations Manager,HR Director,"Payroll Management|Labor Law Knowledge|HRIS (Workday, BambooHR)",Communication|Conflict Resolution|Empathy,Performance Management|Organizational Behavior|Labor Law,PHR|SHRM-CP,Medium,Medium,85000,115000-490000,Yes,Low,Medium,"Manage the recruitment, development, and wellbeing of an organization's employees."
109,O/L Completed,Human Resource Management Interest,BSc Human Resource Management,Human Resources,Payroll Clerk,Employee Relations Manager,HR Director,Payroll Management|Labor Law Knowledge|Recruitment,Empathy|Conflict Resolution|Negotiation,Labor Law|Compensation|Performance Management,CIPM|PHR,Medium,Medium,65000,95000-180000,Yes,Low,Medium,"Manage the recruitment, development, and wellbeing of an organization's employees."
110,Career Switcher,Logistics & Supply Chain Interest,BSc Supply Chain Management,Logistics,Procurement Trainee,Logistics Analyst,Chief Supply Chain Officer,Inventory Management|Data Analysis|ERP Software (SAP/Oracle),Leadership|Problem Solving|Time Management,Procurement|Global Supply Chain|Inventory Control,Six Sigma|CIPS,High,High,115000,145000-370000,No,Low,Medium,Oversee the movement of goods from suppliers to consumers efficiently and cost-effectively.
111,Graduate,Background in Medicine,MBBS Medicine,Healthcare - Medical,Medical Intern,Medical Officer,Hospital Director,Diagnosis|Pharmacology|Medical Procedures,Empathy|Decision Making Under Pressure|Communication,Physiology|Surgery|Pediatrics,MD/MS (Sri Lanka)|MRCP,Very High,Very High,205000,235000-910000,No,Low,Low,"Diagnose and treat illnesses, injuries, and health conditions in patients."
112,Graduate,Background in Construction & Structures,BSc Civil Engineering,Civil Engineering,Site Engineer,Civil Engineer,Engineering Director,Structural Analysis|Surveying|AutoCAD,Risk Management|Teamwork|Problem Solving,Geotechnical Engineering|Materials Science|Fluid Mechanics,AutoCAD Certification|Chartered Engineer (CEng),Medium,Medium,110000,140000-300000,No,Low,Low,"Design, build, and supervise infrastructure projects and systems."
113,A/L Pending,Technology Stream - ET/BST focus,BSc Data Science,Data Science,Junior Data Scientist,Machine Learning Engineer,AI Research Scientist,Machine Learning|Statistics|Data Viz,Presentation|Analytical Thinking|Business Acumen,Big Data|Probability|Linear Algebra,IBM Data Science|Google Data Analytics,High,Very High,135000,165000-640000,Yes,High,Low,Analyze complex data sets to help companies make data-driven decisions and build predictive models.
114,A/L Completed,Arts Stream - History focus,BArch Architecture,Architecture,Junior Draftsman,Project Architect,Senior Architect,3D Rendering|AutoCAD|Building Codes,Attention to Detail|Visualization|Communication,Building Materials|Architectural Design|Structural Design,Chartered Architect (AIA)|LEED Green Associate,Medium,Medium,90000,120000-540000,Medium,High,Medium,"Design buildings and structures that are functional, safe, and aesthetically pleasing."
115,O/L Completed,Marketing & Digital Media Interest,BSc Digital Marketing,Marketing,Social Media Coordinator,SEO Specialist,Head of Digital,Google Analytics|SEO/SEM|Content Creation,Creativity|Empathy|Adaptability,Market Research|Consumer Behavior|Brand Management,Google Digital Garage|HubSpot Inbound Marketing,High,High,100000,130000-240000,Yes,High,Medium,Promote products and services using digital channels to reach target audiences effectively.
116,O/L Completed,Law & Justice Interest,LLB Law,Legal Services,Apprentice,Corporate Counsel,Judge,Compliance|Drafting Contracts|Legal Research,Negotiation|Public Speaking|Argumentation,Criminal Law|Constitutional Law|Corporate Law,Notary Public|Attorney-at-Law (Sri Lanka Law College),Medium,Medium,70000,100000-570000,No,Medium,Medium,"Advise and represent clients in legal matters, draft documents, and ensure legal compliance."
117,Graduate,Background in Accounting & Finance,BSc Accounting and Finance,Finance,Accounts Assistant,Accountant,Senior Auditor,Excel|Financial Reporting|Taxation,Analytical Thinking|Ethics|Integrity,Corporate Finance|Management Accounting|Economics,CMA|CA Sri Lanka,High,High,60000,90000-550000,Yes,Medium,High,"Manage financial records, analyze financial data, and ensure legal tax compliance for organizations."
118,Graduate,Background in Human Resource Management,BSc Human Resource Management,Human Resources,Payroll Clerk,HR Manager,HR Director,"HRIS (Workday, BambooHR)|Payroll Management|Recruitment",Negotiation|Empathy|Conflict Resolution,Performance Management|Compensation|Labor Law,SHRM-CP|CIPM,Medium,Medium,85000,115000-310000,Yes,Low,Medium,"Manage the recruitment, development, and wellbeing of an organization's employees."
119,A/L Completed,Arts Stream - Logic/Media focus,LLB Law,Legal Services,Junior Lawyer,Corporate Counsel,Chief Legal Officer,Legal Research|Compliance|Drafting Contracts,Public Speaking|Argumentation|Analytical Thinking,Criminal Law|Contract Law|Constitutional Law,Attorney-at-Law (Sri Lanka Law College)|Notary Public,Medium,Medium,50000,80000-950000,No,Medium,Medium,"Advise and represent clients in legal matters, draft documents, and ensure legal compliance."
120,Undergraduate,Background in Healthcare Caregiving,BSc Nursing,Healthcare - Nursing,Trainee Staff Nurse,Staff Nurse,Nursing Sister,Infection Control|First Aid|Vital Signs Monitoring,Patience|Communication|Empathy,Psychology|Medical-Surgical Nursing|Pharmacology,ACLS|Specialized Nursing Certifications,High,Very High,75000,105000-260000,No,Low,Low,"Provide care to patients, administer medications, and assist doctors in medical treatments."
121,O/L Completed,Education & Teaching Interest,BA/BSc / BEd Education,Education,Tutor,Teacher,Dean,Lesson Planning|Educational Technology|Curriculum Development,Empathy|Patience|Mentorship,Educational Psychology|Curriculum Design|Subject-Specific Focus,Postgraduate Diploma in Education (PGDE)|TEFL/TESOL,Medium,High,65000,95000-260000,Medium,High,Low,"Educate and mentor students, preparing them for academic and personal success."
122,Diploma Holder,Background in IT / Programming,BSc Computer Science,Software Engineering,Junior Software Developer,Backend Engineer,Software Architect,Programming|Algorithms|Git,Teamwork|Critical Thinking|Communication,Software Patterns|Math for CS|Operating Systems,Azure Fundamentals|Scrum Master,Very High,Very High,160000,190000-750000,Yes,High,Medium,"Design, build, and maintain software applications and systems for various platforms."
123,O/L Completed,Accounting & Finance Interest,BSc Accounting and Finance,Finance,Audit Trainee,Financial Analyst,Chief Financial Officer (CFO),Financial Reporting|Taxation|ERP Systems,Ethics|Analytical Thinking|Attention to Detail,Management Accounting|Auditing|Corporate Finance,CMA|CIMA,High,High,90000,120000-580000,Yes,Medium,High,"Manage financial records, analyze financial data, and ensure legal tax compliance for organizations."
124,Graduate,Background in Law & Justice,LLB Law,Legal Services,Legal Assistant,Corporate Counsel,Partner,Litigation|Drafting Contracts|Legal Research,Negotiation|Argumentation|Analytical Thinking,Corporate Law|Contract Law|Constitutional Law,Notary Public|Attorney-at-Law (Sri Lanka Law College),Medium,Medium,65000,95000-820000,No,Medium,Medium,"Advise and represent clients in legal matters, draft documents, and ensure legal compliance."
125,A/L Completed,Commerce Stream - Business focus,BSc Accounting and Finance,Finance,Audit Trainee,Tax Executive,Finance Manager,Financial Reporting|ERP Systems|Excel,Attention to Detail|Analytical Thinking|Integrity,Corporate Finance|Auditing|Economics,CIMA|ACCA,High,High,100000,130000-570000,Yes,Medium,High,"Manage financial records, analyze financial data, and ensure legal tax compliance for organizations."
126,Career Switcher,Cybersecurity Interest,BSc Cyber Security,Information Security,SOC Analyst,Penetration Tester,Cyber Security Manager,Network Security|Ethical Hacking|Linux,Perseverance|Calm Under Pressure|Analytical Thinking,Cryptography|Network Protocols|Digital Forensics,CISSP|CEH,Very High,Very High,220000,250000-1190000,Yes,High,Low,Protect computer systems and networks from cyber attacks and unauthorized access.
127,A/L Completed,Biological Science Stream - Biology focus,BSc Nursing,Healthcare - Nursing,Student Nurse,Staff Nurse,Matron,First Aid|Patient Care|Vital Signs Monitoring,Resilience|Empathy|Communication,Nursing Foundations|Psychology|Pharmacology,Specialized Nursing Certifications|BLS,High,Very High,95000,125000-150000,No,Low,Low,"Provide care to patients, administer medications, and assist doctors in medical treatments."
128,Undergraduate,Background in Construction & Structures,BSc Civil Engineering,Civil Engineering,Structural Trainee,Civil Engineer,Senior Civil Engineer,Structural Analysis|AutoCAD|Surveying,Teamwork|Problem Solving|Risk Management,Geotechnical Engineering|Fluid Mechanics|Structural Design,PMP|AutoCAD Certification,Medium,Medium,90000,120000-640000,No,Low,Low,"Design, build, and supervise infrastructure projects and systems."
129,Diploma Holder,Background in Mechanical Systems,BSc Mechanical Engineering,Mechanical Engineering,Maintenance Engineer Trainee,Maintenance Engineer,Plant Manager,Quality Control|Thermodynamics|Robotics,Attention to Detail|Analytical Thinking|Troubleshooting,Machine Design|Thermodynamics|Fluid Mechanics,SolidWorks Certification|Chartered Engineer (CEng),Medium,High,105000,135000-510000,No,Low,Medium,"Design, develop, build, and test mechanical and thermal sensors and devices."
130,Graduate,Background in Education & Teaching,BA/BSc / BEd Education,Education,Teaching Assistant,Lecturer,Dean,Educational Technology|Curriculum Development|Lesson Planning,Patience|Public Speaking|Empathy,Curriculum Design|Teaching Methodology|Subject-Specific Focus,Postgraduate Diploma in Education (PGDE)|TEFL/TESOL,Medium,High,50000,80000-280000,Medium,High,Low,"Educate and mentor students, preparing them for academic and personal success."
131,Diploma Holder,Background in Networking,BSc Information Technology / Diploma in Networking,IT Infrastructure,Network Support Engineer,Systems Administrator,IT Infrastructure Manager,Cloud Computing (AWS/Azure)|Routing & Switching|Linux/Windows Server,Customer Service|Troubleshooting|Reliability,Operating Systems|Computer Networks|System Administration,AWS SysOps|CCNP,High,High,85000,115000-430000,Yes,Low,Medium,"Design, install, and maintain the computer networks and systems that organizations rely on."
132,Career Switcher,Agriculture Interest,BSc Agriculture,Agriculture & Agri-Business,Agricultural Assistant,Plantation Manager,Estate Superintendent,Soil Science|Crop Management|Pest Control,Problem Solving|Adaptability|Team Management,Soil Science|Plant Biotechnology|Crop Science,Pesticide Application License|GAP Certification,Medium,Low,70000,100000-450000,No,Low,Medium,"Manage farming operations, improve crop yields, and implement sustainable agricultural practices."
133,O/L Completed,Human Resource Management Interest,BSc Human Resource Management,Human Resources,HR Assistant,Talent Acquisition Specialist,HR Director,"Payroll Management|HRIS (Workday, BambooHR)|Recruitment",Communication|Conflict Resolution|Empathy,Compensation|Organizational Behavior|Labor Law,PHR|SHRM-CP,Medium,Medium,80000,110000-190000,Yes,Low,Medium,"Manage the recruitment, development, and wellbeing of an organization's employees."
134,Undergraduate,Background in Cybersecurity,BSc Cyber Security,Information Security,SOC Analyst,Cyber Security Specialist,Cyber Security Manager,Network Security|Linux|Ethical Hacking,Ethics|Analytical Thinking|Calm Under Pressure,Cryptography|Malware Analysis|Network Protocols,CISM|CISSP,Very High,Very High,220000,250000-1130000,Yes,High,Low,Protect computer systems and networks from cyber attacks and unauthorized access.
135,Diploma Holder,Background in Business Management,BBA Business Management,Business Operations,Management Trainee,Operations Manager,Operations Director,Budgeting|Project Management|Strategic Planning,Leadership|Negotiation|Decision Making,Organizational Behavior|Marketing|Strategic Management,PMP|Agile PM,Medium,High,145000,175000-490000,Yes,Medium,Low,Oversee the day-to-day operations of a company to ensure efficiency and profitability.
136,A/L Pending,Physical Science Stream - Chemistry/IT focus,BSc Hospitality Management,Tourism,Front Office Assistant,Tour Operations Manager,Resort Manager,Languages|Event Planning|Inventory Management,Interpersonal Skills|Customer Service|Problem Solving,HR in Hospitality|Tourism Marketing|Hospitality Operations,Food Safety Certification|Language Diplomas,High,Medium,80000,110000-500000,No,Medium,High,"Manage operations in hotels, resorts, and coordinate travel experiences for tourists."
137,Graduate,Background in Medicine,MBBS Medicine,Healthcare - Medical,Pre-Intern Medical Officer,General Practitioner,Chief Medical Officer,Pharmacology|Diagnosis|Patient Care,Empathy|Ethics|Communication,Surgery|Anatomy|Pathology,USMLE|MRCP,Very High,Very High,195000,225000-620000,No,Low,Low,"Diagnose and treat illnesses, injuries, and health conditions in patients."
138,Graduate,Background in IT / Programming,BSc Computer Science,Software Engineering,Junior Software Developer,Backend Engineer,Senior Developer,Algorithms|Data Structures|Programming,Communication|Critical Thinking|Time Management,Databases|Operating Systems|Software Patterns,AWS Certified Developer|Scrum Master,Very High,Very High,135000,165000-420000,Yes,High,Medium,"Design, build, and maintain software applications and systems for various platforms."
139,Diploma Holder,Background in Human Resource Management,BSc Human Resource Management,Human Resources,Recruitment Trainee,Employee Relations Manager,VP of People,Payroll Management|Recruitment|Labor Law Knowledge,Negotiation|Communication|Conflict Resolution,Labor Law|Performance Management|Compensation,PHR|CIPM,Medium,Medium,80000,110000-260000,Yes,Low,Medium,"Manage the recruitment, development, and wellbeing of an organization's employees."
140,A/L Pending,Physical Science Stream - Chemistry/IT focus,BSc Supply Chain Management,Logistics,Procurement Trainee,Supply Chain Manager,Chief Supply Chain Officer,Inventory Management|ERP Software (SAP/Oracle)|Freight Forwarding,Time Management|Negotiation|Leadership,Transportation Management|Procurement|Inventory Control,Six Sigma|CSCP,High,High,100000,130000-420000,No,Low,Medium,Oversee the movement of goods from suppliers to consumers efficiently and cost-effectively.
141,A/L Completed,Physical Science Stream - Chemistry/IT focus,BSc Information Technology / Diploma in Networking,IT Infrastructure,Junior Systems Administrator,Network Engineer,Senior Cloud Architect,Routing & Switching|Cloud Computing (AWS/Azure)|Linux/Windows Server,Communication|Reliability|Troubleshooting,Computer Networks|Operating Systems|System Administration,AWS SysOps|CCNA,High,High,125000,155000-570000,Yes,Low,Medium,"Design, install, and maintain the computer networks and systems that organizations rely on."
142,A/L Pending,Arts Stream - History focus,BSc Data Science,Data Science,Data Analyst,Machine Learning Engineer,AI Research Scientist,Machine Learning|SQL|Python,Curiosity|Presentation|Analytical Thinking,Linear Algebra|Probability|Big Data,Google Data Analytics|IBM Data Science,High,Very High,190000,220000-360000,Yes,High,Low,Analyze complex data sets to help companies make data-driven decisions and build predictive models.
143,Diploma Holder,Background in Healthcare Caregiving,BSc Nursing,Healthcare - Nursing,Assistant Nurse,Staff Nurse,Nursing Sister,Patient Care|Vital Signs Monitoring|Infection Control,Patience|Resilience|Communication,Nursing Foundations|Pharmacology|Psychology,ACLS|BLS,High,Very High,65000,95000-590000,No,Low,Low,"Provide care to patients, administer medications, and assist doctors in medical treatments."
144,A/L Completed,Biological Science Stream - Chemistry focus,BSc Agriculture,Agriculture & Agri-Business,Agricultural Assistant,Agricultural Officer,Director of Agriculture,"Crop Management|Agri-Tech (IoT, Drones)|Pest Control",Team Management|Adaptability|Problem Solving,Crop Science|Soil Science|Agricultural Economics,GAP Certification|Pesticide Application License,Medium,Low,80000,110000-400000,No,Low,Medium,"Manage farming operations, improve crop yields, and implement sustainable agricultural practices."
145,Graduate,Background in Architecture & Built Environment,BArch Architecture,Architecture,Architect Assistant,Project Architect,Design Director,3D Rendering|SketchUp|Revit,Visualization|Attention to Detail|Communication,Building Materials|History of Architecture|Structural Design,LEED Green Associate|Chartered Architect (AIA),Medium,Medium,80000,110000-580000,Medium,High,Medium,"Design buildings and structures that are functional, safe, and aesthetically pleasing."
146,A/L Pending,Biological Science Stream - Biology focus,BA/BSc / BEd Education,Education,Teaching Assistant,Instructor,Dean,Curriculum Development|Lesson Planning|Student Assessment,Mentorship|Public Speaking|Empathy,Teaching Methodology|Subject-Specific Focus|Educational Psychology,Postgraduate Diploma in Education (PGDE)|TEFL/TESOL,Medium,High,55000,85000-130000,Medium,High,Low,"Educate and mentor students, preparing them for academic and personal success."
147,Diploma Holder,Background in Healthcare Caregiving,BSc Nursing,Healthcare - Nursing,Student Nurse,Registered Nurse,Nursing Sister,First Aid|Patient Care|Infection Control,Patience|Communication|Resilience,Pharmacology|Medical-Surgical Nursing|Psychology,BLS|ACLS,High,Very High,75000,105000-570000,No,Low,Low,"Provide care to patients, administer medications, and assist doctors in medical treatments."
148,Career Switcher,Mechanical Systems Interest,BSc Mechanical Engineering,Mechanical Engineering,Design Engineer Intern,Maintenance Engineer,Engineering Director,Thermodynamics|Robotics|CAD/CAM,Troubleshooting|Analytical Thinking|Innovation,Fluid Mechanics|Control Systems|Machine Design,SolidWorks Certification|Chartered Engineer (CEng),Medium,High,105000,135000-460000,No,Low,Medium,"Design, develop, build, and test mechanical and thermal sensors and devices."
149,Career Switcher,Marketing & Digital Media Interest,BSc Digital Marketing,Marketing,Social Media Coordinator,Content Strategist,Chief Marketing Officer,Social Media Ads|Google Analytics|Content Creation,Adaptability|Empathy|Creativity,Market Research|Digital Strategy|Consumer Behavior,Google Digital Garage|Meta Blueprint,High,High,75000,105000-330000,Yes,High,Medium,Promote products and services using digital channels to reach target audiences effectively.
150,Graduate,Background in Education & Teaching,BA/BSc / BEd Education,Education,Tutor,Teacher,Professor,Educational Technology|Student Assessment|Lesson Planning,Public Speaking|Patience|Empathy,Subject-Specific Focus|Educational Psychology|Teaching Methodology,Postgraduate Diploma in Education (PGDE)|TEFL/TESOL,Medium,High,75000,105000-260000,Medium,High,Low,"Educate and mentor students, preparing them for academic and personal success."
151,Graduate,Background in Tourism & Hospitality,BSc Hospitality Management,Tourism,Management Trainee,Hotel Manager,Resort Manager,Languages|Property Management Systems|Event Planning,Interpersonal Skills|Cultural Awareness|Problem Solving,Tourism Marketing|Hospitality Operations|Food & Beverage Management,Food Safety Certification|Language Diplomas,High,Medium,70000,100000-240000,No,Medium,High,"Manage operations in hotels, resorts, and coordinate travel experiences for tourists."
152,A/L Completed,Arts Stream - History focus,BArch Architecture,Architecture,Architect Assistant,Interior Designer,Design Director,Building Codes|AutoCAD|Revit,Communication|Visualization|Creativity,Building Materials|Structural Design|Architectural Design,Chartered Architect (AIA)|LEED Green Associate,Medium,Medium,100000,130000-200000,Medium,High,Medium,"Design buildings and structures that are functional, safe, and aesthetically pleasing."
153,Diploma Holder,Background in Networking,BSc Information Technology / Diploma in Networking,IT Infrastructure,Junior Systems Administrator,Systems Administrator,Senior Cloud Architect,Cloud Computing (AWS/Azure)|Routing & Switching|Linux/Windows Server,Communication|Customer Service|Troubleshooting,Computer Networks|System Administration|Operating Systems,CCNA|AWS SysOps,High,High,80000,110000-420000,Yes,Low,Medium,"Design, install, and maintain the computer networks and systems that organizations rely on."
154,A/L Pending,Technology Stream - SFT focus,BSc Agriculture,Agriculture & Agri-Business,Field Officer,Agronomist,Director of Agriculture,"Pest Control|Soil Science|Agri-Tech (IoT, Drones)",Problem Solving|Team Management|Physical Endurance,Agricultural Economics|Plant Biotechnology|Crop Science,GAP Certification|Pesticide Application License,Medium,Low,85000,115000-360000,No,Low,Medium,"Manage farming operations, improve crop yields, and implement sustainable agricultural practices."
155,Diploma Holder,Background in Marketing & Digital Media,BSc Digital Marketing,Marketing,SEO Trainee,SEO Specialist,Marketing Director,Google Analytics|Social Media Ads|Content Creation,Creativity|Communication|Adaptability,Consumer Behavior|Digital Strategy|Brand Management,Google Digital Garage|Meta Blueprint,High,High,75000,105000-280000,Yes,High,Medium,Promote products and services using digital channels to reach target audiences effectively.
156,O/L Completed,IT / Programming Interest,BSc Computer Science,Software Engineering,Associate Software Engineer,Backend Engineer,Tech Lead,Git|Data Structures|Algorithms,Critical Thinking|Teamwork|Time Management,Databases|Math for CS|Software Patterns,AWS Certified Developer|Azure Fundamentals,Very High,Very High,130000,160000-370000,Yes,High,Medium,"Design, build, and maintain software applications and systems for various platforms."
157,A/L Pending,Commerce Stream - Business focus,BBA Business Management,Business Operations,Operations Assistant,Operations Manager,General Manager,Budgeting|Data Analysis|Project Management,Problem Solving|Decision Making|Leadership,HR|Marketing|Strategic Management,Certified Business Analysis Professional (CBAP)|Agile PM,Medium,High,80000,110000-400000,Yes,Medium,Low,Oversee the day-to-day operations of a company to ensure efficiency and profitability.
158,Undergraduate,Background in Networking,BSc Information Technology / Diploma in Networking,IT Infrastructure,IT Technician,Cloud Engineer,IT Infrastructure Manager,Linux/Windows Server|Routing & Switching|Cloud Computing (AWS/Azure),Troubleshooting|Reliability|Customer Service,Computer Networks|System Administration|Operating Systems,AWS SysOps|CCNA,High,High,130000,160000-580000,Yes,Low,Medium,"Design, install, and maintain the computer networks and systems that organizations rely on."
159,Career Switcher,Marketing & Digital Media Interest,BSc Digital Marketing,Marketing,SEO Trainee,Digital Marketing Executive,Chief Marketing Officer,Social Media Ads|Google Analytics|Content Creation,Creativity|Adaptability|Communication,Digital Strategy|Market Research|Consumer Behavior,Google Digital Garage|HubSpot Inbound Marketing,High,High,70000,100000-270000,Yes,High,Medium,Promote products and services using digital channels to reach target audiences effectively.
160,A/L Pending,Physical Science Stream - Physics focus,BSc Mechanical Engineering,Mechanical Engineering,Junior Mechanical Engineer,Maintenance Engineer,Plant Manager,Thermodynamics|Robotics|CAD/CAM,Troubleshooting|Innovation|Analytical Thinking,Control Systems|Machine Design|Fluid Mechanics,SolidWorks Certification|Chartered Engineer (CEng),Medium,High,125000,155000-620000,No,Low,Medium,"Design, develop, build, and test mechanical and thermal sensors and devices."
161,Graduate,Background in Design & Multimedia,BA Graphic Design / Diploma in Multimedia,Design,Visual Designer,UI/UX Designer,Lead Product Designer,Figma|Typography|Photoshop,Receptivity to Feedback|Creativity|Time Management,Digital Art|User Experience|Design Principles,Adobe Certified Professional|Google UX Design,High,High,65000,95000-520000,Yes,High,High,"Create visual concepts to communicate ideas that inspire, inform, and captivate consumers."
162,A/L Completed,Commerce Stream - Business focus,BSc Supply Chain Management,Logistics,Warehouse Assistant,Warehouse Manager,Chief Supply Chain Officer,Freight Forwarding|Data Analysis|ERP Software (SAP/Oracle),Time Management|Leadership|Problem Solving,Procurement|Inventory Control|Global Supply Chain,Six Sigma|CSCP,High,High,110000,140000-570000,No,Low,Medium,Oversee the movement of goods from suppliers to consumers efficiently and cost-effectively.
163,Graduate,Background in Architecture & Built Environment,BArch Architecture,Architecture,Architect Assistant,Interior Designer,Design Director,Revit|3D Rendering|SketchUp,Communication|Visualization|Creativity,History of Architecture|Building Materials|Architectural Design,Chartered Architect (AIA)|LEED Green Associate,Medium,Medium,90000,120000-660000,Medium,High,Medium,"Design buildings and structures that are functional, safe, and aesthetically pleasing."
164,Diploma Holder,Background in Medicine,MBBS Medicine,Healthcare - Medical,Pre-Intern Medical Officer,General Practitioner,Consultant Specialist,Diagnosis|Patient Care|Medical Procedures,Empathy|Ethics|Communication,Surgery|Pediatrics|Pathology,MRCP|USMLE,Very High,Very High,165000,195000-1650000,No,Low,Low,"Diagnose and treat illnesses, injuries, and health conditions in patients."
165,A/L Completed,Commerce Stream - Business focus,BA Graphic Design / Diploma in Multimedia,Design,Junior Graphic Designer,Graphic Designer,Lead Product Designer,Figma|Color Theory|Photoshop,Attention to Detail|Receptivity to Feedback|Creativity,User Experience|Visual Communication|Digital Art,Adobe Certified Professional|Google UX Design,High,High,80000,110000-580000,Yes,High,High,"Create visual concepts to communicate ideas that inspire, inform, and captivate consumers."
166,Diploma Holder,Background in Agriculture,BSc Agriculture,Agriculture & Agri-Business,Agricultural Assistant,Plantation Manager,Estate Superintendent,"Agri-Tech (IoT, Drones)|Pest Control|Soil Science",Physical Endurance|Adaptability|Problem Solving,Plant Biotechnology|Agricultural Economics|Crop Science,Pesticide Application License|GAP Certification,Medium,Low,80000,110000-160000,No,Low,Medium,"Manage farming operations, improve crop yields, and implement sustainable agricultural practices."
167,A/L Completed,Technology Stream - SFT focus,BSc Information Technology / Diploma in Networking,IT Infrastructure,Junior Systems Administrator,Systems Administrator,Senior Cloud Architect,Cloud Computing (AWS/Azure)|Routing & Switching|Linux/Windows Server,Customer Service|Reliability|Troubleshooting,System Administration|Computer Networks|Operating Systems,CompTIA Network+|CCNP,High,High,135000,165000-510000,Yes,Low,Medium,"Design, install, and maintain the computer networks and systems that organizations rely on."
168,Graduate,Background in Tourism & Hospitality,BSc Hospitality Management,Tourism,Tour Guide,Tour Operations Manager,Director of Tourism,Languages|Inventory Management|Event Planning,Interpersonal Skills|Customer Service|Problem Solving,Tourism Marketing|Food & Beverage Management|Hospitality Operations,Language Diplomas|Food Safety Certification,High,Medium,65000,95000-290000,No,Medium,High,"Manage operations in hotels, resorts, and coordinate travel experiences for tourists."
169,Career Switcher,Tourism & Hospitality Interest,BSc Hospitality Management,Tourism,Tour Guide,Event Manager,Director of Tourism,Languages|Event Planning|Inventory Management,Customer Service|Problem Solving|Cultural Awareness,Hospitality Operations|HR in Hospitality|Tourism Marketing,Food Safety Certification|Language Diplomas,High,Medium,55000,85000-410000,No,Medium,High,"Manage operations in hotels, resorts, and coordinate travel experiences for tourists."
170,A/L Pending,Commerce Stream - Business focus,BSc Supply Chain Management,Logistics,Procurement Trainee,Logistics Analyst,Procurement Director,Data Analysis|ERP Software (SAP/Oracle)|Inventory Management,Leadership|Negotiation|Problem Solving,Transportation Management|Global Supply Chain|Procurement,CIPS|Six Sigma,High,High,100000,130000-540000,No,Low,Medium,Oversee the movement of goods from suppliers to consumers efficiently and cost-effectively.
171,A/L Pending,Physical Science Stream - Chemistry/IT focus,BSc Cyber Security,Information Security,Junior Penetration Tester,Penetration Tester,Security Architect,Network Security|Ethical Hacking|Linux,Perseverance|Analytical Thinking|Ethics,Cryptography|Network Protocols|Malware Analysis,CompTIA Security+|CEH,Very High,Very High,160000,190000-1010000,Yes,High,Low,Protect computer systems and networks from cyber attacks and unauthorized access.
172,A/L Completed,Physical Science Stream - Physics focus,BSc Cyber Security,Information Security,Junior Penetration Tester,Penetration Tester,Cyber Security Manager,Ethical Hacking|Risk Assessment|Linux,Calm Under Pressure|Ethics|Perseverance,Network Protocols|Cryptography|Malware Analysis,CISM|CEH,Very High,Very High,220000,250000-590000,Yes,High,Low,Protect computer systems and networks from cyber attacks and unauthorized access.
173,A/L Completed,Arts Stream - Languages focus,BA/BSc / BEd Education,Education,Trainee Teacher,Lecturer,Principal,Educational Technology|Curriculum Development|Lesson Planning,Public Speaking|Patience|Mentorship,Teaching Methodology|Curriculum Design|Educational Psychology,TEFL/TESOL|Postgraduate Diploma in Education (PGDE),Medium,High,50000,80000-320000,Medium,High,Low,"Educate and mentor students, preparing them for academic and personal success."
174,O/L Completed,Psychology & Counseling Interest,BA/BSc Psychology,Psychology,HR Assistant,Counselor,Director of Mental Health Services,Therapy Techniques (CBT)|Research Methodology|Psychological Assessment,Confidentiality|Patience|Empathy,Cognitive Psychology|Abnormal Psychology|Counseling,Mental Health First Aid|Clinical Psychology Masters,Medium,High,65000,95000-180000,Yes,High,Low,Study human behavior and help individuals navigate mental health and emotional challenges.
175,Graduate,Background in Agriculture,BSc Agriculture,Agriculture & Agri-Business,Field Officer,Agronomist,Senior Agronomist,"Crop Management|Pest Control|Agri-Tech (IoT, Drones)",Adaptability|Physical Endurance|Team Management,Plant Biotechnology|Crop Science|Agricultural Economics,Pesticide Application License|GAP Certification,Medium,Low,75000,105000-460000,No,Low,Medium,"Manage farming operations, improve crop yields, and implement sustainable agricultural practices."
176,Undergraduate,Background in Marketing & Digital Media,BSc Digital Marketing,Marketing,SEO Trainee,Content Strategist,Chief Marketing Officer,Google Analytics|Social Media Ads|Content Creation,Adaptability|Creativity|Communication,Consumer Behavior|Digital Strategy|Market Research,Google Digital Garage|Meta Blueprint,High,High,60000,90000-620000,Yes,High,Medium,Promote products and services using digital channels to reach target audiences effectively.
177,A/L Completed,Physical Science Stream - Math focus,BBA Business Management,Business Operations,Management Trainee,Operations Manager,General Manager,Project Management|Budgeting|Data Analysis,Decision Making|Leadership|Problem Solving,HR|Marketing|Strategic Management,Agile PM|PMP,Medium,High,145000,175000-580000,Yes,Medium,Low,Oversee the day-to-day operations of a company to ensure efficiency and profitability.
178,Diploma Holder,Background in Accounting & Finance,BSc Accounting and Finance,Finance,Accounts Assistant,Financial Analyst,Chief Financial Officer (CFO),Financial Reporting|Excel|Taxation,Ethics|Integrity|Analytical Thinking,Corporate Finance|Auditing|Economics,CMA|CA Sri Lanka,High,High,110000,140000-490000,Yes,Medium,High,"Manage financial records, analyze financial data, and ensure legal tax compliance for organizations."
179,Graduate,Background in Education & Teaching,BA/BSc / BEd Education,Education,Teaching Assistant,Instructor,Principal,Educational Technology|Curriculum Development|Lesson Planning,Patience|Public Speaking|Mentorship,Subject-Specific Focus|Educational Psychology|Teaching Methodology,Postgraduate Diploma in Education (PGDE)|TEFL/TESOL,Medium,High,45000,75000-360000,Medium,High,Low,"Educate and mentor students, preparing them for academic and personal success."
180,A/L Pending,Biological Science Stream - Chemistry focus,MBBS Medicine,Healthcare - Medical,Pre-Intern Medical Officer,Medical Officer,Consultant Specialist,Diagnosis|Pharmacology|Patient Care,Ethics|Communication|Decision Making Under Pressure,Physiology|Pediatrics|Anatomy,MRCP|USMLE,Very High,Very High,165000,195000-580000,No,Low,Low,"Diagnose and treat illnesses, injuries, and health conditions in patients."
181,A/L Pending,Physical Science Stream - Physics focus,BSc Supply Chain Management,Logistics,Warehouse Assistant,Logistics Analyst,Director of Operations,Data Analysis|Freight Forwarding|Inventory Management,Time Management|Leadership|Problem Solving,Global Supply Chain|Inventory Control|Transportation Management,CIPS|CSCP,High,High,90000,120000-350000,No,Low,Medium,Oversee the movement of goods from suppliers to consumers efficiently and cost-effectively.
182,A/L Completed,Technology Stream - ET/BST focus,BSc Data Science,Data Science,BI Analyst,Data Scientist,AI Research Scientist,Machine Learning|Data Viz|SQL,Presentation|Curiosity|Analytical Thinking,Deep Learning|Linear Algebra|Big Data,AWS Machine Learning|Google Data Analytics,High,Very High,130000,160000-490000,Yes,High,Low,Analyze complex data sets to help companies make data-driven decisions and build predictive models.
183,Graduate,Background in Law & Justice,LLB Law,Legal Services,Apprentice,Corporate Counsel,Senior Counsel,Compliance|Legal Research|Drafting Contracts,Analytical Thinking|Negotiation|Public Speaking,Constitutional Law|Criminal Law|Contract Law,Attorney-at-Law (Sri Lanka Law College)|Notary Public,Medium,Medium,70000,100000-240000,No,Medium,Medium,"Advise and represent clients in legal matters, draft documents, and ensure legal compliance."
184,O/L Completed,Agriculture Interest,BSc Agriculture,Agriculture & Agri-Business,Field Officer,Agricultural Officer,Senior Agronomist,"Pest Control|Soil Science|Agri-Tech (IoT, Drones)",Adaptability|Physical Endurance|Team Management,Soil Science|Crop Science|Agricultural Economics,GAP Certification|Pesticide Application License,Medium,Low,50000,80000-180000,No,Low,Medium,"Manage farming operations, improve crop yields, and implement sustainable agricultural practices."
185,A/L Pending,Physical Science Stream - Math focus,BArch Architecture,Architecture,Junior Draftsman,Architect,Senior Architect,3D Rendering|SketchUp|Building Codes,Visualization|Attention to Detail|Communication,Building Materials|Structural Design|Architectural Design,Chartered Architect (AIA)|LEED Green Associate,Medium,Medium,115000,145000-310000,Medium,High,Medium,"Design buildings and structures that are functional, safe, and aesthetically pleasing."
186,Graduate,Background in Mechanical Systems,BSc Mechanical Engineering,Mechanical Engineering,Junior Mechanical Engineer,Production Engineer,Engineering Director,CAD/CAM|Robotics|Quality Control,Innovation|Analytical Thinking|Troubleshooting,Control Systems|Fluid Mechanics|Machine Design,SolidWorks Certification|Six Sigma,Medium,High,100000,130000-680000,No,Low,Medium,"Design, develop, build, and test mechanical and thermal sensors and devices."
187,Graduate,Background in Psychology & Counseling,BA/BSc Psychology,Psychology,HR Assistant,Clinical Psychologist,Chief HR Officer,Therapy Techniques (CBT)|Psychological Assessment|Research Methodology,Empathy|Confidentiality|Active Listening,Counseling|Developmental Psychology|Cognitive Psychology,Clinical Psychology Masters|Mental Health First Aid,Medium,High,70000,100000-330000,Yes,High,Low,Study human behavior and help individuals navigate mental health and emotional challenges.
188,A/L Completed,Arts Stream - History focus,LLB Law,Legal Services,Apprentice,Corporate Counsel,Partner,Drafting Contracts|Compliance|Litigation,Public Speaking|Analytical Thinking|Negotiation,Criminal Law|Corporate Law|Constitutional Law,Notary Public|Attorney-at-Law (Sri Lanka Law College),Medium,Medium,70000,100000-820000,No,Medium,Medium,"Advise and represent clients in legal matters, draft documents, and ensure legal compliance."
189,A/L Completed,Commerce Stream - Economics/IT focus,BA/BSc / BEd Education,Education,Trainee Teacher,Teacher,Professor,Lesson Planning|Student Assessment|Curriculum Development,Public Speaking|Mentorship|Patience,Teaching Methodology|Subject-Specific Focus|Educational Psychology,Postgraduate Diploma in Education (PGDE)|TEFL/TESOL,Medium,High,40000,70000-220000,Medium,High,Low,"Educate and mentor students, preparing them for academic and personal success."
190,Undergraduate,Background in Logistics & Supply Chain,BSc Supply Chain Management,Logistics,Logistics Coordinator,Supply Chain Manager,Procurement Director,ERP Software (SAP/Oracle)|Inventory Management|Freight Forwarding,Negotiation|Leadership|Problem Solving,Procurement|Transportation Management|Global Supply Chain,CIPS|CSCP,High,High,70000,100000-560000,No,Low,Medium,Oversee the movement of goods from suppliers to consumers efficiently and cost-effectively.
191,Career Switcher,Healthcare Caregiving Interest,BSc Nursing,Healthcare - Nursing,Assistant Nurse,Registered Nurse,Matron,Infection Control|First Aid|Patient Care,Patience|Resilience|Communication,Pharmacology|Psychology|Nursing Foundations,BLS|ACLS,High,Very High,95000,125000-460000,No,Low,Low,"Provide care to patients, administer medications, and assist doctors in medical treatments."
192,Career Switcher,Cybersecurity Interest,BSc Cyber Security,Information Security,Security Analyst Trainee,Cyber Security Specialist,Security Architect,Ethical Hacking|Risk Assessment|Linux,Ethics|Analytical Thinking|Perseverance,Cryptography|Malware Analysis|Network Protocols,CompTIA Security+|CISM,Very High,Very High,225000,255000-1080000,Yes,High,Low,Protect computer systems and networks from cyber attacks and unauthorized access.
193,O/L Completed,IT / Programming Interest,BSc Computer Science,Software Engineering,Junior Software Developer,Backend Engineer,Tech Lead,Algorithms|Programming|Problem Solving,Time Management|Communication|Teamwork,Software Patterns|Math for CS|Databases,Scrum Master|Azure Fundamentals,Very High,Very High,125000,155000-460000,Yes,High,Medium,"Design, build, and maintain software applications and systems for various platforms."
194,O/L Completed,Accounting & Finance Interest,BSc Accounting and Finance,Finance,Audit Trainee,Accountant,Finance Manager,ERP Systems|Taxation|Financial Reporting,Integrity|Ethics|Analytical Thinking,Corporate Finance|Management Accounting|Economics,CIMA|ACCA,High,High,70000,100000-670000,Yes,Medium,High,"Manage financial records, analyze financial data, and ensure legal tax compliance for organizations."
195,Diploma Holder,Background in Healthcare Caregiving,BSc Nursing,Healthcare - Nursing,Trainee Staff Nurse,ICU Nurse,Nursing Sister,First Aid|Patient Care|Vital Signs Monitoring,Empathy|Resilience|Patience,Medical-Surgical Nursing|Psychology|Nursing Foundations,ACLS|BLS,High,Very High,60000,90000-320000,No,Low,Low,"Provide care to patients, administer medications, and assist doctors in medical treatments."
196,A/L Completed,Technology Stream - SFT focus,BSc Computer Science,Software Engineering,Associate Software Engineer,Backend Engineer,Software Architect,Data Structures|Problem Solving|Algorithms,Critical Thinking|Teamwork|Time Management,Math for CS|Databases|Software Patterns,Scrum Master|AWS Certified Developer,Very High,Very High,150000,180000-370000,Yes,High,Medium,"Design, build, and maintain software applications and systems for various platforms."
197,Diploma Holder,Background in Healthcare Caregiving,BSc Nursing,Healthcare - Nursing,Trainee Staff Nurse,Registered Nurse,Nursing Sister,Vital Signs Monitoring|Infection Control|First Aid,Resilience|Patience|Empathy,Medical-Surgical Nursing|Psychology|Nursing Foundations,Specialized Nursing Certifications|BLS,High,Very High,90000,120000-280000,No,Low,Low,"Provide care to patients, administer medications, and assist doctors in medical treatments."
198,Undergraduate,Background in Logistics & Supply Chain,BSc Supply Chain Management,Logistics,Procurement Trainee,Supply Chain Manager,Procurement Director,Freight Forwarding|ERP Software (SAP/Oracle)|Data Analysis,Problem Solving|Time Management|Negotiation,Transportation Management|Procurement|Inventory Control,CIPS|CSCP,High,High,75000,105000-540000,No,Low,Medium,Oversee the movement of goods from suppliers to consumers efficiently and cost-effectively.
199,Diploma Holder,Background in Construction & Structures,BSc Civil Engineering,Civil Engineering,Site Engineer,Civil Engineer,Engineering Director,Structural Analysis|Project Management|Surveying,Problem Solving|Leadership|Teamwork,Fluid Mechanics|Geotechnical Engineering|Structural Design,PMP|AutoCAD Certification,Medium,Medium,125000,155000-470000,No,Low,Low,"Design, build, and supervise infrastructure projects and systems."
200,A/L Completed,Biological Science Stream - Physics/Agri focus,BBA Business Management,Business Operations,Operations Assistant,Business Analyst,Operations Director,Budgeting|Project Management|Data Analysis,Negotiation|Problem Solving|Leadership,HR|Strategic Management|Marketing,Agile PM|Certified Business Analysis Professional (CBAP),Medium,High,120000,150000-520000,Yes,Medium,Low,Oversee the day-to-day operations of a company to ensure efficiency and profitability.
201,A/L Pending,Arts Stream - History focus,BSc Digital Marketing,Marketing,SEO Trainee,Digital Marketing Executive,Marketing Director,Social Media Ads|Google Analytics|SEO/SEM,Adaptability|Empathy|Communication,Market Research|Brand Management|Digital Strategy,Meta Blueprint|HubSpot Inbound Marketing,High,High,100000,130000-370000,Yes,High,Medium,Promote products and services using digital channels to reach target audiences effectively.
202,Career Switcher,Construction & Structures Interest,BSc Civil Engineering,Civil Engineering,Site Engineer,Structural Engineer,Senior Civil Engineer,Structural Analysis|AutoCAD|Project Management,Risk Management|Teamwork|Leadership,Materials Science|Geotechnical Engineering|Fluid Mechanics,PMP|AutoCAD Certification,Medium,Medium,110000,140000-400000,No,Low,Low,"Design, build, and supervise infrastructure projects and systems."
203,Career Switcher,Psychology & Counseling Interest,BA/BSc Psychology,Psychology,HR Assistant,Clinical Psychologist,Chief HR Officer,Research Methodology|Psychological Assessment|Therapy Techniques (CBT),Active Listening|Patience|Confidentiality,Counseling|Cognitive Psychology|Abnormal Psychology,Clinical Psychology Masters|Counseling Diploma,Medium,High,75000,105000-220000,Yes,High,Low,Study human behavior and help individuals navigate mental health and emotional challenges.
204,Undergraduate,Background in Law & Justice,LLB Law,Legal Services,Legal Assistant,Corporate Counsel,Senior Counsel,Compliance|Litigation|Legal Research,Analytical Thinking|Public Speaking|Negotiation,Constitutional Law|Criminal Law|Contract Law,Attorney-at-Law (Sri Lanka Law College)|Notary Public,Medium,Medium,65000,95000-330000,No,Medium,Medium,"Advise and represent clients in legal matters, draft documents, and ensure legal compliance."
205,Graduate,Background in Business Management,BBA Business Management,Business Operations,Business Coordinator,Operations Manager,Chief Operating Officer,Project Management|Data Analysis|Budgeting,Decision Making|Negotiation|Leadership,Strategic Management|HR|Organizational Behavior,Agile PM|Certified Business Analysis Professional (CBAP),Medium,High,125000,155000-590000,Yes,Medium,Low,Oversee the day-to-day operations of a company to ensure efficiency and profitability.
206,Diploma Holder,Background in Design & Multimedia,BA Graphic Design / Diploma in Multimedia,Design,Junior Graphic Designer,UI/UX Designer,Senior Art Director,Typography|Adobe Illustrator|Figma,Creativity|Time Management|Receptivity to Feedback,Visual Communication|User Experience|Digital Art,Google UX Design|Adobe Certified Professional,High,High,110000,140000-510000,Yes,High,High,"Create visual concepts to communicate ideas that inspire, inform, and captivate consumers."
207,Graduate,Background in Data Analysis & AI,BSc Data Science,Data Science,Junior Data Scientist,Machine Learning Engineer,Senior Data Scientist,SQL|Python|Statistics,Business Acumen|Curiosity|Presentation,Big Data|Linear Algebra|Deep Learning,Google Data Analytics|IBM Data Science,High,Very High,175000,205000-750000,Yes,High,Low,Analyze complex data sets to help companies make data-driven decisions and build predictive models.
208,A/L Completed,Commerce Stream - Economics/IT focus,BSc Data Science,Data Science,Junior Data Scientist,Data Engineer,AI Research Scientist,SQL|Python|Statistics,Analytical Thinking|Curiosity|Presentation,Linear Algebra|Deep Learning|Big Data,Google Data Analytics|AWS Machine Learning,High,Very High,180000,210000-510000,Yes,High,Low,Analyze complex data sets to help companies make data-driven decisions and build predictive models.
209,Career Switcher,Networking Interest,BSc Information Technology / Diploma in Networking,IT Infrastructure,Network Support Engineer,Network Engineer,IT Infrastructure Manager,Routing & Switching|Cloud Computing (AWS/Azure)|Linux/Windows Server,Customer Service|Communication|Reliability,Operating Systems|Computer Networks|System Administration,AWS SysOps|CompTIA Network+,High,High,115000,145000-610000,Yes,Low,Medium,"Design, install, and maintain the computer networks and systems that organizations rely on."
210,A/L Pending,Biological Science Stream - Physics/Agri focus,MBBS Medicine,Healthcare - Medical,Pre-Intern Medical Officer,Registrar,Hospital Director,Pharmacology|Diagnosis|Medical Procedures,Decision Making Under Pressure|Empathy|Ethics,Pathology|Pediatrics|Surgery,MD/MS (Sri Lanka)|USMLE,Very High,Very High,225000,255000-1150000,No,Low,Low,"Diagnose and treat illnesses, injuries, and health conditions in patients."
211,O/L Completed,Logistics & Supply Chain Interest,BSc Supply Chain Management,Logistics,Logistics Coordinator,Logistics Analyst,Chief Supply Chain Officer,Data Analysis|ERP Software (SAP/Oracle)|Freight Forwarding,Problem Solving|Negotiation|Leadership,Global Supply Chain|Inventory Control|Procurement,CIPS|CSCP,High,High,65000,95000-420000,No,Low,Medium,Oversee the movement of goods from suppliers to consumers efficiently and cost-effectively.
212,A/L Pending,Biological Science Stream - Chemistry focus,BSc Nursing,Healthcare - Nursing,Student Nurse,Registered Nurse,Chief Nursing Officer,First Aid|Infection Control|Patient Care,Patience|Resilience|Empathy,Pharmacology|Psychology|Medical-Surgical Nursing,ACLS|BLS,High,Very High,75000,105000-420000,No,Low,Low,"Provide care to patients, administer medications, and assist doctors in medical treatments."
213,A/L Completed,Arts Stream - History focus,LLB Law,Legal Services,Junior Lawyer,Legal Consultant,Judge,Compliance|Litigation|Legal Research,Analytical Thinking|Public Speaking|Argumentation,Constitutional Law|Corporate Law|Contract Law,Notary Public|Attorney-at-Law (Sri Lanka Law College),Medium,Medium,85000,115000-740000,No,Medium,Medium,"Advise and represent clients in legal matters, draft documents, and ensure legal compliance."
214,A/L Pending,Biological Science Stream - Physics/Agri focus,BSc Agriculture,Agriculture & Agri-Business,Field Officer,Plantation Manager,Estate Superintendent,"Soil Science|Agri-Tech (IoT, Drones)|Crop Management",Physical Endurance|Problem Solving|Adaptability,Crop Science|Plant Biotechnology|Agricultural Economics,Pesticide Application License|GAP Certification,Medium,Low,65000,95000-440000,No,Low,Medium,"Manage farming operations, improve crop yields, and implement sustainable agricultural practices."
215,A/L Completed,Technology Stream - ET/BST focus,BSc Cyber Security,Information Security,SOC Analyst,Cyber Security Specialist,Chief Information Security Officer (CISO),Network Security|Linux|Risk Assessment,Calm Under Pressure|Ethics|Analytical Thinking,Malware Analysis|Digital Forensics|Cryptography,CEH|CompTIA Security+,Very High,Very High,230000,260000-570000,Yes,High,Low,Protect computer systems and networks from cyber attacks and unauthorized access.
216,Undergraduate,Background in Networking,BSc Information Technology / Diploma in Networking,IT Infrastructure,Network Support Engineer,Systems Administrator,IT Infrastructure Manager,Linux/Windows Server|Routing & Switching|Cloud Computing (AWS/Azure),Troubleshooting|Communication|Customer Service,Operating Systems|Computer Networks|System Administration,AWS SysOps|CompTIA Network+,High,High,80000,110000-400000,Yes,Low,Medium,"Design, install, and maintain the computer networks and systems that organizations rely on."
217,Career Switcher,Human Resource Management Interest,BSc Human Resource Management,Human Resources,Recruitment Trainee,Talent Acquisition Specialist,Chief Human Resources Officer (CHRO),"HRIS (Workday, BambooHR)|Recruitment|Labor Law Knowledge",Negotiation|Conflict Resolution|Empathy,Compensation|Organizational Behavior|Performance Management,SHRM-CP|CIPM,Medium,Medium,70000,100000-440000,Yes,Low,Medium,"Manage the recruitment, development, and wellbeing of an organization's employees."
218,Undergraduate,Background in Law & Justice,LLB Law,Legal Services,Junior Lawyer,Legal Consultant,Judge,Drafting Contracts|Legal Research|Compliance,Analytical Thinking|Public Speaking|Negotiation,Constitutional Law|Criminal Law|Corporate Law,Attorney-at-Law (Sri Lanka Law College)|Notary Public,Medium,Medium,90000,120000-930000,No,Medium,Medium,"Advise and represent clients in legal matters, draft documents, and ensure legal compliance."
219,Career Switcher,IT / Programming Interest,BSc Computer Science,Software Engineering,Junior Software Developer,Full Stack Developer,Software Architect,Algorithms|Problem Solving|Programming,Time Management|Teamwork|Critical Thinking,Software Patterns|Operating Systems|Math for CS,Azure Fundamentals|Scrum Master,Very High,Very High,120000,150000-670000,Yes,High,Medium,"Design, build, and maintain software applications and systems for various platforms."
220,Graduate,Background in Architecture & Built Environment,BArch Architecture,Architecture,Design Intern,Project Architect,Design Director,3D Rendering|SketchUp|Revit,Creativity|Communication|Visualization,Architectural Design|History of Architecture|Building Materials,Chartered Architect (AIA)|LEED Green Associate,Medium,Medium,110000,140000-460000,Medium,High,Medium,"Design buildings and structures that are functional, safe, and aesthetically pleasing."
221,A/L Pending,Arts Stream - Logic/Media focus,BSc Digital Marketing,Marketing,Marketing Assistant,SEO Specialist,Marketing Director,SEO/SEM|Google Analytics|Social Media Ads,Creativity|Empathy|Communication,Brand Management|Market Research|Consumer Behavior,HubSpot Inbound Marketing|Google Digital Garage,High,High,115000,145000-360000,Yes,High,Medium,Promote products and services using digital channels to reach target audiences effectively.
222,Diploma Holder,Background in Accounting & Finance,BSc Accounting and Finance,Finance,Audit Trainee,Financial Analyst,Senior Auditor,Excel|ERP Systems|Financial Reporting,Analytical Thinking|Attention to Detail|Ethics,Corporate Finance|Auditing|Economics,CIMA|ACCA,High,High,80000,110000-260000,Yes,Medium,High,"Manage financial records, analyze financial data, and ensure legal tax compliance for organizations."
223,Diploma Holder,Background in Construction & Structures,BSc Civil Engineering,Civil Engineering,Site Engineer,Civil Engineer,Construction Manager,Project Management|Structural Analysis|Surveying,Risk Management|Problem Solving|Leadership,Fluid Mechanics|Geotechnical Engineering|Materials Science,Chartered Engineer (CEng)|AutoCAD Certification,Medium,Medium,85000,115000-570000,No,Low,Low,"Design, build, and supervise infrastructure projects and systems."
224,Graduate,Background in Accounting & Finance,BSc Accounting and Finance,Finance,Junior Accountant,Accountant,Finance Manager,ERP Systems|Taxation|Excel,Attention to Detail|Integrity|Analytical Thinking,Auditing|Economics|Management Accounting,CA Sri Lanka|CMA,High,High,90000,120000-470000,Yes,Medium,High,"Manage financial records, analyze financial data, and ensure legal tax compliance for organizations."
225,Graduate,Background in Healthcare Caregiving,BSc Nursing,Healthcare - Nursing,Assistant Nurse,ICU Nurse,Nursing Sister,Infection Control|Vital Signs Monitoring|First Aid,Resilience|Empathy|Communication,Medical-Surgical Nursing|Nursing Foundations|Pharmacology,ACLS|Specialized Nursing Certifications,High,Very High,65000,95000-230000,No,Low,Low,"Provide care to patients, administer medications, and assist doctors in medical treatments."
226,Undergraduate,Background in Logistics & Supply Chain,BSc Supply Chain Management,Logistics,Warehouse Assistant,Warehouse Manager,Director of Operations,ERP Software (SAP/Oracle)|Data Analysis|Inventory Management,Problem Solving|Negotiation|Leadership,Procurement|Inventory Control|Global Supply Chain,CIPS|Six Sigma,High,High,85000,115000-660000,No,Low,Medium,Oversee the movement of goods from suppliers to consumers efficiently and cost-effectively.
227,Career Switcher,Logistics & Supply Chain Interest,BSc Supply Chain Management,Logistics,Procurement Trainee,Warehouse Manager,Chief Supply Chain Officer,Inventory Management|Freight Forwarding|ERP Software (SAP/Oracle),Leadership|Negotiation|Time Management,Transportation Management|Inventory Control|Procurement,CIPS|Six Sigma,High,High,75000,105000-670000,No,Low,Medium,Oversee the movement of goods from suppliers to consumers efficiently and cost-effectively.
228,O/L Completed,Psychology & Counseling Interest,BA/BSc Psychology,Psychology,Assistant Psychologist,Clinical Psychologist,Consultant Psychologist,Therapy Techniques (CBT)|Psychological Assessment|Research Methodology,Confidentiality|Active Listening|Empathy,Counseling|Cognitive Psychology|Developmental Psychology,Mental Health First Aid|Clinical Psychology Masters,Medium,High,85000,115000-450000,Yes,High,Low,Study human behavior and help individuals navigate mental health and emotional challenges.
229,Undergraduate,Background in Logistics & Supply Chain,BSc Supply Chain Management,Logistics,Procurement Trainee,Warehouse Manager,Director of Operations,Freight Forwarding|Inventory Management|ERP Software (SAP/Oracle),Negotiation|Time Management|Problem Solving,Global Supply Chain|Transportation Management|Inventory Control,CSCP|CIPS,High,High,115000,145000-220000,No,Low,Medium,Oversee the movement of goods from suppliers to consumers efficiently and cost-effectively.
230,Diploma Holder,Background in Architecture & Built Environment,BArch Architecture,Architecture,Design Intern,Project Architect,Design Director,SketchUp|Revit|AutoCAD,Communication|Attention to Detail|Visualization,History of Architecture|Architectural Design|Building Materials,Chartered Architect (AIA)|LEED Green Associate,Medium,Medium,65000,95000-520000,Medium,High,Medium,"Design buildings and structures that are functional, safe, and aesthetically pleasing."
231,Graduate,Background in Psychology & Counseling,BA/BSc Psychology,Psychology,HR Assistant,Clinical Psychologist,Consultant Psychologist,Research Methodology|Therapy Techniques (CBT)|Psychological Assessment,Active Listening|Patience|Confidentiality,Cognitive Psychology|Developmental Psychology|Counseling,Clinical Psychology Masters|Counseling Diploma,Medium,High,50000,80000-170000,Yes,High,Low,Study human behavior and help individuals navigate mental health and emotional challenges.
232,A/L Completed,Technology Stream - SFT focus,BSc Cyber Security,Information Security,Junior Penetration Tester,Cyber Security Specialist,Chief Information Security Officer (CISO),Risk Assessment|Network Security|Ethical Hacking,Perseverance|Calm Under Pressure|Ethics,Malware Analysis|Network Protocols|Digital Forensics,CISSP|CEH,Very High,Very High,190000,220000-870000,Yes,High,Low,Protect computer systems and networks from cyber attacks and unauthorized access.
233,A/L Pending,Technology Stream - IT focus,BSc Supply Chain Management,Logistics,Procurement Trainee,Supply Chain Manager,Chief Supply Chain Officer,Freight Forwarding|ERP Software (SAP/Oracle)|Data Analysis,Leadership|Time Management|Problem Solving,Global Supply Chain|Transportation Management|Inventory Control,CSCP|Six Sigma,High,High,110000,140000-500000,No,Low,Medium,Oversee the movement of goods from suppliers to consumers efficiently and cost-effectively.
234,A/L Completed,Commerce Stream - Accounting focus,BSc Human Resource Management,Human Resources,HR Assistant,Talent Acquisition Specialist,Chief Human Resources Officer (CHRO),"HRIS (Workday, BambooHR)|Recruitment|Labor Law Knowledge",Conflict Resolution|Negotiation|Empathy,Organizational Behavior|Labor Law|Performance Management,CIPM|SHRM-CP,Medium,Medium,80000,110000-530000,Yes,Low,Medium,"Manage the recruitment, development, and wellbeing of an organization's employees."
235,O/L Completed,Human Resource Management Interest,BSc Human Resource Management,Human Resources,HR Assistant,Talent Acquisition Specialist,VP of People,"HRIS (Workday, BambooHR)|Labor Law Knowledge|Payroll Management",Negotiation|Empathy|Communication,Compensation|Organizational Behavior|Performance Management,CIPM|PHR,Medium,Medium,95000,125000-570000,Yes,Low,Medium,"Manage the recruitment, development, and wellbeing of an organization's employees."
236,A/L Pending,Technology Stream - IT focus,BA Graphic Design / Diploma in Multimedia,Design,UI/UX Intern,Graphic Designer,Senior Art Director,Color Theory|Adobe Illustrator|Figma,Receptivity to Feedback|Time Management|Attention to Detail,Design Principles|User Experience|Visual Communication,Google UX Design|Adobe Certified Professional,High,High,100000,130000-500000,Yes,High,High,"Create visual concepts to communicate ideas that inspire, inform, and captivate consumers."
237,O/L Completed,Healthcare Caregiving Interest,BSc Nursing,Healthcare - Nursing,Trainee Staff Nurse,ICU Nurse,Matron,Patient Care|Infection Control|Vital Signs Monitoring,Communication|Patience|Empathy,Pharmacology|Psychology|Nursing Foundations,ACLS|Specialized Nursing Certifications,High,Very High,85000,115000-280000,No,Low,Low,"Provide care to patients, administer medications, and assist doctors in medical treatments."
238,Diploma Holder,Background in Agriculture,BSc Agriculture,Agriculture & Agri-Business,Field Officer,Agronomist,Senior Agronomist,Pest Control|Soil Science|Crop Management,Physical Endurance|Adaptability|Team Management,Agricultural Economics|Plant Biotechnology|Crop Science,Pesticide Application License|GAP Certification,Medium,Low,75000,105000-450000,No,Low,Medium,"Manage farming operations, improve crop yields, and implement sustainable agricultural practices."
239,A/L Pending,Biological Science Stream - Physics/Agri focus,BSc Nursing,Healthcare - Nursing,Student Nurse,Registered Nurse,Matron,Patient Care|Vital Signs Monitoring|Infection Control,Resilience|Communication|Empathy,Nursing Foundations|Medical-Surgical Nursing|Psychology,BLS|Specialized Nursing Certifications,High,Very High,60000,90000-240000,No,Low,Low,"Provide care to patients, administer medications, and assist doctors in medical treatments."
240,A/L Completed,Biological Science Stream - Biology focus,BSc Agriculture,Agriculture & Agri-Business,Farm Supervisor,Agricultural Officer,Director of Agriculture,"Crop Management|Agri-Tech (IoT, Drones)|Pest Control",Team Management|Problem Solving|Physical Endurance,Agricultural Economics|Crop Science|Soil Science,Pesticide Application License|GAP Certification,Medium,Low,65000,95000-210000,No,Low,Medium,"Manage farming operations, improve crop yields, and implement sustainable agricultural practices."
241,Diploma Holder,Background in Construction & Structures,BSc Civil Engineering,Civil Engineering,Site Engineer,Civil Engineer,Engineering Director,Surveying|Structural Analysis|AutoCAD,Teamwork|Leadership|Risk Management,Fluid Mechanics|Geotechnical Engineering|Materials Science,Chartered Engineer (CEng)|AutoCAD Certification,Medium,Medium,95000,125000-540000,No,Low,Low,"Design, build, and supervise infrastructure projects and systems."
242,Diploma Holder,Background in Education & Teaching,BA/BSc / BEd Education,Education,Trainee Teacher,Instructor,Professor,Curriculum Development|Lesson Planning|Educational Technology,Mentorship|Public Speaking|Patience,Curriculum Design|Teaching Methodology|Educational Psychology,Postgraduate Diploma in Education (PGDE)|TEFL/TESOL,Medium,High,60000,90000-350000,Medium,High,Low,"Educate and mentor students, preparing them for academic and personal success."
243,A/L Completed,Arts Stream - History focus,BA/BSc Psychology,Psychology,HR Assistant,Organizational Psychologist,Director of Mental Health Services,Therapy Techniques (CBT)|Research Methodology|Psychological Assessment,Patience|Confidentiality|Empathy,Abnormal Psychology|Developmental Psychology|Cognitive Psychology,Mental Health First Aid|Clinical Psychology Masters,Medium,High,75000,105000-380000,Yes,High,Low,Study human behavior and help individuals navigate mental health and emotional challenges.
244,Graduate,Background in Agriculture,BSc Agriculture,Agriculture & Agri-Business,Agricultural Assistant,Plantation Manager,Senior Agronomist,"Agri-Tech (IoT, Drones)|Crop Management|Pest Control",Physical Endurance|Team Management|Problem Solving,Plant Biotechnology|Soil Science|Agricultural Economics,GAP Certification|Pesticide Application License,Medium,Low,75000,105000-420000,No,Low,Medium,"Manage farming operations, improve crop yields, and implement sustainable agricultural practices."
245,Career Switcher,Healthcare Caregiving Interest,BSc Nursing,Healthcare - Nursing,Student Nurse,Registered Nurse,Nursing Sister,Infection Control|First Aid|Vital Signs Monitoring,Resilience|Empathy|Communication,Psychology|Medical-Surgical Nursing|Nursing Foundations,ACLS|BLS,High,Very High,65000,95000-550000,No,Low,Low,"Provide care to patients, administer medications, and assist doctors in medical treatments."
246,Career Switcher,Data Analysis & AI Interest,BSc Data Science,Data Science,BI Analyst,Data Scientist,Senior Data Scientist,Machine Learning|SQL|Statistics,Presentation|Curiosity|Analytical Thinking,Deep Learning|Linear Algebra|Probability,Google Data Analytics|IBM Data Science,High,Very High,165000,195000-880000,Yes,High,Low,Analyze complex data sets to help companies make data-driven decisions and build predictive models.
247,Undergraduate,Background in Education & Teaching,BA/BSc / BEd Education,Education,Teaching Assistant,Lecturer,Dean,Educational Technology|Student Assessment|Lesson Planning,Empathy|Patience|Mentorship,Curriculum Design|Teaching Methodology|Subject-Specific Focus,Postgraduate Diploma in Education (PGDE)|TEFL/TESOL,Medium,High,40000,70000-140000,Medium,High,Low,"Educate and mentor students, preparing them for academic and personal success."
248,Career Switcher,Design & Multimedia Interest,BA Graphic Design / Diploma in Multimedia,Design,Visual Designer,Graphic Designer,Senior Art Director,Figma|Typography|Color Theory,Receptivity to Feedback|Attention to Detail|Time Management,Visual Communication|Digital Art|User Experience,Google UX Design|Adobe Certified Professional,High,High,90000,120000-260000,Yes,High,High,"Create visual concepts to communicate ideas that inspire, inform, and captivate consumers."
249,Graduate,Background in Networking,BSc Information Technology / Diploma in Networking,IT Infrastructure,Junior Systems Administrator,Cloud Engineer,Senior Cloud Architect,Cloud Computing (AWS/Azure)|Routing & Switching|Linux/Windows Server,Reliability|Communication|Troubleshooting,System Administration|Computer Networks|Operating Systems,CCNP|CompTIA Network+,High,High,125000,155000-380000,Yes,Low,Medium,"Design, install, and maintain the computer networks and systems that organizations rely on."
250,Undergraduate,Background in Business Management,BBA Business Management,Business Operations,Business Coordinator,Operations Manager,General Manager,Budgeting|Project Management|Data Analysis,Leadership|Decision Making|Negotiation,Organizational Behavior|HR|Marketing,Certified Business Analysis Professional (CBAP)|PMP,Medium,High,125000,155000-330000,Yes,Medium,Low,Oversee the day-to-day operations of a company to ensure efficiency and profitability.
251,O/L Completed,Marketing & Digital Media Interest,BSc Digital Marketing,Marketing,Social Media Coordinator,Digital Marketing Executive,Head of Digital,Content Creation|Google Analytics|SEO/SEM,Creativity|Communication|Adaptability,Market Research|Brand Management|Consumer Behavior,Google Digital Garage|Meta Blueprint,High,High,65000,95000-470000,Yes,High,Medium,Promote products and services using digital channels to reach target audiences effectively.
252,A/L Completed,Technology Stream - SFT focus,BA/BSc / BEd Education,Education,Trainee Teacher,Teacher,Professor,Curriculum Development|Lesson Planning|Student Assessment,Public Speaking|Mentorship|Empathy,Teaching Methodology|Educational Psychology|Curriculum Design,Postgraduate Diploma in Education (PGDE)|TEFL/TESOL,Medium,High,55000,85000-350000,Medium,High,Low,"Educate and mentor students, preparing them for academic and personal success."
253,Career Switcher,Education & Teaching Interest,BA/BSc / BEd Education,Education,Tutor,Instructor,Senior Teacher,Lesson Planning|Curriculum Development|Student Assessment,Public Speaking|Patience|Empathy,Teaching Methodology|Curriculum Design|Subject-Specific Focus,Postgraduate Diploma in Education (PGDE)|TEFL/TESOL,Medium,High,70000,100000-270000,Medium,High,Low,"Educate and mentor students, preparing them for academic and personal success."
254,Diploma Holder,Background in Data Analysis & AI,BSc Data Science,Data Science,BI Analyst,Data Scientist,AI Research Scientist,Python|Machine Learning|SQL,Presentation|Analytical Thinking|Curiosity,Probability|Big Data|Deep Learning,IBM Data Science|Google Data Analytics,High,Very High,130000,160000-550000,Yes,High,Low,Analyze complex data sets to help companies make data-driven decisions and build predictive models.
255,Undergraduate,Background in Mechanical Systems,BSc Mechanical Engineering,Mechanical Engineering,Design Engineer Intern,Production Engineer,Plant Manager,Thermodynamics|CAD/CAM|Robotics,Innovation|Analytical Thinking|Troubleshooting,Control Systems|Thermodynamics|Machine Design,SolidWorks Certification|Chartered Engineer (CEng),Medium,High,110000,140000-300000,No,Low,Medium,"Design, develop, build, and test mechanical and thermal sensors and devices."
256,Career Switcher,Business Management Interest,BBA Business Management,Business Operations,Operations Assistant,Operations Manager,Chief Operating Officer,Strategic Planning|Budgeting|Data Analysis,Negotiation|Problem Solving|Leadership,Organizational Behavior|HR|Marketing,PMP|Agile PM,Medium,High,135000,165000-570000,Yes,Medium,Low,Oversee the day-to-day operations of a company to ensure efficiency and profitability.
257,A/L Completed,Commerce Stream - Accounting focus,BSc Accounting and Finance,Finance,Junior Accountant,Tax Executive,Finance Manager,Taxation|Excel|Financial Reporting,Ethics|Integrity|Analytical Thinking,Auditing|Corporate Finance|Economics,CA Sri Lanka|CMA,High,High,80000,110000-570000,Yes,Medium,High,"Manage financial records, analyze financial data, and ensure legal tax compliance for organizations."
258,Diploma Holder,Background in Medicine,MBBS Medicine,Healthcare - Medical,Medical Intern,General Practitioner,Hospital Director,Pharmacology|Medical Procedures|Patient Care,Decision Making Under Pressure|Empathy|Ethics,Physiology|Pediatrics|Anatomy,MD/MS (Sri Lanka)|USMLE,Very High,Very High,170000,200000-1470000,No,Low,Low,"Diagnose and treat illnesses, injuries, and health conditions in patients."
259,A/L Pending,Biological Science Stream - Physics/Agri focus,BBA Business Management,Business Operations,Operations Assistant,Operations Manager,Operations Director,Budgeting|Project Management|Strategic Planning,Problem Solving|Negotiation|Decision Making,Organizational Behavior|HR|Marketing,Agile PM|Certified Business Analysis Professional (CBAP),Medium,High,85000,115000-360000,Yes,Medium,Low,Oversee the day-to-day operations of a company to ensure efficiency and profitability.
260,O/L Completed,Law & Justice Interest,LLB Law,Legal Services,Junior Lawyer,Corporate Counsel,Judge,Litigation|Legal Research|Drafting Contracts,Public Speaking|Argumentation|Negotiation,Contract Law|Criminal Law|Corporate Law,Notary Public|Attorney-at-Law (Sri Lanka Law College),Medium,Medium,70000,100000-890000,No,Medium,Medium,"Advise and represent clients in legal matters, draft documents, and ensure legal compliance."
261,A/L Pending,Physical Science Stream - Physics focus,BSc Supply Chain Management,Logistics,Logistics Coordinator,Warehouse Manager,Chief Supply Chain Officer,Inventory Management|ERP Software (SAP/Oracle)|Freight Forwarding,Negotiation|Time Management|Leadership,Inventory Control|Global Supply Chain|Procurement,CSCP|Six Sigma,High,High,105000,135000-670000,No,Low,Medium,Oversee the movement of goods from suppliers to consumers efficiently and cost-effectively.
262,A/L Completed,Commerce Stream - Economics/IT focus,BA/BSc / BEd Education,Education,Tutor,Instructor,Principal,Educational Technology|Student Assessment|Lesson Planning,Patience|Mentorship|Empathy,Teaching Methodology|Subject-Specific Focus|Curriculum Design,TEFL/TESOL|Postgraduate Diploma in Education (PGDE),Medium,High,65000,95000-170000,Medium,High,Low,"Educate and mentor students, preparing them for academic and personal success."
263,O/L Completed,Design & Multimedia Interest,BA Graphic Design / Diploma in Multimedia,Design,UI/UX Intern,UI/UX Designer,Lead Product Designer,Adobe Illustrator|Photoshop|Figma,Attention to Detail|Creativity|Receptivity to Feedback,Design Principles|Digital Art|User Experience,Google UX Design|Adobe Certified Professional,High,High,70000,100000-550000,Yes,High,High,"Create visual concepts to communicate ideas that inspire, inform, and captivate consumers."
264,Diploma Holder,Background in Human Resource Management,BSc Human Resource Management,Human Resources,HR Assistant,Employee Relations Manager,HR Director,"Payroll Management|HRIS (Workday, BambooHR)|Labor Law Knowledge",Empathy|Communication|Conflict Resolution,Compensation|Labor Law|Organizational Behavior,SHRM-CP|CIPM,Medium,Medium,70000,100000-260000,Yes,Low,Medium,"Manage the recruitment, development, and wellbeing of an organization's employees."
265,A/L Pending,Commerce Stream - Economics/IT focus,BSc Supply Chain Management,Logistics,Logistics Coordinator,Supply Chain Manager,Director of Operations,Freight Forwarding|Data Analysis|Inventory Management,Leadership|Problem Solving|Time Management,Procurement|Global Supply Chain|Transportation Management,Six Sigma|CSCP,High,High,95000,125000-680000,No,Low,Medium,Oversee the movement of goods from suppliers to consumers efficiently and cost-effectively.
266,A/L Completed,Physical Science Stream - Chemistry/IT focus,BSc Mechanical Engineering,Mechanical Engineering,Junior Mechanical Engineer,Mechanical Engineer,Engineering Director,CAD/CAM|Quality Control|Robotics,Analytical Thinking|Innovation|Attention to Detail,Machine Design|Thermodynamics|Control Systems,SolidWorks Certification|Six Sigma,Medium,High,120000,150000-350000,No,Low,Medium,"Design, develop, build, and test mechanical and thermal sensors and devices."
267,A/L Pending,Biological Science Stream - Chemistry focus,BSc Agriculture,Agriculture & Agri-Business,Agricultural Assistant,Agricultural Officer,Senior Agronomist,"Agri-Tech (IoT, Drones)|Soil Science|Pest Control",Team Management|Adaptability|Physical Endurance,Agricultural Economics|Crop Science|Soil Science,Pesticide Application License|GAP Certification,Medium,Low,80000,110000-240000,No,Low,Medium,"Manage farming operations, improve crop yields, and implement sustainable agricultural practices."
268,O/L Completed,Design & Multimedia Interest,BA Graphic Design / Diploma in Multimedia,Design,Junior Graphic Designer,UI/UX Designer,Lead Product Designer,Photoshop|Color Theory|Typography,Time Management|Creativity|Attention to Detail,Design Principles|User Experience|Digital Art,Adobe Certified Professional|Google UX Design,High,High,105000,135000-420000,Yes,High,High,"Create visual concepts to communicate ideas that inspire, inform, and captivate consumers."
269,O/L Completed,IT / Programming Interest,BSc Computer Science,Software Engineering,Junior Software Developer,Full Stack Developer,Software Architect,Data Structures|Algorithms|Git,Teamwork|Communication|Time Management,Software Patterns|Operating Systems|Databases,AWS Certified Developer|Azure Fundamentals,Very High,Very High,170000,200000-740000,Yes,High,Medium,"Design, build, and maintain software applications and systems for various platforms."
270,Undergraduate,Background in Design & Multimedia,BA Graphic Design / Diploma in Multimedia,Design,Visual Designer,Graphic Designer,Senior Art Director,Photoshop|Figma|Adobe Illustrator,Creativity|Receptivity to Feedback|Attention to Detail,User Experience|Design Principles|Visual Communication,Google UX Design|Adobe Certified Professional,High,High,60000,90000-350000,Yes,High,High,"Create visual concepts to communicate ideas that inspire, inform, and captivate consumers."
271,A/L Completed,Commerce Stream - Accounting focus,BSc Human Resource Management,Human Resources,Payroll Clerk,Employee Relations Manager,Chief Human Resources Officer (CHRO),Labor Law Knowledge|Recruitment|Payroll Management,Conflict Resolution|Empathy|Negotiation,Organizational Behavior|Performance Management|Compensation,CIPM|SHRM-CP,Medium,Medium,100000,130000-580000,Yes,Low,Medium,"Manage the recruitment, development, and wellbeing of an organization's employees."
272,Diploma Holder,Background in Agriculture,BSc Agriculture,Agriculture & Agri-Business,Field Officer,Agronomist,Estate Superintendent,"Agri-Tech (IoT, Drones)|Crop Management|Soil Science",Problem Solving|Adaptability|Team Management,Agricultural Economics|Soil Science|Plant Biotechnology,GAP Certification|Pesticide Application License,Medium,Low,60000,90000-430000,No,Low,Medium,"Manage farming operations, improve crop yields, and implement sustainable agricultural practices."
273,A/L Completed,Biological Science Stream - Chemistry focus,MBBS Medicine,Healthcare - Medical,Junior Doctor,Registrar,Chief Medical Officer,Pharmacology|Patient Care|Medical Procedures,Ethics|Decision Making Under Pressure|Empathy,Surgery|Pathology|Anatomy,MRCP|USMLE,Very High,Very High,245000,275000-1110000,No,Low,Low,"Diagnose and treat illnesses, injuries, and health conditions in patients."
274,O/L Completed,Tourism & Hospitality Interest,BSc Hospitality Management,Tourism,Front Office Assistant,Event Manager,General Manager (Hotel),Event Planning|Inventory Management|Property Management Systems,Customer Service|Problem Solving|Cultural Awareness,Tourism Marketing|Food & Beverage Management|HR in Hospitality,IATA Certification|Language Diplomas,High,Medium,85000,115000-270000,No,Medium,High,"Manage operations in hotels, resorts, and coordinate travel experiences for tourists."
275,Diploma Holder,Background in Healthcare Caregiving,BSc Nursing,Healthcare - Nursing,Assistant Nurse,Staff Nurse,Matron,Vital Signs Monitoring|First Aid|Patient Care,Patience|Empathy|Resilience,Psychology|Medical-Surgical Nursing|Pharmacology,Specialized Nursing Certifications|ACLS,High,Very High,90000,120000-480000,No,Low,Low,"Provide care to patients, administer medications, and assist doctors in medical treatments."
276,Undergraduate,Background in Logistics & Supply Chain,BSc Supply Chain Management,Logistics,Procurement Trainee,Logistics Analyst,Procurement Director,Inventory Management|Freight Forwarding|Data Analysis,Problem Solving|Time Management|Negotiation,Transportation Management|Procurement|Global Supply Chain,CSCP|Six Sigma,High,High,80000,110000-210000,No,Low,Medium,Oversee the movement of goods from suppliers to consumers efficiently and cost-effectively.
277,Undergraduate,Background in Marketing & Digital Media,BSc Digital Marketing,Marketing,Social Media Coordinator,Content Strategist,Head of Digital,Social Media Ads|Content Creation|Google Analytics,Adaptability|Communication|Creativity,Digital Strategy|Consumer Behavior|Market Research,HubSpot Inbound Marketing|Meta Blueprint,High,High,80000,110000-520000,Yes,High,Medium,Promote products and services using digital channels to reach target audiences effectively.
278,O/L Completed,Data Analysis & AI Interest,BSc Data Science,Data Science,Junior Data Scientist,Machine Learning Engineer,Senior Data Scientist,SQL|Data Viz|Machine Learning,Business Acumen|Presentation|Curiosity,Linear Algebra|Big Data|Probability,Google Data Analytics|AWS Machine Learning,High,Very High,155000,185000-850000,Yes,High,Low,Analyze complex data sets to help companies make data-driven decisions and build predictive models.
279,Graduate,Background in Logistics & Supply Chain,BSc Supply Chain Management,Logistics,Procurement Trainee,Warehouse Manager,Procurement Director,Freight Forwarding|Data Analysis|ERP Software (SAP/Oracle),Time Management|Negotiation|Leadership,Procurement|Global Supply Chain|Transportation Management,Six Sigma|CSCP,High,High,105000,135000-390000,No,Low,Medium,Oversee the movement of goods from suppliers to consumers efficiently and cost-effectively.
280,A/L Pending,Arts Stream - Languages focus,BA/BSc / BEd Education,Education,Teaching Assistant,Teacher,Professor,Curriculum Development|Student Assessment|Educational Technology,Public Speaking|Empathy|Mentorship,Teaching Methodology|Educational Psychology|Curriculum Design,Postgraduate Diploma in Education (PGDE)|TEFL/TESOL,Medium,High,65000,95000-390000,Medium,High,Low,"Educate and mentor students, preparing them for academic and personal success."
281,Career Switcher,Accounting & Finance Interest,BSc Accounting and Finance,Finance,Accounts Assistant,Financial Analyst,Chief Financial Officer (CFO),Financial Reporting|Taxation|Excel,Ethics|Attention to Detail|Integrity,Auditing|Corporate Finance|Management Accounting,CA Sri Lanka|CMA,High,High,75000,105000-310000,Yes,Medium,High,"Manage financial records, analyze financial data, and ensure legal tax compliance for organizations."
282,Career Switcher,Marketing & Digital Media Interest,BSc Digital Marketing,Marketing,SEO Trainee,Digital Marketing Executive,Chief Marketing Officer,Google Analytics|Content Creation|Social Media Ads,Communication|Creativity|Adaptability,Market Research|Consumer Behavior|Digital Strategy,HubSpot Inbound Marketing|Meta Blueprint,High,High,95000,125000-610000,Yes,High,Medium,Promote products and services using digital channels to reach target audiences effectively.
283,O/L Completed,Cybersecurity Interest,BSc Cyber Security,Information Security,SOC Analyst,Security Engineer,Security Architect,Ethical Hacking|Linux|Risk Assessment,Perseverance|Ethics|Calm Under Pressure,Cryptography|Malware Analysis|Network Protocols,CISM|CEH,Very High,Very High,180000,210000-670000,Yes,High,Low,Protect computer systems and networks from cyber attacks and unauthorized access.
284,Diploma Holder,Background in Networking,BSc Information Technology / Diploma in Networking,IT Infrastructure,IT Technician,Systems Administrator,IT Infrastructure Manager,Cloud Computing (AWS/Azure)|Routing & Switching|Linux/Windows Server,Troubleshooting|Reliability|Customer Service,Computer Networks|System Administration|Operating Systems,AWS SysOps|CCNA,High,High,140000,170000-500000,Yes,Low,Medium,"Design, install, and maintain the computer networks and systems that organizations rely on."
285,O/L Completed,Human Resource Management Interest,BSc Human Resource Management,Human Resources,Recruitment Trainee,Talent Acquisition Specialist,Chief Human Resources Officer (CHRO),Payroll Management|Labor Law Knowledge|Recruitment,Communication|Empathy|Conflict Resolution,Performance Management|Labor Law|Organizational Behavior,PHR|CIPM,Medium,Medium,100000,130000-430000,Yes,Low,Medium,"Manage the recruitment, development, and wellbeing of an organization's employees."
286,A/L Completed,Commerce Stream - Accounting focus,BSc Digital Marketing,Marketing,Social Media Coordinator,Digital Marketing Executive,Marketing Director,Google Analytics|Content Creation|SEO/SEM,Creativity|Empathy|Adaptability,Consumer Behavior|Brand Management|Market Research,HubSpot Inbound Marketing|Meta Blueprint,High,High,60000,90000-630000,Yes,High,Medium,Promote products and services using digital channels to reach target audiences effectively.
287,Graduate,Background in Psychology & Counseling,BA/BSc Psychology,Psychology,HR Assistant,Clinical Psychologist,Director of Mental Health Services,Research Methodology|Psychological Assessment|Therapy Techniques (CBT),Active Listening|Confidentiality|Patience,Cognitive Psychology|Counseling|Abnormal Psychology,Mental Health First Aid|Counseling Diploma,Medium,High,80000,110000-370000,Yes,High,Low,Study human behavior and help individuals navigate mental health and emotional challenges.
288,A/L Completed,Arts Stream - Languages focus,BSc Human Resource Management,Human Resources,HR Assistant,Employee Relations Manager,Chief Human Resources Officer (CHRO),Labor Law Knowledge|Recruitment|Payroll Management,Communication|Negotiation|Empathy,Labor Law|Organizational Behavior|Performance Management,PHR|CIPM,Medium,Medium,75000,105000-410000,Yes,Low,Medium,"Manage the recruitment, development, and wellbeing of an organization's employees."
289,Career Switcher,IT / Programming Interest,BSc Computer Science,Software Engineering,Associate Software Engineer,Full Stack Developer,Software Architect,Problem Solving|Data Structures|Git,Critical Thinking|Communication|Teamwork,Operating Systems|Databases|Software Patterns,Azure Fundamentals|AWS Certified Developer,Very High,Very High,100000,130000-410000,Yes,High,Medium,"Design, build, and maintain software applications and systems for various platforms."
290,Diploma Holder,Background in Construction & Structures,BSc Civil Engineering,Civil Engineering,Junior Civil Engineer,Civil Engineer,Engineering Director,Surveying|AutoCAD|Project Management,Problem Solving|Risk Management|Teamwork,Structural Design|Materials Science|Fluid Mechanics,AutoCAD Certification|PMP,Medium,Medium,110000,140000-280000,No,Low,Low,"Design, build, and supervise infrastructure projects and systems."
291,Career Switcher,Architecture & Built Environment Interest,BArch Architecture,Architecture,Junior Draftsman,Architect,Principal Architect,SketchUp|Building Codes|3D Rendering,Communication|Visualization|Attention to Detail,Architectural Design|Building Materials|History of Architecture,Chartered Architect (AIA)|LEED Green Associate,Medium,Medium,85000,115000-500000,Medium,High,Medium,"Design buildings and structures that are functional, safe, and aesthetically pleasing."
292,Diploma Holder,Background in Mechanical Systems,BSc Mechanical Engineering,Mechanical Engineering,Maintenance Engineer Trainee,Maintenance Engineer,Plant Manager,Quality Control|Thermodynamics|CAD/CAM,Innovation|Attention to Detail|Troubleshooting,Fluid Mechanics|Machine Design|Thermodynamics,SolidWorks Certification|Six Sigma,Medium,High,115000,145000-320000,No,Low,Medium,"Design, develop, build, and test mechanical and thermal sensors and devices."
293,Graduate,Background in Agriculture,BSc Agriculture,Agriculture & Agri-Business,Farm Supervisor,Agricultural Officer,Senior Agronomist,"Soil Science|Crop Management|Agri-Tech (IoT, Drones)",Physical Endurance|Problem Solving|Team Management,Agricultural Economics|Soil Science|Crop Science,Pesticide Application License|GAP Certification,Medium,Low,75000,105000-230000,No,Low,Medium,"Manage farming operations, improve crop yields, and implement sustainable agricultural practices."
294,Undergraduate,Background in Healthcare Caregiving,BSc Nursing,Healthcare - Nursing,Student Nurse,ICU Nurse,Nursing Sister,First Aid|Vital Signs Monitoring|Patient Care,Communication|Patience|Empathy,Medical-Surgical Nursing|Pharmacology|Nursing Foundations,Specialized Nursing Certifications|BLS,High,Very High,60000,90000-310000,No,Low,Low,"Provide care to patients, administer medications, and assist doctors in medical treatments."
295,A/L Pending,Biological Science Stream - Physics/Agri focus,BSc Nursing,Healthcare - Nursing,Assistant Nurse,Staff Nurse,Nursing Sister,First Aid|Patient Care|Infection Control,Resilience|Communication|Empathy,Psychology|Medical-Surgical Nursing|Nursing Foundations,ACLS|BLS,High,Very High,60000,90000-300000,No,Low,Low,"Provide care to patients, administer medications, and assist doctors in medical treatments."
296,A/L Completed,Commerce Stream - Accounting focus,BBA Business Management,Business Operations,Operations Assistant,Business Analyst,General Manager,Project Management|Strategic Planning|Data Analysis,Leadership|Problem Solving|Negotiation,Marketing|Organizational Behavior|HR,Certified Business Analysis Professional (CBAP)|Agile PM,Medium,High,95000,125000-460000,Yes,Medium,Low,Oversee the day-to-day operations of a company to ensure efficiency and profitability.
297,Undergraduate,Background in Data Analysis & AI,BSc Data Science,Data Science,BI Analyst,Data Engineer,AI Research Scientist,Statistics|Data Viz|SQL,Presentation|Business Acumen|Analytical Thinking,Big Data|Probability|Linear Algebra,Google Data Analytics|IBM Data Science,High,Very High,150000,180000-900000,Yes,High,Low,Analyze complex data sets to help companies make data-driven decisions and build predictive models.
298,Diploma Holder,Background in Medicine,MBBS Medicine,Healthcare - Medical,Junior Doctor,Medical Officer,Chief Medical Officer,Diagnosis|Pharmacology|Medical Procedures,Communication|Ethics|Empathy,Anatomy|Pathology|Surgery,MD/MS (Sri Lanka)|MRCP,Very High,Very High,230000,260000-1280000,No,Low,Low,"Diagnose and treat illnesses, injuries, and health conditions in patients."
299,Career Switcher,Tourism & Hospitality Interest,BSc Hospitality Management,Tourism,Tour Guide,Hotel Manager,General Manager (Hotel),Languages|Property Management Systems|Event Planning,Problem Solving|Customer Service|Interpersonal Skills,Hospitality Operations|HR in Hospitality|Food & Beverage Management,IATA Certification|Food Safety Certification,High,Medium,60000,90000-150000,No,Medium,High,"Manage operations in hotels, resorts, and coordinate travel experiences for tourists."
300,O/L Completed,Human Resource Management Interest,BSc Human Resource Management,Human Resources,Payroll Clerk,Talent Acquisition Specialist,Chief Human Resources Officer (CHRO),"Payroll Management|Recruitment|HRIS (Workday, BambooHR)",Empathy|Negotiation|Communication,Organizational Behavior|Performance Management|Compensation,SHRM-CP|PHR,Medium,Medium,95000,125000-220000,Yes,Low,Medium,"Manage the recruitment, development, and wellbeing of an organization's employees."
301,O/L Completed,Mechanical Systems Interest,BSc Mechanical Engineering,Mechanical Engineering,Design Engineer Intern,Maintenance Engineer,Plant Manager,Quality Control|CAD/CAM|Robotics,Troubleshooting|Analytical Thinking|Attention to Detail,Thermodynamics|Machine Design|Fluid Mechanics,Chartered Engineer (CEng)|SolidWorks Certification,Medium,High,85000,115000-250000,No,Low,Medium,"Design, develop, build, and test mechanical and thermal sensors and devices."
302,Career Switcher,Agriculture Interest,BSc Agriculture,Agriculture & Agri-Business,Field Officer,Agronomist,Senior Agronomist,"Crop Management|Soil Science|Agri-Tech (IoT, Drones)",Adaptability|Team Management|Problem Solving,Crop Science|Plant Biotechnology|Soil Science,Pesticide Application License|GAP Certification,Medium,Low,65000,95000-170000,No,Low,Medium,"Manage farming operations, improve crop yields, and implement sustainable agricultural practices."
303,A/L Completed,Biological Science Stream - Physics/Agri focus,MBBS Medicine,Healthcare - Medical,Medical Intern,Medical Officer,Consultant Specialist,Patient Care|Diagnosis|Medical Procedures,Empathy|Communication|Decision Making Under Pressure,Physiology|Pathology|Anatomy,USMLE|MRCP,Very High,Very High,185000,215000-1670000,No,Low,Low,"Diagnose and treat illnesses, injuries, and health conditions in patients."
304,Graduate,Background in Design & Multimedia,BA Graphic Design / Diploma in Multimedia,Design,Junior Graphic Designer,UI/UX Designer,Senior Art Director,Typography|Adobe Illustrator|Photoshop,Time Management|Attention to Detail|Receptivity to Feedback,Visual Communication|User Experience|Design Principles,Google UX Design|Adobe Certified Professional,High,High,85000,115000-400000,Yes,High,High,"Create visual concepts to communicate ideas that inspire, inform, and captivate consumers."
305,A/L Completed,Technology Stream - IT focus,BSc Computer Science,Software Engineering,Junior Software Developer,Software Engineer,Tech Lead,Programming|Algorithms|Git,Time Management|Teamwork|Critical Thinking,Math for CS|Databases|Operating Systems,Scrum Master|AWS Certified Developer,Very High,Very High,155000,185000-490000,Yes,High,Medium,"Design, build, and maintain software applications and systems for various platforms."
306,A/L Pending,Technology Stream - ET/BST focus,BSc Information Technology / Diploma in Networking,IT Infrastructure,Junior Systems Administrator,Systems Administrator,Network Architect,Routing & Switching|Linux/Windows Server|Cloud Computing (AWS/Azure),Communication|Troubleshooting|Customer Service,Operating Systems|Computer Networks|System Administration,CCNP|CompTIA Network+,High,High,110000,140000-520000,Yes,Low,Medium,"Design, install, and maintain the computer networks and systems that organizations rely on."
307,A/L Pending,Technology Stream - SFT focus,BA Graphic Design / Diploma in Multimedia,Design,Junior Graphic Designer,Art Director,Senior Art Director,Color Theory|Typography|Figma,Creativity|Time Management|Attention to Detail,Design Principles|Digital Art|Visual Communication,Adobe Certified Professional|Google UX Design,High,High,85000,115000-440000,Yes,High,High,"Create visual concepts to communicate ideas that inspire, inform, and captivate consumers."
308,O/L Completed,Medicine Interest,MBBS Medicine,Healthcare - Medical,Junior Doctor,Registrar,Chief Medical Officer,Diagnosis|Patient Care|Medical Procedures,Communication|Empathy|Decision Making Under Pressure,Anatomy|Pathology|Surgery,MRCP|MD/MS (Sri Lanka),Very High,Very High,240000,270000-1270000,No,Low,Low,"Diagnose and treat illnesses, injuries, and health conditions in patients."
309,Career Switcher,IT / Programming Interest,BSc Computer Science,Software Engineering,Junior Software Developer,Full Stack Developer,Software Architect,Programming|Git|Algorithms,Time Management|Communication|Critical Thinking,Software Patterns|Math for CS|Operating Systems,AWS Certified Developer|Scrum Master,Very High,Very High,100000,130000-680000,Yes,High,Medium,"Design, build, and maintain software applications and systems for various platforms."
310,Graduate,Background in Mechanical Systems,BSc Mechanical Engineering,Mechanical Engineering,Maintenance Engineer Trainee,Maintenance Engineer,Plant Manager,Thermodynamics|CAD/CAM|Quality Control,Troubleshooting|Innovation|Analytical Thinking,Fluid Mechanics|Machine Design|Thermodynamics,Six Sigma|SolidWorks Certification,Medium,High,125000,155000-410000,No,Low,Medium,"Design, develop, build, and test mechanical and thermal sensors and devices."
311,O/L Completed,Agriculture Interest,BSc Agriculture,Agriculture & Agri-Business,Agricultural Assistant,Plantation Manager,Director of Agriculture,Crop Management|Pest Control|Soil Science,Team Management|Physical Endurance|Problem Solving,Crop Science|Soil Science|Agricultural Economics,Pesticide Application License|GAP Certification,Medium,Low,80000,110000-400000,No,Low,Medium,"Manage farming operations, improve crop yields, and implement sustainable agricultural practices."
312,Diploma Holder,Background in Networking,BSc Information Technology / Diploma in Networking,IT Infrastructure,Network Support Engineer,Network Engineer,IT Infrastructure Manager,Cloud Computing (AWS/Azure)|Routing & Switching|Linux/Windows Server,Reliability|Customer Service|Troubleshooting,System Administration|Computer Networks|Operating Systems,CCNP|CompTIA Network+,High,High,100000,130000-570000,Yes,Low,Medium,"Design, install, and maintain the computer networks and systems that organizations rely on."
313,Undergraduate,Background in Healthcare Caregiving,BSc Nursing,Healthcare - Nursing,Trainee Staff Nurse,ICU Nurse,Matron,Vital Signs Monitoring|Infection Control|Patient Care,Resilience|Empathy|Communication,Pharmacology|Medical-Surgical Nursing|Nursing Foundations,Specialized Nursing Certifications|BLS,High,Very High,80000,110000-330000,No,Low,Low,"Provide care to patients, administer medications, and assist doctors in medical treatments."
314,Undergraduate,Background in Accounting & Finance,BSc Accounting and Finance,Finance,Junior Accountant,Financial Analyst,Senior Auditor,Taxation|Excel|ERP Systems,Analytical Thinking|Ethics|Attention to Detail,Management Accounting|Corporate Finance|Economics,CA Sri Lanka|ACCA,High,High,100000,130000-420000,Yes,Medium,High,"Manage financial records, analyze financial data, and ensure legal tax compliance for organizations."
315,Undergraduate,Background in Human Resource Management,BSc Human Resource Management,Human Resources,Payroll Clerk,HR Manager,Chief Human Resources Officer (CHRO),"HRIS (Workday, BambooHR)|Payroll Management|Labor Law Knowledge",Empathy|Conflict Resolution|Negotiation,Labor Law|Compensation|Organizational Behavior,CIPM|SHRM-CP,Medium,Medium,80000,110000-460000,Yes,Low,Medium,"Manage the recruitment, development, and wellbeing of an organization's employees."
316,Career Switcher,Tourism & Hospitality Interest,BSc Hospitality Management,Tourism,Tour Guide,Event Manager,Director of Tourism,Property Management Systems|Languages|Event Planning,Cultural Awareness|Interpersonal Skills|Customer Service,Tourism Marketing|HR in Hospitality|Food & Beverage Management,Language Diplomas|Food Safety Certification,High,Medium,90000,120000-160000,No,Medium,High,"Manage operations in hotels, resorts, and coordinate travel experiences for tourists."
317,O/L Completed,Education & Teaching Interest,BA/BSc / BEd Education,Education,Trainee Teacher,Teacher,Principal,Lesson Planning|Educational Technology|Curriculum Development,Empathy|Mentorship|Patience,Curriculum Design|Teaching Methodology|Educational Psychology,TEFL/TESOL|Postgraduate Diploma in Education (PGDE),Medium,High,55000,85000-130000,Medium,High,Low,"Educate and mentor students, preparing them for academic and personal success."
318,Graduate,Background in Education & Teaching,BA/BSc / BEd Education,Education,Teaching Assistant,Teacher,Senior Teacher,Educational Technology|Student Assessment|Lesson Planning,Public Speaking|Mentorship|Patience,Subject-Specific Focus|Educational Psychology|Curriculum Design,TEFL/TESOL|Postgraduate Diploma in Education (PGDE),Medium,High,65000,95000-220000,Medium,High,Low,"Educate and mentor students, preparing them for academic and personal success."
319,Diploma Holder,Background in Data Analysis & AI,BSc Data Science,Data Science,Junior Data Scientist,Data Engineer,Senior Data Scientist,Python|Data Viz|Machine Learning,Presentation|Curiosity|Analytical Thinking,Big Data|Probability|Deep Learning,IBM Data Science|Google Data Analytics,High,Very High,125000,155000-470000,Yes,High,Low,Analyze complex data sets to help companies make data-driven decisions and build predictive models.
320,A/L Pending,Arts Stream - Logic/Media focus,BSc Hospitality Management,Tourism,Front Office Assistant,Event Manager,Resort Manager,Inventory Management|Languages|Event Planning,Cultural Awareness|Customer Service|Interpersonal Skills,Food & Beverage Management|HR in Hospitality|Hospitality Operations,Language Diplomas|Food Safety Certification,High,Medium,90000,120000-170000,No,Medium,High,"Manage operations in hotels, resorts, and coordinate travel experiences for tourists."
321,Career Switcher,Medicine Interest,MBBS Medicine,Healthcare - Medical,Medical Intern,Registrar,Chief Medical Officer,Diagnosis|Pharmacology|Medical Procedures,Decision Making Under Pressure|Communication|Empathy,Pathology|Surgery|Pediatrics,USMLE|MD/MS (Sri Lanka),Very High,Very High,170000,200000-870000,No,Low,Low,"Diagnose and treat illnesses, injuries, and health conditions in patients."
322,A/L Pending,Technology Stream - ET/BST focus,BSc Cyber Security,Information Security,SOC Analyst,Penetration Tester,Chief Information Security Officer (CISO),Ethical Hacking|Linux|Network Security,Analytical Thinking|Perseverance|Ethics,Malware Analysis|Digital Forensics|Cryptography,CISM|CompTIA Security+,Very High,Very High,180000,210000-580000,Yes,High,Low,Protect computer systems and networks from cyber attacks and unauthorized access.
323,O/L Completed,Networking Interest,BSc Information Technology / Diploma in Networking,IT Infrastructure,Junior Systems Administrator,Cloud Engineer,Senior Cloud Architect,Cloud Computing (AWS/Azure)|Linux/Windows Server|Routing & Switching,Customer Service|Troubleshooting|Communication,Operating Systems|Computer Networks|System Administration,CCNA|CCNP,High,High,95000,125000-570000,Yes,Low,Medium,"Design, install, and maintain the computer networks and systems that organizations rely on."
324,A/L Completed,Physical Science Stream - Math focus,BSc Civil Engineering,Civil Engineering,Junior Civil Engineer,Structural Engineer,Engineering Director,AutoCAD|Surveying|Project Management,Teamwork|Problem Solving|Leadership,Materials Science|Fluid Mechanics|Geotechnical Engineering,Chartered Engineer (CEng)|PMP,Medium,Medium,80000,110000-620000,No,Low,Low,"Design, build, and supervise infrastructure projects and systems."
325,O/L Completed,Psychology & Counseling Interest,BA/BSc Psychology,Psychology,Assistant Psychologist,Organizational Psychologist,Chief HR Officer,Research Methodology|Psychological Assessment|Therapy Techniques (CBT),Patience|Confidentiality|Empathy,Abnormal Psychology|Developmental Psychology|Counseling,Counseling Diploma|Clinical Psychology Masters,Medium,High,65000,95000-350000,Yes,High,Low,Study human behavior and help individuals navigate mental health and emotional challenges.
326,O/L Completed,Human Resource Management Interest,BSc Human Resource Management,Human Resources,HR Assistant,HR Manager,Chief Human Resources Officer (CHRO),"Payroll Management|HRIS (Workday, BambooHR)|Labor Law Knowledge",Communication|Empathy|Negotiation,Labor Law|Performance Management|Organizational Behavior,SHRM-CP|PHR,Medium,Medium,75000,105000-440000,Yes,Low,Medium,"Manage the recruitment, development, and wellbeing of an organization's employees."
327,Diploma Holder,Background in Law & Justice,LLB Law,Legal Services,Apprentice,Attorney-at-Law,Chief Legal Officer,Litigation|Compliance|Legal Research,Analytical Thinking|Argumentation|Public Speaking,Corporate Law|Criminal Law|Contract Law,Attorney-at-Law (Sri Lanka Law College)|Notary Public,Medium,Medium,55000,85000-230000,No,Medium,Medium,"Advise and represent clients in legal matters, draft documents, and ensure legal compliance."
328,Graduate,Background in Architecture & Built Environment,BArch Architecture,Architecture,Design Intern,Interior Designer,Senior Architect,Revit|3D Rendering|Building Codes,Creativity|Attention to Detail|Visualization,Structural Design|History of Architecture|Building Materials,Chartered Architect (AIA)|LEED Green Associate,Medium,Medium,75000,105000-620000,Medium,High,Medium,"Design buildings and structures that are functional, safe, and aesthetically pleasing."
329,Undergraduate,Background in Construction & Structures,BSc Civil Engineering,Civil Engineering,Site Engineer,Civil Engineer,Senior Civil Engineer,Project Management|Structural Analysis|Surveying,Risk Management|Leadership|Problem Solving,Structural Design|Geotechnical Engineering|Materials Science,AutoCAD Certification|PMP,Medium,Medium,70000,100000-370000,No,Low,Low,"Design, build, and supervise infrastructure projects and systems."
330,Diploma Holder,Background in Law & Justice,LLB Law,Legal Services,Legal Assistant,Legal Consultant,Judge,Litigation|Compliance|Drafting Contracts,Public Speaking|Argumentation|Negotiation,Contract Law|Corporate Law|Criminal Law,Notary Public|Attorney-at-Law (Sri Lanka Law College),Medium,Medium,75000,105000-220000,No,Medium,Medium,"Advise and represent clients in legal matters, draft documents, and ensure legal compliance."
331,Diploma Holder,Background in Design & Multimedia,BA Graphic Design / Diploma in Multimedia,Design,Visual Designer,Graphic Designer,Creative Director,Figma|Adobe Illustrator|Typography,Time Management|Attention to Detail|Receptivity to Feedback,User Experience|Design Principles|Visual Communication,Google UX Design|Adobe Certified Professional,High,High,110000,140000-390000,Yes,High,High,"Create visual concepts to communicate ideas that inspire, inform, and captivate consumers."
332,O/L Completed,IT / Programming Interest,BSc Computer Science,Software Engineering,Associate Software Engineer,Backend Engineer,Senior Developer,Programming|Algorithms|Data Structures,Teamwork|Communication|Critical Thinking,Operating Systems|Databases|Software Patterns,Azure Fundamentals|AWS Certified Developer,Very High,Very High,100000,130000-730000,Yes,High,Medium,"Design, build, and maintain software applications and systems for various platforms."
333,A/L Completed,Physical Science Stream - Physics focus,BSc Mechanical Engineering,Mechanical Engineering,Maintenance Engineer Trainee,Maintenance Engineer,Senior Mechanical Engineer,Quality Control|Thermodynamics|CAD/CAM,Attention to Detail|Analytical Thinking|Innovation,Fluid Mechanics|Thermodynamics|Machine Design,Six Sigma|SolidWorks Certification,Medium,High,70000,100000-650000,No,Low,Medium,"Design, develop, build, and test mechanical and thermal sensors and devices."
334,O/L Completed,Design & Multimedia Interest,BA Graphic Design / Diploma in Multimedia,Design,UI/UX Intern,Art Director,Senior Art Director,Adobe Illustrator|Photoshop|Figma,Creativity|Time Management|Receptivity to Feedback,User Experience|Design Principles|Visual Communication,Google UX Design|Adobe Certified Professional,High,High,105000,135000-200000,Yes,High,High,"Create visual concepts to communicate ideas that inspire, inform, and captivate consumers."
335,O/L Completed,Mechanical Systems Interest,BSc Mechanical Engineering,Mechanical Engineering,Design Engineer Intern,Maintenance Engineer,Plant Manager,CAD/CAM|Thermodynamics|Quality Control,Innovation|Attention to Detail|Troubleshooting,Control Systems|Thermodynamics|Machine Design,Six Sigma|Chartered Engineer (CEng),Medium,High,115000,145000-620000,No,Low,Medium,"Design, develop, build, and test mechanical and thermal sensors and devices."
336,A/L Pending,Technology Stream - SFT focus,BSc Mechanical Engineering,Mechanical Engineering,Junior Mechanical Engineer,Mechanical Engineer,Engineering Director,Quality Control|Robotics|Thermodynamics,Analytical Thinking|Attention to Detail|Troubleshooting,Machine Design|Control Systems|Fluid Mechanics,SolidWorks Certification|Six Sigma,Medium,High,80000,110000-350000,No,Low,Medium,"Design, develop, build, and test mechanical and thermal sensors and devices."
337,A/L Pending,Physical Science Stream - Chemistry/IT focus,BSc Agriculture,Agriculture & Agri-Business,Agricultural Assistant,Agronomist,Director of Agriculture,Soil Science|Crop Management|Pest Control,Physical Endurance|Team Management|Adaptability,Crop Science|Soil Science|Agricultural Economics,Pesticide Application License|GAP Certification,Medium,Low,60000,90000-150000,No,Low,Medium,"Manage farming operations, improve crop yields, and implement sustainable agricultural practices."
338,A/L Pending,Biological Science Stream - Biology focus,BSc Nursing,Healthcare - Nursing,Assistant Nurse,Registered Nurse,Chief Nursing Officer,First Aid|Vital Signs Monitoring|Patient Care,Communication|Patience|Resilience,Medical-Surgical Nursing|Nursing Foundations|Psychology,BLS|Specialized Nursing Certifications,High,Very High,95000,125000-540000,No,Low,Low,"Provide care to patients, administer medications, and assist doctors in medical treatments."
339,Diploma Holder,Background in Accounting & Finance,BSc Accounting and Finance,Finance,Accounts Assistant,Tax Executive,Senior Auditor,ERP Systems|Excel|Financial Reporting,Integrity|Analytical Thinking|Attention to Detail,Corporate Finance|Management Accounting|Economics,CMA|CIMA,High,High,65000,95000-230000,Yes,Medium,High,"Manage financial records, analyze financial data, and ensure legal tax compliance for organizations."
340,Graduate,Background in Design & Multimedia,BA Graphic Design / Diploma in Multimedia,Design,Visual Designer,UI/UX Designer,Creative Director,Typography|Adobe Illustrator|Figma,Receptivity to Feedback|Creativity|Attention to Detail,Digital Art|Design Principles|Visual Communication,Google UX Design|Adobe Certified Professional,High,High,50000,80000-380000,Yes,High,High,"Create visual concepts to communicate ideas that inspire, inform, and captivate consumers."
341,Undergraduate,Background in Law & Justice,LLB Law,Legal Services,Legal Assistant,Legal Consultant,Senior Counsel,Legal Research|Compliance|Litigation,Negotiation|Public Speaking|Analytical Thinking,Constitutional Law|Contract Law|Corporate Law,Notary Public|Attorney-at-Law (Sri Lanka Law College),Medium,Medium,85000,115000-460000,No,Medium,Medium,"Advise and represent clients in legal matters, draft documents, and ensure legal compliance."
342,Undergraduate,Background in Business Management,BBA Business Management,Business Operations,Operations Assistant,Operations Manager,Chief Operating Officer,Strategic Planning|Budgeting|Data Analysis,Negotiation|Decision Making|Leadership,Marketing|Strategic Management|HR,PMP|Agile PM,Medium,High,85000,115000-590000,Yes,Medium,Low,Oversee the day-to-day operations of a company to ensure efficiency and profitability.
343,Diploma Holder,Background in Construction & Structures,BSc Civil Engineering,Civil Engineering,Junior Civil Engineer,Civil Engineer,Senior Civil Engineer,Structural Analysis|Surveying|Project Management,Leadership|Teamwork|Risk Management,Materials Science|Structural Design|Fluid Mechanics,AutoCAD Certification|PMP,Medium,Medium,85000,115000-470000,No,Low,Low,"Design, build, and supervise infrastructure projects and systems."
344,Undergraduate,Background in Data Analysis & AI,BSc Data Science,Data Science,Data Analyst,Machine Learning Engineer,Chief Data Officer,Statistics|Python|Machine Learning,Analytical Thinking|Presentation|Business Acumen,Probability|Deep Learning|Linear Algebra,AWS Machine Learning|IBM Data Science,High,Very High,125000,155000-920000,Yes,High,Low,Analyze complex data sets to help companies make data-driven decisions and build predictive models.
345,Career Switcher,Marketing & Digital Media Interest,BSc Digital Marketing,Marketing,Marketing Assistant,Content Strategist,Chief Marketing Officer,Social Media Ads|Content Creation|SEO/SEM,Creativity|Adaptability|Empathy,Digital Strategy|Brand Management|Market Research,HubSpot Inbound Marketing|Meta Blueprint,High,High,105000,135000-280000,Yes,High,Medium,Promote products and services using digital channels to reach target audiences effectively.
346,Diploma Holder,Background in Architecture & Built Environment,BArch Architecture,Architecture,Design Intern,Project Architect,Design Director,3D Rendering|Building Codes|SketchUp,Communication|Visualization|Creativity,Building Materials|Architectural Design|History of Architecture,LEED Green Associate|Chartered Architect (AIA),Medium,Medium,90000,120000-640000,Medium,High,Medium,"Design buildings and structures that are functional, safe, and aesthetically pleasing."
347,Undergraduate,Background in Accounting & Finance,BSc Accounting and Finance,Finance,Audit Trainee,Tax Executive,Finance Manager,Financial Reporting|ERP Systems|Taxation,Integrity|Analytical Thinking|Attention to Detail,Management Accounting|Corporate Finance|Economics,CA Sri Lanka|CIMA,High,High,95000,125000-360000,Yes,Medium,High,"Manage financial records, analyze financial data, and ensure legal tax compliance for organizations."
348,Career Switcher,Cybersecurity Interest,BSc Cyber Security,Information Security,Junior Penetration Tester,Cyber Security Specialist,Chief Information Security Officer (CISO),Network Security|Linux|Risk Assessment,Calm Under Pressure|Ethics|Analytical Thinking,Malware Analysis|Digital Forensics|Cryptography,CEH|CISM,Very High,Very High,205000,235000-1050000,Yes,High,Low,Protect computer systems and networks from cyber attacks and unauthorized access.
349,O/L Completed,Logistics & Supply Chain Interest,BSc Supply Chain Management,Logistics,Logistics Coordinator,Supply Chain Manager,Procurement Director,ERP Software (SAP/Oracle)|Freight Forwarding|Inventory Management,Negotiation|Leadership|Problem Solving,Global Supply Chain|Transportation Management|Procurement,CIPS|Six Sigma,High,High,95000,125000-260000,No,Low,Medium,Oversee the movement of goods from suppliers to consumers efficiently and cost-effectively.
350,Graduate,Background in Psychology & Counseling,BA/BSc Psychology,Psychology,HR Assistant,Clinical Psychologist,Director of Mental Health Services,Therapy Techniques (CBT)|Research Methodology|Psychological Assessment,Empathy|Patience|Confidentiality,Abnormal Psychology|Cognitive Psychology|Counseling,Clinical Psychology Masters|Counseling Diploma,Medium,High,90000,120000-320000,Yes,High,Low,Study human behavior and help individuals navigate mental health and emotional challenges.
351,Undergraduate,Background in Construction & Structures,BSc Civil Engineering,Civil Engineering,Junior Civil Engineer,Civil Engineer,Senior Civil Engineer,Structural Analysis|Surveying|Project Management,Leadership|Problem Solving|Risk Management,Fluid Mechanics|Materials Science|Geotechnical Engineering,Chartered Engineer (CEng)|PMP,Medium,Medium,120000,150000-590000,No,Low,Low,"Design, build, and supervise infrastructure projects and systems."
352,O/L Completed,Human Resource Management Interest,BSc Human Resource Management,Human Resources,HR Assistant,Employee Relations Manager,HR Director,"HRIS (Workday, BambooHR)|Recruitment|Payroll Management",Empathy|Conflict Resolution|Negotiation,Labor Law|Organizational Behavior|Performance Management,PHR|CIPM,Medium,Medium,100000,130000-170000,Yes,Low,Medium,"Manage the recruitment, development, and wellbeing of an organization's employees."
353,A/L Pending,Commerce Stream - Business focus,BA/BSc / BEd Education,Education,Tutor,Instructor,Principal,Educational Technology|Curriculum Development|Student Assessment,Patience|Public Speaking|Mentorship,Educational Psychology|Subject-Specific Focus|Curriculum Design,Postgraduate Diploma in Education (PGDE)|TEFL/TESOL,Medium,High,50000,80000-200000,Medium,High,Low,"Educate and mentor students, preparing them for academic and personal success."
354,A/L Pending,Arts Stream - History focus,BA Graphic Design / Diploma in Multimedia,Design,Junior Graphic Designer,Art Director,Senior Art Director,Adobe Illustrator|Typography|Color Theory,Attention to Detail|Creativity|Time Management,Visual Communication|User Experience|Digital Art,Adobe Certified Professional|Google UX Design,High,High,90000,120000-440000,Yes,High,High,"Create visual concepts to communicate ideas that inspire, inform, and captivate consumers."
355,A/L Pending,Arts Stream - History focus,BSc Human Resource Management,Human Resources,Recruitment Trainee,Talent Acquisition Specialist,HR Director,"Labor Law Knowledge|Recruitment|HRIS (Workday, BambooHR)",Negotiation|Empathy|Conflict Resolution,Performance Management|Organizational Behavior|Labor Law,PHR|CIPM,Medium,Medium,100000,130000-150000,Yes,Low,Medium,"Manage the recruitment, development, and wellbeing of an organization's employees."
356,A/L Completed,Arts Stream - History focus,BSc Human Resource Management,Human Resources,Recruitment Trainee,Talent Acquisition Specialist,Chief Human Resources Officer (CHRO),Payroll Management|Labor Law Knowledge|Recruitment,Empathy|Communication|Conflict Resolution,Organizational Behavior|Labor Law|Performance Management,CIPM|PHR,Medium,Medium,80000,110000-580000,Yes,Low,Medium,"Manage the recruitment, development, and wellbeing of an organization's employees."
357,A/L Pending,Physical Science Stream - Physics focus,BSc Hospitality Management,Tourism,Management Trainee,Tour Operations Manager,General Manager (Hotel),Event Planning|Languages|Property Management Systems,Interpersonal Skills|Cultural Awareness|Customer Service,Food & Beverage Management|Tourism Marketing|HR in Hospitality,Food Safety Certification|IATA Certification,High,Medium,90000,120000-160000,No,Medium,High,"Manage operations in hotels, resorts, and coordinate travel experiences for tourists."
358,A/L Completed,Physical Science Stream - Math focus,BSc Computer Science,Software Engineering,Junior Software Developer,Software Engineer,Software Architect,Problem Solving|Data Structures|Git,Teamwork|Time Management|Communication,Operating Systems|Software Patterns|Databases,Scrum Master|Azure Fundamentals,Very High,Very High,170000,200000-350000,Yes,High,Medium,"Design, build, and maintain software applications and systems for various platforms."
359,A/L Completed,Physical Science Stream - Math focus,BSc Computer Science,Software Engineering,Junior Software Developer,Software Engineer,Senior Developer,Problem Solving|Algorithms|Data Structures,Time Management|Communication|Teamwork,Operating Systems|Math for CS|Software Patterns,Azure Fundamentals|Scrum Master,Very High,Very High,135000,165000-440000,Yes,High,Medium,"Design, build, and maintain software applications and systems for various platforms."
360,Diploma Holder,Background in Tourism & Hospitality,BSc Hospitality Management,Tourism,Front Office Assistant,Hotel Manager,Resort Manager,Property Management Systems|Event Planning|Languages,Customer Service|Cultural Awareness|Problem Solving,Hospitality Operations|Food & Beverage Management|HR in Hospitality,Language Diplomas|Food Safety Certification,High,Medium,75000,105000-540000,No,Medium,High,"Manage operations in hotels, resorts, and coordinate travel experiences for tourists."
361,A/L Completed,Arts Stream - Logic/Media focus,BSc Human Resource Management,Human Resources,Payroll Clerk,HR Manager,Chief Human Resources Officer (CHRO),Recruitment|Labor Law Knowledge|Payroll Management,Negotiation|Conflict Resolution|Communication,Labor Law|Performance Management|Compensation,CIPM|SHRM-CP,Medium,Medium,60000,90000-550000,Yes,Low,Medium,"Manage the recruitment, development, and wellbeing of an organization's employees."
362,Diploma Holder,Background in Logistics & Supply Chain,BSc Supply Chain Management,Logistics,Procurement Trainee,Logistics Analyst,Chief Supply Chain Officer,ERP Software (SAP/Oracle)|Inventory Management|Data Analysis,Negotiation|Leadership|Time Management,Global Supply Chain|Transportation Management|Inventory Control,CIPS|CSCP,High,High,80000,110000-390000,No,Low,Medium,Oversee the movement of goods from suppliers to consumers efficiently and cost-effectively.
363,Career Switcher,Business Management Interest,BBA Business Management,Business Operations,Business Coordinator,Project Manager,Operations Director,Budgeting|Project Management|Strategic Planning,Decision Making|Leadership|Negotiation,Strategic Management|HR|Marketing,Certified Business Analysis Professional (CBAP)|PMP,Medium,High,95000,125000-320000,Yes,Medium,Low,Oversee the day-to-day operations of a company to ensure efficiency and profitability.
364,O/L Completed,Architecture & Built Environment Interest,BArch Architecture,Architecture,Architect Assistant,Project Architect,Principal Architect,Building Codes|SketchUp|AutoCAD,Visualization|Attention to Detail|Communication,Structural Design|Architectural Design|History of Architecture,Chartered Architect (AIA)|LEED Green Associate,Medium,Medium,85000,115000-630000,Medium,High,Medium,"Design buildings and structures that are functional, safe, and aesthetically pleasing."
365,Career Switcher,Psychology & Counseling Interest,BA/BSc Psychology,Psychology,Assistant Psychologist,Counselor,Director of Mental Health Services,Therapy Techniques (CBT)|Research Methodology|Psychological Assessment,Empathy|Confidentiality|Active Listening,Cognitive Psychology|Abnormal Psychology|Counseling,Counseling Diploma|Clinical Psychology Masters,Medium,High,95000,125000-340000,Yes,High,Low,Study human behavior and help individuals navigate mental health and emotional challenges.
366,Undergraduate,Background in Design & Multimedia,BA Graphic Design / Diploma in Multimedia,Design,Visual Designer,Graphic Designer,Creative Director,Color Theory|Photoshop|Adobe Illustrator,Creativity|Time Management|Receptivity to Feedback,Visual Communication|Design Principles|User Experience,Google UX Design|Adobe Certified Professional,High,High,80000,110000-320000,Yes,High,High,"Create visual concepts to communicate ideas that inspire, inform, and captivate consumers."
367,Graduate,Background in Mechanical Systems,BSc Mechanical Engineering,Mechanical Engineering,Junior Mechanical Engineer,Production Engineer,Engineering Director,Robotics|Quality Control|Thermodynamics,Troubleshooting|Innovation|Analytical Thinking,Machine Design|Control Systems|Fluid Mechanics,Chartered Engineer (CEng)|SolidWorks Certification,Medium,High,120000,150000-400000,No,Low,Medium,"Design, develop, build, and test mechanical and thermal sensors and devices."
368,A/L Completed,Biological Science Stream - Chemistry focus,MBBS Medicine,Healthcare - Medical,Medical Intern,Medical Officer,Hospital Director,Medical Procedures|Patient Care|Diagnosis,Communication|Decision Making Under Pressure|Empathy,Surgery|Physiology|Pathology,USMLE|MD/MS (Sri Lanka),Very High,Very High,245000,275000-550000,No,Low,Low,"Diagnose and treat illnesses, injuries, and health conditions in patients."
369,Career Switcher,Education & Teaching Interest,BA/BSc / BEd Education,Education,Trainee Teacher,Lecturer,Principal,Curriculum Development|Lesson Planning|Student Assessment,Mentorship|Empathy|Public Speaking,Subject-Specific Focus|Teaching Methodology|Educational Psychology,TEFL/TESOL|Postgraduate Diploma in Education (PGDE),Medium,High,45000,75000-140000,Medium,High,Low,"Educate and mentor students, preparing them for academic and personal success."
370,Undergraduate,Background in Networking,BSc Information Technology / Diploma in Networking,IT Infrastructure,IT Technician,Cloud Engineer,Senior Cloud Architect,Routing & Switching|Linux/Windows Server|Cloud Computing (AWS/Azure),Reliability|Troubleshooting|Customer Service,System Administration|Operating Systems|Computer Networks,CCNP|CompTIA Network+,High,High,105000,135000-660000,Yes,Low,Medium,"Design, install, and maintain the computer networks and systems that organizations rely on."
371,Career Switcher,Healthcare Caregiving Interest,BSc Nursing,Healthcare - Nursing,Student Nurse,ICU Nurse,Matron,Infection Control|Vital Signs Monitoring|Patient Care,Patience|Communication|Empathy,Psychology|Medical-Surgical Nursing|Nursing Foundations,BLS|Specialized Nursing Certifications,High,Very High,60000,90000-400000,No,Low,Low,"Provide care to patients, administer medications, and assist doctors in medical treatments."
372,A/L Pending,Arts Stream - History focus,LLB Law,Legal Services,Junior Lawyer,Legal Consultant,Chief Legal Officer,Legal Research|Drafting Contracts|Litigation,Negotiation|Public Speaking|Argumentation,Corporate Law|Criminal Law|Contract Law,Notary Public|Attorney-at-Law (Sri Lanka Law College),Medium,Medium,95000,125000-510000,No,Medium,Medium,"Advise and represent clients in legal matters, draft documents, and ensure legal compliance."
373,O/L Completed,Education & Teaching Interest,BA/BSc / BEd Education,Education,Teaching Assistant,Lecturer,Professor,Curriculum Development|Student Assessment|Lesson Planning,Patience|Empathy|Mentorship,Educational Psychology|Teaching Methodology|Subject-Specific Focus,Postgraduate Diploma in Education (PGDE)|TEFL/TESOL,Medium,High,65000,95000-180000,Medium,High,Low,"Educate and mentor students, preparing them for academic and personal success."
374,O/L Completed,Cybersecurity Interest,BSc Cyber Security,Information Security,SOC Analyst,Cyber Security Specialist,Chief Information Security Officer (CISO),Network Security|Risk Assessment|Ethical Hacking,Ethics|Calm Under Pressure|Analytical Thinking,Cryptography|Digital Forensics|Malware Analysis,CompTIA Security+|CEH,Very High,Very High,200000,230000-620000,Yes,High,Low,Protect computer systems and networks from cyber attacks and unauthorized access.
375,O/L Completed,Data Analysis & AI Interest,BSc Data Science,Data Science,Junior Data Scientist,Machine Learning Engineer,Chief Data Officer,SQL|Machine Learning|Data Viz,Presentation|Business Acumen|Curiosity,Deep Learning|Big Data|Probability,Google Data Analytics|IBM Data Science,High,Very High,185000,215000-490000,Yes,High,Low,Analyze complex data sets to help companies make data-driven decisions and build predictive models.
376,A/L Pending,Arts Stream - Languages focus,LLB Law,Legal Services,Junior Lawyer,Corporate Counsel,Chief Legal Officer,Drafting Contracts|Compliance|Legal Research,Public Speaking|Analytical Thinking|Negotiation,Criminal Law|Corporate Law|Contract Law,Attorney-at-Law (Sri Lanka Law College)|Notary Public,Medium,Medium,75000,105000-220000,No,Medium,Medium,"Advise and represent clients in legal matters, draft documents, and ensure legal compliance."
377,Undergraduate,Background in Law & Justice,LLB Law,Legal Services,Legal Assistant,Corporate Counsel,Judge,Drafting Contracts|Compliance|Litigation,Negotiation|Public Speaking|Argumentation,Corporate Law|Contract Law|Criminal Law,Attorney-at-Law (Sri Lanka Law College)|Notary Public,Medium,Medium,90000,120000-650000,No,Medium,Medium,"Advise and represent clients in legal matters, draft documents, and ensure legal compliance."
378,A/L Completed,Technology Stream - ET/BST focus,BSc Mechanical Engineering,Mechanical Engineering,Design Engineer Intern,Production Engineer,Engineering Director,CAD/CAM|Quality Control|Thermodynamics,Troubleshooting|Innovation|Attention to Detail,Machine Design|Fluid Mechanics|Thermodynamics,Chartered Engineer (CEng)|SolidWorks Certification,Medium,High,105000,135000-470000,No,Low,Medium,"Design, develop, build, and test mechanical and thermal sensors and devices."
379,Undergraduate,Background in Healthcare Caregiving,BSc Nursing,Healthcare - Nursing,Assistant Nurse,ICU Nurse,Nursing Sister,Vital Signs Monitoring|Patient Care|Infection Control,Empathy|Resilience|Patience,Psychology|Medical-Surgical Nursing|Pharmacology,BLS|ACLS,High,Very High,70000,100000-480000,No,Low,Low,"Provide care to patients, administer medications, and assist doctors in medical treatments."
380,A/L Pending,Physical Science Stream - Physics focus,BA/BSc / BEd Education,Education,Tutor,Lecturer,Principal,Educational Technology|Curriculum Development|Student Assessment,Empathy|Public Speaking|Patience,Curriculum Design|Educational Psychology|Subject-Specific Focus,TEFL/TESOL|Postgraduate Diploma in Education (PGDE),Medium,High,55000,85000-100000,Medium,High,Low,"Educate and mentor students, preparing them for academic and personal success."
381,Graduate,Background in Human Resource Management,BSc Human Resource Management,Human Resources,Payroll Clerk,HR Manager,VP of People,"Recruitment|Labor Law Knowledge|HRIS (Workday, BambooHR)",Conflict Resolution|Negotiation|Communication,Organizational Behavior|Labor Law|Performance Management,PHR|SHRM-CP,Medium,Medium,90000,120000-220000,Yes,Low,Medium,"Manage the recruitment, development, and wellbeing of an organization's employees."
382,Diploma Holder,Background in Architecture & Built Environment,BArch Architecture,Architecture,Design Intern,Architect,Design Director,Building Codes|AutoCAD|3D Rendering,Communication|Visualization|Attention to Detail,History of Architecture|Architectural Design|Structural Design,LEED Green Associate|Chartered Architect (AIA),Medium,Medium,115000,145000-510000,Medium,High,Medium,"Design buildings and structures that are functional, safe, and aesthetically pleasing."
383,A/L Completed,Physical Science Stream - Physics focus,BA/BSc / BEd Education,Education,Tutor,Instructor,Senior Teacher,Student Assessment|Educational Technology|Lesson Planning,Public Speaking|Empathy|Patience,Teaching Methodology|Curriculum Design|Educational Psychology,Postgraduate Diploma in Education (PGDE)|TEFL/TESOL,Medium,High,55000,85000-110000,Medium,High,Low,"Educate and mentor students, preparing them for academic and personal success."
384,Graduate,Background in Networking,BSc Information Technology / Diploma in Networking,IT Infrastructure,Network Support Engineer,Network Engineer,Senior Cloud Architect,Linux/Windows Server|Cloud Computing (AWS/Azure)|Routing & Switching,Customer Service|Reliability|Communication,System Administration|Computer Networks|Operating Systems,CompTIA Network+|AWS SysOps,High,High,140000,170000-350000,Yes,Low,Medium,"Design, install, and maintain the computer networks and systems that organizations rely on."
385,A/L Pending,Technology Stream - ET/BST focus,BSc Computer Science,Software Engineering,Junior Software Developer,Full Stack Developer,Tech Lead,Programming|Data Structures|Problem Solving,Critical Thinking|Teamwork|Communication,Math for CS|Databases|Operating Systems,Scrum Master|Azure Fundamentals,Very High,Very High,170000,200000-510000,Yes,High,Medium,"Design, build, and maintain software applications and systems for various platforms."
386,Graduate,Background in Medicine,MBBS Medicine,Healthcare - Medical,Medical Intern,Medical Officer,Chief Medical Officer,Pharmacology|Medical Procedures|Patient Care,Communication|Decision Making Under Pressure|Empathy,Surgery|Pathology|Pediatrics,USMLE|MRCP,Very High,Very High,195000,225000-570000,No,Low,Low,"Diagnose and treat illnesses, injuries, and health conditions in patients."
387,A/L Completed,Biological Science Stream - Chemistry focus,MBBS Medicine,Healthcare - Medical,Junior Doctor,Registrar,Consultant Specialist,Pharmacology|Patient Care|Medical Procedures,Ethics|Decision Making Under Pressure|Communication,Pathology|Pediatrics|Anatomy,MRCP|USMLE,Very High,Very High,195000,225000-1490000,No,Low,Low,"Diagnose and treat illnesses, injuries, and health conditions in patients."
388,Graduate,Background in Data Analysis & AI,BSc Data Science,Data Science,Data Analyst,Data Scientist,Chief Data Officer,SQL|Machine Learning|Python,Business Acumen|Presentation|Analytical Thinking,Deep Learning|Probability|Big Data,Google Data Analytics|IBM Data Science,High,Very High,140000,170000-440000,Yes,High,Low,Analyze complex data sets to help companies make data-driven decisions and build predictive models.
389,Career Switcher,Logistics & Supply Chain Interest,BSc Supply Chain Management,Logistics,Procurement Trainee,Supply Chain Manager,Procurement Director,Freight Forwarding|Data Analysis|Inventory Management,Negotiation|Time Management|Problem Solving,Procurement|Inventory Control|Transportation Management,CIPS|Six Sigma,High,High,80000,110000-510000,No,Low,Medium,Oversee the movement of goods from suppliers to consumers efficiently and cost-effectively.
390,O/L Completed,Education & Teaching Interest,BA/BSc / BEd Education,Education,Tutor,Lecturer,Senior Teacher,Curriculum Development|Lesson Planning|Student Assessment,Empathy|Patience|Mentorship,Teaching Methodology|Educational Psychology|Subject-Specific Focus,TEFL/TESOL|Postgraduate Diploma in Education (PGDE),Medium,High,50000,80000-310000,Medium,High,Low,"Educate and mentor students, preparing them for academic and personal success."
391,A/L Pending,Biological Science Stream - Chemistry focus,BSc Agriculture,Agriculture & Agri-Business,Farm Supervisor,Agricultural Officer,Director of Agriculture,"Agri-Tech (IoT, Drones)|Crop Management|Pest Control",Team Management|Physical Endurance|Adaptability,Plant Biotechnology|Agricultural Economics|Crop Science,Pesticide Application License|GAP Certification,Medium,Low,60000,90000-420000,No,Low,Medium,"Manage farming operations, improve crop yields, and implement sustainable agricultural practices."
392,A/L Completed,Biological Science Stream - Physics/Agri focus,BBA Business Management,Business Operations,Management Trainee,Project Manager,General Manager,Project Management|Strategic Planning|Budgeting,Leadership|Negotiation|Problem Solving,Marketing|HR|Strategic Management,Agile PM|PMP,Medium,High,85000,115000-620000,Yes,Medium,Low,Oversee the day-to-day operations of a company to ensure efficiency and profitability.
393,A/L Pending,Physical Science Stream - Physics focus,BSc Civil Engineering,Civil Engineering,Structural Trainee,Project Engineer,Engineering Director,Structural Analysis|Surveying|AutoCAD,Leadership|Risk Management|Problem Solving,Fluid Mechanics|Materials Science|Structural Design,PMP|Chartered Engineer (CEng),Medium,Medium,105000,135000-420000,No,Low,Low,"Design, build, and supervise infrastructure projects and systems."
394,O/L Completed,Human Resource Management Interest,BSc Human Resource Management,Human Resources,Recruitment Trainee,Talent Acquisition Specialist,VP of People,"Labor Law Knowledge|Payroll Management|HRIS (Workday, BambooHR)",Empathy|Negotiation|Conflict Resolution,Performance Management|Compensation|Labor Law,SHRM-CP|PHR,Medium,Medium,105000,135000-260000,Yes,Low,Medium,"Manage the recruitment, development, and wellbeing of an organization's employees."
395,Diploma Holder,Background in Mechanical Systems,BSc Mechanical Engineering,Mechanical Engineering,Design Engineer Intern,Maintenance Engineer,Senior Mechanical Engineer,Robotics|CAD/CAM|Quality Control,Troubleshooting|Innovation|Attention to Detail,Control Systems|Fluid Mechanics|Thermodynamics,Six Sigma|Chartered Engineer (CEng),Medium,High,75000,105000-550000,No,Low,Medium,"Design, develop, build, and test mechanical and thermal sensors and devices."
396,A/L Completed,Physical Science Stream - Physics focus,BSc Information Technology / Diploma in Networking,IT Infrastructure,IT Technician,Systems Administrator,IT Infrastructure Manager,Cloud Computing (AWS/Azure)|Linux/Windows Server|Routing & Switching,Reliability|Troubleshooting|Customer Service,Computer Networks|Operating Systems|System Administration,CompTIA Network+|CCNA,High,High,130000,160000-440000,Yes,Low,Medium,"Design, install, and maintain the computer networks and systems that organizations rely on."
397,A/L Pending,Technology Stream - SFT focus,BSc Computer Science,Software Engineering,Associate Software Engineer,Software Engineer,Senior Developer,Algorithms|Data Structures|Problem Solving,Critical Thinking|Time Management|Teamwork,Math for CS|Databases|Operating Systems,Scrum Master|Azure Fundamentals,Very High,Very High,110000,140000-540000,Yes,High,Medium,"Design, build, and maintain software applications and systems for various platforms."
398,Graduate,Background in Medicine,MBBS Medicine,Healthcare - Medical,Medical Intern,Registrar,Hospital Director,Medical Procedures|Diagnosis|Pharmacology,Communication|Decision Making Under Pressure|Ethics,Pathology|Anatomy|Pediatrics,USMLE|MD/MS (Sri Lanka),Very High,Very High,175000,205000-1590000,No,Low,Low,"Diagnose and treat illnesses, injuries, and health conditions in patients."
399,O/L Completed,Accounting & Finance Interest,BSc Accounting and Finance,Finance,Junior Accountant,Financial Analyst,Chief Financial Officer (CFO),Financial Reporting|Taxation|Excel,Attention to Detail|Analytical Thinking|Ethics,Management Accounting|Auditing|Economics,ACCA|CMA,High,High,80000,110000-410000,Yes,Medium,High,"Manage financial records, analyze financial data, and ensure legal tax compliance for organizations."
400,A/L Completed,Arts Stream - Languages focus,BArch Architecture,Architecture,Design Intern,Project Architect,Principal Architect,Revit|SketchUp|3D Rendering,Attention to Detail|Creativity|Visualization,Architectural Design|History of Architecture|Building Materials,Chartered Architect (AIA)|LEED Green Associate,Medium,Medium,60000,90000-590000,Medium,High,Medium,"Design buildings and structures that are functional, safe, and aesthetically pleasing."
401,A/L Pending,Arts Stream - History focus,LLB Law,Legal Services,Junior Lawyer,Corporate Counsel,Senior Counsel,Legal Research|Litigation|Compliance,Analytical Thinking|Public Speaking|Argumentation,Constitutional Law|Corporate Law|Criminal Law,Notary Public|Attorney-at-Law (Sri Lanka Law College),Medium,Medium,75000,105000-640000,No,Medium,Medium,"Advise and represent clients in legal matters, draft documents, and ensure legal compliance."
402,A/L Completed,Technology Stream - ET/BST focus,BSc Mechanical Engineering,Mechanical Engineering,Junior Mechanical Engineer,Mechanical Engineer,Engineering Director,Thermodynamics|CAD/CAM|Robotics,Attention to Detail|Analytical Thinking|Innovation,Control Systems|Fluid Mechanics|Machine Design,SolidWorks Certification|Six Sigma,Medium,High,135000,165000-600000,No,Low,Medium,"Design, develop, build, and test mechanical and thermal sensors and devices."
403,A/L Pending,Commerce Stream - Economics/IT focus,BSc Supply Chain Management,Logistics,Warehouse Assistant,Warehouse Manager,Director of Operations,Data Analysis|Freight Forwarding|Inventory Management,Leadership|Time Management|Problem Solving,Transportation Management|Global Supply Chain|Inventory Control,CIPS|Six Sigma,High,High,95000,125000-440000,No,Low,Medium,Oversee the movement of goods from suppliers to consumers efficiently and cost-effectively.
404,A/L Pending,Technology Stream - IT focus,BSc Hospitality Management,Tourism,Tour Guide,Hotel Manager,General Manager (Hotel),Languages|Event Planning|Property Management Systems,Customer Service|Cultural Awareness|Problem Solving,Food & Beverage Management|Tourism Marketing|HR in Hospitality,Food Safety Certification|Language Diplomas,High,Medium,50000,80000-510000,No,Medium,High,"Manage operations in hotels, resorts, and coordinate travel experiences for tourists."
405,Diploma Holder,Background in Construction & Structures,BSc Civil Engineering,Civil Engineering,Structural Trainee,Civil Engineer,Construction Manager,AutoCAD|Surveying|Structural Analysis,Teamwork|Risk Management|Leadership,Fluid Mechanics|Materials Science|Geotechnical Engineering,AutoCAD Certification|PMP,Medium,Medium,105000,135000-390000,No,Low,Low,"Design, build, and supervise infrastructure projects and systems."
406,Graduate,Background in Tourism & Hospitality,BSc Hospitality Management,Tourism,Tour Guide,Tour Operations Manager,Resort Manager,Inventory Management|Languages|Event Planning,Cultural Awareness|Interpersonal Skills|Customer Service,Tourism Marketing|Food & Beverage Management|Hospitality Operations,Language Diplomas|IATA Certification,High,Medium,75000,105000-390000,No,Medium,High,"Manage operations in hotels, resorts, and coordinate travel experiences for tourists."
407,A/L Completed,Technology Stream - ET/BST focus,BSc Hospitality Management,Tourism,Management Trainee,Event Manager,General Manager (Hotel),Inventory Management|Languages|Property Management Systems,Customer Service|Problem Solving|Cultural Awareness,Hospitality Operations|Tourism Marketing|HR in Hospitality,IATA Certification|Food Safety Certification,High,Medium,55000,85000-270000,No,Medium,High,"Manage operations in hotels, resorts, and coordinate travel experiences for tourists."
408,Career Switcher,Construction & Structures Interest,BSc Civil Engineering,Civil Engineering,Structural Trainee,Project Engineer,Senior Civil Engineer,Surveying|Project Management|AutoCAD,Problem Solving|Teamwork|Risk Management,Structural Design|Fluid Mechanics|Materials Science,PMP|AutoCAD Certification,Medium,Medium,85000,115000-420000,No,Low,Low,"Design, build, and supervise infrastructure projects and systems."
409,O/L Completed,Architecture & Built Environment Interest,BArch Architecture,Architecture,Junior Draftsman,Interior Designer,Principal Architect,AutoCAD|SketchUp|3D Rendering,Creativity|Visualization|Attention to Detail,Architectural Design|Building Materials|Structural Design,LEED Green Associate|Chartered Architect (AIA),Medium,Medium,60000,90000-470000,Medium,High,Medium,"Design buildings and structures that are functional, safe, and aesthetically pleasing."
410,Undergraduate,Background in IT / Programming,BSc Computer Science,Software Engineering,Associate Software Engineer,Software Engineer,Software Architect,Algorithms|Git|Problem Solving,Critical Thinking|Communication|Teamwork,Operating Systems|Databases|Software Patterns,AWS Certified Developer|Scrum Master,Very High,Very High,155000,185000-390000,Yes,High,Medium,"Design, build, and maintain software applications and systems for various platforms."
411,O/L Completed,Logistics & Supply Chain Interest,BSc Supply Chain Management,Logistics,Logistics Coordinator,Warehouse Manager,Chief Supply Chain Officer,Freight Forwarding|Data Analysis|Inventory Management,Problem Solving|Time Management|Negotiation,Transportation Management|Global Supply Chain|Inventory Control,Six Sigma|CIPS,High,High,105000,135000-200000,No,Low,Medium,Oversee the movement of goods from suppliers to consumers efficiently and cost-effectively.
412,A/L Completed,Arts Stream - Languages focus,BBA Business Management,Business Operations,Operations Assistant,Operations Manager,Operations Director,Data Analysis|Budgeting|Project Management,Leadership|Problem Solving|Negotiation,Organizational Behavior|Marketing|HR,Certified Business Analysis Professional (CBAP)|PMP,Medium,High,145000,175000-490000,Yes,Medium,Low,Oversee the day-to-day operations of a company to ensure efficiency and profitability.
413,Diploma Holder,Background in Business Management,BBA Business Management,Business Operations,Business Coordinator,Project Manager,Operations Director,Data Analysis|Project Management|Strategic Planning,Problem Solving|Decision Making|Negotiation,Marketing|Organizational Behavior|HR,Agile PM|Certified Business Analysis Professional (CBAP),Medium,High,140000,170000-480000,Yes,Medium,Low,Oversee the day-to-day operations of a company to ensure efficiency and profitability.
414,Diploma Holder,Background in Cybersecurity,BSc Cyber Security,Information Security,Security Analyst Trainee,Security Engineer,Security Architect,Linux|Network Security|Ethical Hacking,Perseverance|Calm Under Pressure|Ethics,Network Protocols|Malware Analysis|Cryptography,CEH|CISSP,Very High,Very High,230000,260000-790000,Yes,High,Low,Protect computer systems and networks from cyber attacks and unauthorized access.
415,Career Switcher,Accounting & Finance Interest,BSc Accounting and Finance,Finance,Audit Trainee,Financial Analyst,Senior Auditor,Taxation|ERP Systems|Financial Reporting,Integrity|Attention to Detail|Analytical Thinking,Corporate Finance|Auditing|Economics,ACCA|CA Sri Lanka,High,High,75000,105000-600000,Yes,Medium,High,"Manage financial records, analyze financial data, and ensure legal tax compliance for organizations."
416,Undergraduate,Background in Data Analysis & AI,BSc Data Science,Data Science,Data Analyst,Data Engineer,Chief Data Officer,Machine Learning|Data Viz|Statistics,Curiosity|Presentation|Analytical Thinking,Linear Algebra|Big Data|Deep Learning,IBM Data Science|AWS Machine Learning,High,Very High,130000,160000-860000,Yes,High,Low,Analyze complex data sets to help companies make data-driven decisions and build predictive models.
417,Undergraduate,Background in Law & Justice,LLB Law,Legal Services,Apprentice,Attorney-at-Law,Partner,Litigation|Legal Research|Drafting Contracts,Public Speaking|Analytical Thinking|Argumentation,Constitutional Law|Criminal Law|Contract Law,Attorney-at-Law (Sri Lanka Law College)|Notary Public,Medium,Medium,95000,125000-490000,No,Medium,Medium,"Advise and represent clients in legal matters, draft documents, and ensure legal compliance."
418,O/L Completed,Agriculture Interest,BSc Agriculture,Agriculture & Agri-Business,Field Officer,Agronomist,Director of Agriculture,Pest Control|Crop Management|Soil Science,Physical Endurance|Adaptability|Team Management,Agricultural Economics|Crop Science|Plant Biotechnology,Pesticide Application License|GAP Certification,Medium,Low,55000,85000-290000,No,Low,Medium,"Manage farming operations, improve crop yields, and implement sustainable agricultural practices."
419,Diploma Holder,Background in Agriculture,BSc Agriculture,Agriculture & Agri-Business,Agricultural Assistant,Agricultural Officer,Director of Agriculture,Crop Management|Soil Science|Pest Control,Problem Solving|Team Management|Adaptability,Crop Science|Agricultural Economics|Plant Biotechnology,GAP Certification|Pesticide Application License,Medium,Low,50000,80000-190000,No,Low,Medium,"Manage farming operations, improve crop yields, and implement sustainable agricultural practices."
420,Career Switcher,Agriculture Interest,BSc Agriculture,Agriculture & Agri-Business,Farm Supervisor,Plantation Manager,Director of Agriculture,Soil Science|Crop Management|Pest Control,Problem Solving|Team Management|Adaptability,Plant Biotechnology|Soil Science|Crop Science,GAP Certification|Pesticide Application License,Medium,Low,70000,100000-190000,No,Low,Medium,"Manage farming operations, improve crop yields, and implement sustainable agricultural practices."
421,Diploma Holder,Background in Cybersecurity,BSc Cyber Security,Information Security,SOC Analyst,Penetration Tester,Security Architect,Risk Assessment|Linux|Ethical Hacking,Ethics|Calm Under Pressure|Analytical Thinking,Network Protocols|Malware Analysis|Digital Forensics,CompTIA Security+|CISSP,Very High,Very High,150000,180000-680000,Yes,High,Low,Protect computer systems and networks from cyber attacks and unauthorized access.
422,A/L Completed,Arts Stream - History focus,BBA Business Management,Business Operations,Management Trainee,Project Manager,General Manager,Project Management|Strategic Planning|Budgeting,Decision Making|Leadership|Problem Solving,HR|Marketing|Organizational Behavior,Certified Business Analysis Professional (CBAP)|PMP,Medium,High,130000,160000-710000,Yes,Medium,Low,Oversee the day-to-day operations of a company to ensure efficiency and profitability.
423,Undergraduate,Background in IT / Programming,BSc Computer Science,Software Engineering,Junior Software Developer,Backend Engineer,Senior Developer,Git|Data Structures|Programming,Time Management|Teamwork|Communication,Math for CS|Databases|Software Patterns,Scrum Master|Azure Fundamentals,Very High,Very High,165000,195000-700000,Yes,High,Medium,"Design, build, and maintain software applications and systems for various platforms."
424,Diploma Holder,Background in Networking,BSc Information Technology / Diploma in Networking,IT Infrastructure,Junior Systems Administrator,Cloud Engineer,IT Infrastructure Manager,Cloud Computing (AWS/Azure)|Routing & Switching|Linux/Windows Server,Communication|Troubleshooting|Reliability,Operating Systems|Computer Networks|System Administration,CCNP|CCNA,High,High,125000,155000-520000,Yes,Low,Medium,"Design, install, and maintain the computer networks and systems that organizations rely on."
425,O/L Completed,Marketing & Digital Media Interest,BSc Digital Marketing,Marketing,SEO Trainee,Content Strategist,Head of Digital,SEO/SEM|Google Analytics|Social Media Ads,Empathy|Communication|Adaptability,Digital Strategy|Market Research|Consumer Behavior,HubSpot Inbound Marketing|Meta Blueprint,High,High,95000,125000-450000,Yes,High,Medium,Promote products and services using digital channels to reach target audiences effectively.
426,Career Switcher,Construction & Structures Interest,BSc Civil Engineering,Civil Engineering,Structural Trainee,Civil Engineer,Construction Manager,Project Management|Surveying|Structural Analysis,Teamwork|Risk Management|Problem Solving,Structural Design|Materials Science|Geotechnical Engineering,PMP|Chartered Engineer (CEng),Medium,Medium,70000,100000-370000,No,Low,Low,"Design, build, and supervise infrastructure projects and systems."
427,Diploma Holder,Background in Architecture & Built Environment,BArch Architecture,Architecture,Architect Assistant,Project Architect,Principal Architect,SketchUp|Building Codes|3D Rendering,Attention to Detail|Creativity|Visualization,Building Materials|Structural Design|Architectural Design,LEED Green Associate|Chartered Architect (AIA),Medium,Medium,105000,135000-220000,Medium,High,Medium,"Design buildings and structures that are functional, safe, and aesthetically pleasing."
428,A/L Pending,Technology Stream - ET/BST focus,BSc Computer Science,Software Engineering,Junior Software Developer,Backend Engineer,Tech Lead,Algorithms|Data Structures|Programming,Communication|Teamwork|Time Management,Software Patterns|Databases|Math for CS,AWS Certified Developer|Azure Fundamentals,Very High,Very High,110000,140000-320000,Yes,High,Medium,"Design, build, and maintain software applications and systems for various platforms."
429,Diploma Holder,Background in Healthcare Caregiving,BSc Nursing,Healthcare - Nursing,Trainee Staff Nurse,Registered Nurse,Nursing Sister,First Aid|Vital Signs Monitoring|Patient Care,Resilience|Communication|Patience,Psychology|Nursing Foundations|Medical-Surgical Nursing,Specialized Nursing Certifications|ACLS,High,Very High,65000,95000-380000,No,Low,Low,"Provide care to patients, administer medications, and assist doctors in medical treatments."
430,O/L Completed,Architecture & Built Environment Interest,BArch Architecture,Architecture,Junior Draftsman,Project Architect,Principal Architect,SketchUp|AutoCAD|Building Codes,Visualization|Creativity|Attention to Detail,History of Architecture|Building Materials|Architectural Design,LEED Green Associate|Chartered Architect (AIA),Medium,Medium,100000,130000-530000,Medium,High,Medium,"Design buildings and structures that are functional, safe, and aesthetically pleasing."
431,Undergraduate,Background in Human Resource Management,BSc Human Resource Management,Human Resources,Recruitment Trainee,Talent Acquisition Specialist,VP of People,"Payroll Management|HRIS (Workday, BambooHR)|Labor Law Knowledge",Communication|Empathy|Negotiation,Labor Law|Performance Management|Compensation,PHR|SHRM-CP,Medium,Medium,65000,95000-170000,Yes,Low,Medium,"Manage the recruitment, development, and wellbeing of an organization's employees."
432,A/L Pending,Biological Science Stream - Chemistry focus,BSc Agriculture,Agriculture & Agri-Business,Agricultural Assistant,Agricultural Officer,Estate Superintendent,"Pest Control|Agri-Tech (IoT, Drones)|Crop Management",Physical Endurance|Problem Solving|Adaptability,Soil Science|Crop Science|Plant Biotechnology,GAP Certification|Pesticide Application License,Medium,Low,55000,85000-390000,No,Low,Medium,"Manage farming operations, improve crop yields, and implement sustainable agricultural practices."
433,A/L Completed,Arts Stream - Languages focus,BSc Hospitality Management,Tourism,Management Trainee,Tour Operations Manager,General Manager (Hotel),Inventory Management|Property Management Systems|Event Planning,Problem Solving|Interpersonal Skills|Cultural Awareness,Hospitality Operations|Tourism Marketing|HR in Hospitality,Food Safety Certification|Language Diplomas,High,Medium,60000,90000-240000,No,Medium,High,"Manage operations in hotels, resorts, and coordinate travel experiences for tourists."
434,Undergraduate,Background in Data Analysis & AI,BSc Data Science,Data Science,Junior Data Scientist,Machine Learning Engineer,Senior Data Scientist,Machine Learning|Python|Statistics,Curiosity|Business Acumen|Presentation,Deep Learning|Probability|Big Data,IBM Data Science|AWS Machine Learning,High,Very High,155000,185000-400000,Yes,High,Low,Analyze complex data sets to help companies make data-driven decisions and build predictive models.
435,Graduate,Background in Human Resource Management,BSc Human Resource Management,Human Resources,HR Assistant,Talent Acquisition Specialist,Chief Human Resources Officer (CHRO),Recruitment|Labor Law Knowledge|Payroll Management,Empathy|Negotiation|Conflict Resolution,Labor Law|Organizational Behavior|Compensation,PHR|CIPM,Medium,Medium,85000,115000-180000,Yes,Low,Medium,"Manage the recruitment, development, and wellbeing of an organization's employees."
436,Diploma Holder,Background in IT / Programming,BSc Computer Science,Software Engineering,Associate Software Engineer,Backend Engineer,Tech Lead,Programming|Problem Solving|Git,Communication|Time Management|Teamwork,Operating Systems|Software Patterns|Math for CS,Azure Fundamentals|Scrum Master,Very High,Very High,130000,160000-700000,Yes,High,Medium,"Design, build, and maintain software applications and systems for various platforms."
437,Graduate,Background in Data Analysis & AI,BSc Data Science,Data Science,Junior Data Scientist,Data Engineer,AI Research Scientist,SQL|Python|Statistics,Curiosity|Presentation|Business Acumen,Probability|Big Data|Linear Algebra,Google Data Analytics|AWS Machine Learning,High,Very High,135000,165000-560000,Yes,High,Low,Analyze complex data sets to help companies make data-driven decisions and build predictive models.
438,Career Switcher,Cybersecurity Interest,BSc Cyber Security,Information Security,Security Analyst Trainee,Penetration Tester,Cyber Security Manager,Linux|Risk Assessment|Network Security,Analytical Thinking|Ethics|Calm Under Pressure,Network Protocols|Digital Forensics|Cryptography,CompTIA Security+|CISSP,Very High,Very High,205000,235000-950000,Yes,High,Low,Protect computer systems and networks from cyber attacks and unauthorized access.
439,Undergraduate,Background in Marketing & Digital Media,BSc Digital Marketing,Marketing,Marketing Assistant,Content Strategist,Head of Digital,Content Creation|Social Media Ads|Google Analytics,Creativity|Communication|Adaptability,Digital Strategy|Market Research|Brand Management,HubSpot Inbound Marketing|Meta Blueprint,High,High,90000,120000-200000,Yes,High,Medium,Promote products and services using digital channels to reach target audiences effectively.
440,Career Switcher,Medicine Interest,MBBS Medicine,Healthcare - Medical,Junior Doctor,Registrar,Consultant Specialist,Diagnosis|Pharmacology|Patient Care,Decision Making Under Pressure|Communication|Ethics,Pediatrics|Physiology|Surgery,MD/MS (Sri Lanka)|USMLE,Very High,Very High,205000,235000-1870000,No,Low,Low,"Diagnose and treat illnesses, injuries, and health conditions in patients."
441,Undergraduate,Background in Medicine,MBBS Medicine,Healthcare - Medical,Medical Intern,General Practitioner,Hospital Director,Pharmacology|Medical Procedures|Diagnosis,Ethics|Decision Making Under Pressure|Communication,Pediatrics|Anatomy|Physiology,MD/MS (Sri Lanka)|MRCP,Very High,Very High,240000,270000-700000,No,Low,Low,"Diagnose and treat illnesses, injuries, and health conditions in patients."
442,Career Switcher,Data Analysis & AI Interest,BSc Data Science,Data Science,Data Analyst,Data Scientist,Senior Data Scientist,SQL|Statistics|Machine Learning,Analytical Thinking|Curiosity|Presentation,Probability|Linear Algebra|Deep Learning,Google Data Analytics|AWS Machine Learning,High,Very High,155000,185000-950000,Yes,High,Low,Analyze complex data sets to help companies make data-driven decisions and build predictive models.
443,Career Switcher,Human Resource Management Interest,BSc Human Resource Management,Human Resources,Recruitment Trainee,Talent Acquisition Specialist,HR Director,"Payroll Management|HRIS (Workday, BambooHR)|Recruitment",Empathy|Negotiation|Conflict Resolution,Labor Law|Performance Management|Organizational Behavior,SHRM-CP|CIPM,Medium,Medium,75000,105000-510000,Yes,Low,Medium,"Manage the recruitment, development, and wellbeing of an organization's employees."
444,A/L Completed,Commerce Stream - Economics/IT focus,BA/BSc Psychology,Psychology,Assistant Psychologist,Organizational Psychologist,Director of Mental Health Services,Research Methodology|Therapy Techniques (CBT)|Psychological Assessment,Patience|Active Listening|Confidentiality,Counseling|Abnormal Psychology|Cognitive Psychology,Counseling Diploma|Mental Health First Aid,Medium,High,50000,80000-420000,Yes,High,Low,Study human behavior and help individuals navigate mental health and emotional challenges.
445,Undergraduate,Background in Marketing & Digital Media,BSc Digital Marketing,Marketing,SEO Trainee,Digital Marketing Executive,Marketing Director,Content Creation|Social Media Ads|SEO/SEM,Creativity|Adaptability|Communication,Brand Management|Consumer Behavior|Market Research,Google Digital Garage|Meta Blueprint,High,High,70000,100000-460000,Yes,High,Medium,Promote products and services using digital channels to reach target audiences effectively.
446,A/L Completed,Technology Stream - SFT focus,BSc Hospitality Management,Tourism,Front Office Assistant,Tour Operations Manager,General Manager (Hotel),Inventory Management|Event Planning|Property Management Systems,Customer Service|Interpersonal Skills|Problem Solving,Food & Beverage Management|Hospitality Operations|Tourism Marketing,Language Diplomas|IATA Certification,High,Medium,65000,95000-340000,No,Medium,High,"Manage operations in hotels, resorts, and coordinate travel experiences for tourists."
447,Diploma Holder,Background in Construction & Structures,BSc Civil Engineering,Civil Engineering,Site Engineer,Project Engineer,Senior Civil Engineer,Project Management|AutoCAD|Surveying,Teamwork|Leadership|Problem Solving,Materials Science|Structural Design|Geotechnical Engineering,AutoCAD Certification|PMP,Medium,Medium,115000,145000-380000,No,Low,Low,"Design, build, and supervise infrastructure projects and systems."
448,Diploma Holder,Background in Education & Teaching,BA/BSc / BEd Education,Education,Tutor,Teacher,Senior Teacher,Lesson Planning|Student Assessment|Curriculum Development,Public Speaking|Patience|Empathy,Teaching Methodology|Curriculum Design|Educational Psychology,TEFL/TESOL|Postgraduate Diploma in Education (PGDE),Medium,High,40000,70000-370000,Medium,High,Low,"Educate and mentor students, preparing them for academic and personal success."
449,Undergraduate,Background in Logistics & Supply Chain,BSc Supply Chain Management,Logistics,Warehouse Assistant,Warehouse Manager,Procurement Director,ERP Software (SAP/Oracle)|Freight Forwarding|Data Analysis,Problem Solving|Leadership|Negotiation,Inventory Control|Procurement|Global Supply Chain,CSCP|CIPS,High,High,80000,110000-240000,No,Low,Medium,Oversee the movement of goods from suppliers to consumers efficiently and cost-effectively.
450,Career Switcher,Design & Multimedia Interest,BA Graphic Design / Diploma in Multimedia,Design,UI/UX Intern,Graphic Designer,Senior Art Director,Photoshop|Color Theory|Typography,Receptivity to Feedback|Time Management|Attention to Detail,Design Principles|User Experience|Visual Communication,Adobe Certified Professional|Google UX Design,High,High,70000,100000-180000,Yes,High,High,"Create visual concepts to communicate ideas that inspire, inform, and captivate consumers."
451,Undergraduate,Background in Psychology & Counseling,BA/BSc Psychology,Psychology,Assistant Psychologist,Organizational Psychologist,Consultant Psychologist,Psychological Assessment|Research Methodology|Therapy Techniques (CBT),Empathy|Confidentiality|Patience,Counseling|Abnormal Psychology|Cognitive Psychology,Clinical Psychology Masters|Counseling Diploma,Medium,High,50000,80000-170000,Yes,High,Low,Study human behavior and help individuals navigate mental health and emotional challenges.
452,O/L Completed,Human Resource Management Interest,BSc Human Resource Management,Human Resources,Recruitment Trainee,Talent Acquisition Specialist,Chief Human Resources Officer (CHRO),"Payroll Management|HRIS (Workday, BambooHR)|Labor Law Knowledge",Empathy|Negotiation|Communication,Organizational Behavior|Compensation|Performance Management,PHR|SHRM-CP,Medium,Medium,85000,115000-530000,Yes,Low,Medium,"Manage the recruitment, development, and wellbeing of an organization's employees."
453,A/L Pending,Physical Science Stream - Chemistry/IT focus,BSc Civil Engineering,Civil Engineering,Site Engineer,Civil Engineer,Engineering Director,AutoCAD|Surveying|Project Management,Teamwork|Leadership|Risk Management,Fluid Mechanics|Structural Design|Geotechnical Engineering,AutoCAD Certification|Chartered Engineer (CEng),Medium,Medium,115000,145000-520000,No,Low,Low,"Design, build, and supervise infrastructure projects and systems."
454,Undergraduate,Background in Construction & Structures,BSc Civil Engineering,Civil Engineering,Site Engineer,Civil Engineer,Engineering Director,Structural Analysis|Project Management|AutoCAD,Risk Management|Leadership|Teamwork,Geotechnical Engineering|Structural Design|Materials Science,Chartered Engineer (CEng)|PMP,Medium,Medium,120000,150000-550000,No,Low,Low,"Design, build, and supervise infrastructure projects and systems."
455,A/L Pending,Physical Science Stream - Physics focus,BArch Architecture,Architecture,Junior Draftsman,Architect,Design Director,3D Rendering|Revit|SketchUp,Communication|Attention to Detail|Visualization,Structural Design|Architectural Design|Building Materials,Chartered Architect (AIA)|LEED Green Associate,Medium,Medium,75000,105000-370000,Medium,High,Medium,"Design buildings and structures that are functional, safe, and aesthetically pleasing."
456,O/L Completed,Healthcare Caregiving Interest,BSc Nursing,Healthcare - Nursing,Assistant Nurse,Staff Nurse,Matron,Patient Care|First Aid|Infection Control,Communication|Resilience|Empathy,Psychology|Medical-Surgical Nursing|Nursing Foundations,BLS|Specialized Nursing Certifications,High,Very High,70000,100000-320000,No,Low,Low,"Provide care to patients, administer medications, and assist doctors in medical treatments."
457,O/L Completed,Human Resource Management Interest,BSc Human Resource Management,Human Resources,Payroll Clerk,Employee Relations Manager,Chief Human Resources Officer (CHRO),"HRIS (Workday, BambooHR)|Labor Law Knowledge|Payroll Management",Conflict Resolution|Communication|Negotiation,Performance Management|Organizational Behavior|Compensation,SHRM-CP|CIPM,Medium,Medium,100000,130000-160000,Yes,Low,Medium,"Manage the recruitment, development, and wellbeing of an organization's employees."
458,Graduate,Background in Law & Justice,LLB Law,Legal Services,Legal Assistant,Legal Consultant,Chief Legal Officer,Compliance|Litigation|Drafting Contracts,Negotiation|Public Speaking|Argumentation,Contract Law|Criminal Law|Constitutional Law,Notary Public|Attorney-at-Law (Sri Lanka Law College),Medium,Medium,80000,110000-490000,No,Medium,Medium,"Advise and represent clients in legal matters, draft documents, and ensure legal compliance."
459,A/L Completed,Physical Science Stream - Math focus,BSc Civil Engineering,Civil Engineering,Site Engineer,Structural Engineer,Engineering Director,Structural Analysis|Project Management|Surveying,Leadership|Teamwork|Problem Solving,Fluid Mechanics|Structural Design|Materials Science,AutoCAD Certification|PMP,Medium,Medium,100000,130000-460000,No,Low,Low,"Design, build, and supervise infrastructure projects and systems."
460,A/L Pending,Arts Stream - Languages focus,BSc Human Resource Management,Human Resources,Recruitment Trainee,Talent Acquisition Specialist,VP of People,"Recruitment|HRIS (Workday, BambooHR)|Labor Law Knowledge",Empathy|Negotiation|Communication,Organizational Behavior|Performance Management|Labor Law,PHR|SHRM-CP,Medium,Medium,80000,110000-590000,Yes,Low,Medium,"Manage the recruitment, development, and wellbeing of an organization's employees."
461,Career Switcher,Data Analysis & AI Interest,BSc Data Science,Data Science,Junior Data Scientist,Data Engineer,Chief Data Officer,Statistics|Machine Learning|Python,Curiosity|Analytical Thinking|Presentation,Linear Algebra|Big Data|Probability,Google Data Analytics|IBM Data Science,High,Very High,155000,185000-700000,Yes,High,Low,Analyze complex data sets to help companies make data-driven decisions and build predictive models.
462,A/L Pending,Technology Stream - IT focus,BSc Supply Chain Management,Logistics,Logistics Coordinator,Warehouse Manager,Procurement Director,Data Analysis|Inventory Management|ERP Software (SAP/Oracle),Leadership|Problem Solving|Negotiation,Procurement|Global Supply Chain|Inventory Control,CSCP|CIPS,High,High,65000,95000-390000,No,Low,Medium,Oversee the movement of goods from suppliers to consumers efficiently and cost-effectively.
463,A/L Completed,Technology Stream - IT focus,BSc Supply Chain Management,Logistics,Warehouse Assistant,Supply Chain Manager,Chief Supply Chain Officer,ERP Software (SAP/Oracle)|Freight Forwarding|Data Analysis,Negotiation|Problem Solving|Time Management,Inventory Control|Procurement|Transportation Management,CIPS|Six Sigma,High,High,65000,95000-520000,No,Low,Medium,Oversee the movement of goods from suppliers to consumers efficiently and cost-effectively.
464,Graduate,Background in Law & Justice,LLB Law,Legal Services,Apprentice,Attorney-at-Law,Partner,Litigation|Drafting Contracts|Compliance,Public Speaking|Negotiation|Argumentation,Criminal Law|Contract Law|Constitutional Law,Notary Public|Attorney-at-Law (Sri Lanka Law College),Medium,Medium,95000,125000-730000,No,Medium,Medium,"Advise and represent clients in legal matters, draft documents, and ensure legal compliance."
465,A/L Pending,Technology Stream - ET/BST focus,BSc Information Technology / Diploma in Networking,IT Infrastructure,Network Support Engineer,Cloud Engineer,Network Architect,Cloud Computing (AWS/Azure)|Linux/Windows Server|Routing & Switching,Communication|Customer Service|Troubleshooting,Computer Networks|System Administration|Operating Systems,CCNA|CompTIA Network+,High,High,100000,130000-380000,Yes,Low,Medium,"Design, install, and maintain the computer networks and systems that organizations rely on."
466,Undergraduate,Background in Healthcare Caregiving,BSc Nursing,Healthcare - Nursing,Student Nurse,ICU Nurse,Nursing Sister,Patient Care|Vital Signs Monitoring|First Aid,Patience|Empathy|Resilience,Medical-Surgical Nursing|Pharmacology|Psychology,BLS|Specialized Nursing Certifications,High,Very High,95000,125000-330000,No,Low,Low,"Provide care to patients, administer medications, and assist doctors in medical treatments."
467,A/L Pending,Physical Science Stream - Chemistry/IT focus,BArch Architecture,Architecture,Junior Draftsman,Interior Designer,Design Director,Revit|3D Rendering|SketchUp,Attention to Detail|Creativity|Communication,Building Materials|Structural Design|History of Architecture,Chartered Architect (AIA)|LEED Green Associate,Medium,Medium,85000,115000-490000,Medium,High,Medium,"Design buildings and structures that are functional, safe, and aesthetically pleasing."
468,A/L Completed,Technology Stream - ET/BST focus,BSc Data Science,Data Science,Data Analyst,Machine Learning Engineer,AI Research Scientist,Data Viz|SQL|Machine Learning,Business Acumen|Curiosity|Analytical Thinking,Big Data|Linear Algebra|Probability,AWS Machine Learning|Google Data Analytics,High,Very High,140000,170000-810000,Yes,High,Low,Analyze complex data sets to help companies make data-driven decisions and build predictive models.
469,A/L Pending,Commerce Stream - Business focus,BA/BSc Psychology,Psychology,Assistant Psychologist,Clinical Psychologist,Chief HR Officer,Therapy Techniques (CBT)|Research Methodology|Psychological Assessment,Confidentiality|Active Listening|Patience,Developmental Psychology|Cognitive Psychology|Abnormal Psychology,Clinical Psychology Masters|Mental Health First Aid,Medium,High,75000,105000-170000,Yes,High,Low,Study human behavior and help individuals navigate mental health and emotional challenges.
470,A/L Completed,Biological Science Stream - Physics/Agri focus,BBA Business Management,Business Operations,Management Trainee,Operations Manager,Chief Operating Officer,Strategic Planning|Project Management|Data Analysis,Decision Making|Leadership|Negotiation,Marketing|HR|Strategic Management,Certified Business Analysis Professional (CBAP)|Agile PM,Medium,High,90000,120000-320000,Yes,Medium,Low,Oversee the day-to-day operations of a company to ensure efficiency and profitability.
471,O/L Completed,Design & Multimedia Interest,BA Graphic Design / Diploma in Multimedia,Design,Visual Designer,Art Director,Senior Art Director,Photoshop|Typography|Color Theory,Time Management|Receptivity to Feedback|Creativity,User Experience|Digital Art|Design Principles,Adobe Certified Professional|Google UX Design,High,High,50000,80000-290000,Yes,High,High,"Create visual concepts to communicate ideas that inspire, inform, and captivate consumers."
472,Graduate,Background in Design & Multimedia,BA Graphic Design / Diploma in Multimedia,Design,Junior Graphic Designer,Art Director,Creative Director,Photoshop|Typography|Figma,Attention to Detail|Time Management|Creativity,Design Principles|User Experience|Digital Art,Google UX Design|Adobe Certified Professional,High,High,75000,105000-180000,Yes,High,High,"Create visual concepts to communicate ideas that inspire, inform, and captivate consumers."
473,A/L Completed,Technology Stream - ET/BST focus,BSc Information Technology / Diploma in Networking,IT Infrastructure,Network Support Engineer,Cloud Engineer,Network Architect,Linux/Windows Server|Cloud Computing (AWS/Azure)|Routing & Switching,Troubleshooting|Reliability|Customer Service,System Administration|Operating Systems|Computer Networks,CCNP|CompTIA Network+,High,High,125000,155000-670000,Yes,Low,Medium,"Design, install, and maintain the computer networks and systems that organizations rely on."
474,Undergraduate,Background in Law & Justice,LLB Law,Legal Services,Apprentice,Legal Consultant,Chief Legal Officer,Drafting Contracts|Compliance|Litigation,Argumentation|Negotiation|Analytical Thinking,Criminal Law|Contract Law|Corporate Law,Attorney-at-Law (Sri Lanka Law College)|Notary Public,Medium,Medium,65000,95000-790000,No,Medium,Medium,"Advise and represent clients in legal matters, draft documents, and ensure legal compliance."
475,A/L Completed,Physical Science Stream - Math focus,BSc Cyber Security,Information Security,SOC Analyst,Penetration Tester,Security Architect,Ethical Hacking|Risk Assessment|Linux,Calm Under Pressure|Ethics|Perseverance,Cryptography|Malware Analysis|Digital Forensics,CISSP|CISM,Very High,Very High,155000,185000-590000,Yes,High,Low,Protect computer systems and networks from cyber attacks and unauthorized access.
476,A/L Completed,Arts Stream - Logic/Media focus,BSc Human Resource Management,Human Resources,Recruitment Trainee,Talent Acquisition Specialist,VP of People,"HRIS (Workday, BambooHR)|Payroll Management|Labor Law Knowledge",Negotiation|Empathy|Conflict Resolution,Labor Law|Organizational Behavior|Performance Management,CIPM|PHR,Medium,Medium,100000,130000-420000,Yes,Low,Medium,"Manage the recruitment, development, and wellbeing of an organization's employees."
477,A/L Completed,Biological Science Stream - Chemistry focus,BSc Agriculture,Agriculture & Agri-Business,Field Officer,Plantation Manager,Estate Superintendent,"Agri-Tech (IoT, Drones)|Soil Science|Pest Control",Problem Solving|Adaptability|Team Management,Soil Science|Agricultural Economics|Plant Biotechnology,GAP Certification|Pesticide Application License,Medium,Low,85000,115000-490000,No,Low,Medium,"Manage farming operations, improve crop yields, and implement sustainable agricultural practices."
478,O/L Completed,Law & Justice Interest,LLB Law,Legal Services,Legal Assistant,Attorney-at-Law,Senior Counsel,Drafting Contracts|Compliance|Legal Research,Argumentation|Public Speaking|Analytical Thinking,Criminal Law|Contract Law|Corporate Law,Attorney-at-Law (Sri Lanka Law College)|Notary Public,Medium,Medium,55000,85000-700000,No,Medium,Medium,"Advise and represent clients in legal matters, draft documents, and ensure legal compliance."
479,Diploma Holder,Background in Tourism & Hospitality,BSc Hospitality Management,Tourism,Management Trainee,Tour Operations Manager,Director of Tourism,Property Management Systems|Inventory Management|Event Planning,Customer Service|Interpersonal Skills|Cultural Awareness,HR in Hospitality|Hospitality Operations|Food & Beverage Management,Food Safety Certification|IATA Certification,High,Medium,60000,90000-550000,No,Medium,High,"Manage operations in hotels, resorts, and coordinate travel experiences for tourists."
480,A/L Completed,Arts Stream - History focus,BSc Human Resource Management,Human Resources,Payroll Clerk,Employee Relations Manager,VP of People,"Payroll Management|HRIS (Workday, BambooHR)|Recruitment",Communication|Negotiation|Empathy,Organizational Behavior|Compensation|Labor Law,SHRM-CP|PHR,Medium,Medium,85000,115000-400000,Yes,Low,Medium,"Manage the recruitment, development, and wellbeing of an organization's employees."
481,A/L Completed,Biological Science Stream - Chemistry focus,BSc Agriculture,Agriculture & Agri-Business,Agricultural Assistant,Agricultural Officer,Estate Superintendent,"Crop Management|Agri-Tech (IoT, Drones)|Soil Science",Team Management|Problem Solving|Physical Endurance,Plant Biotechnology|Soil Science|Agricultural Economics,GAP Certification|Pesticide Application License,Medium,Low,85000,115000-380000,No,Low,Medium,"Manage farming operations, improve crop yields, and implement sustainable agricultural practices."
482,Diploma Holder,Background in Mechanical Systems,BSc Mechanical Engineering,Mechanical Engineering,Maintenance Engineer Trainee,Mechanical Engineer,Senior Mechanical Engineer,Robotics|Quality Control|CAD/CAM,Attention to Detail|Analytical Thinking|Troubleshooting,Machine Design|Fluid Mechanics|Control Systems,Chartered Engineer (CEng)|Six Sigma,Medium,High,110000,140000-650000,No,Low,Medium,"Design, develop, build, and test mechanical and thermal sensors and devices."
483,Undergraduate,Background in Medicine,MBBS Medicine,Healthcare - Medical,Pre-Intern Medical Officer,Registrar,Hospital Director,Patient Care|Diagnosis|Medical Procedures,Decision Making Under Pressure|Ethics|Empathy,Pediatrics|Surgery|Pathology,MRCP|USMLE,Very High,Very High,185000,215000-1850000,No,Low,Low,"Diagnose and treat illnesses, injuries, and health conditions in patients."
484,A/L Completed,Arts Stream - Languages focus,BArch Architecture,Architecture,Architect Assistant,Architect,Principal Architect,AutoCAD|Revit|Building Codes,Visualization|Creativity|Communication,Building Materials|Architectural Design|Structural Design,Chartered Architect (AIA)|LEED Green Associate,Medium,Medium,110000,140000-610000,Medium,High,Medium,"Design buildings and structures that are functional, safe, and aesthetically pleasing."
485,A/L Completed,Technology Stream - IT focus,BSc Data Science,Data Science,Data Analyst,Data Engineer,Senior Data Scientist,Python|Statistics|Data Viz,Curiosity|Analytical Thinking|Presentation,Linear Algebra|Deep Learning|Big Data,AWS Machine Learning|IBM Data Science,High,Very High,145000,175000-500000,Yes,High,Low,Analyze complex data sets to help companies make data-driven decisions and build predictive models.
486,O/L Completed,Construction & Structures Interest,BSc Civil Engineering,Civil Engineering,Site Engineer,Project Engineer,Construction Manager,AutoCAD|Surveying|Project Management,Teamwork|Problem Solving|Leadership,Structural Design|Fluid Mechanics|Materials Science,Chartered Engineer (CEng)|AutoCAD Certification,Medium,Medium,90000,120000-630000,No,Low,Low,"Design, build, and supervise infrastructure projects and systems."
487,Career Switcher,Logistics & Supply Chain Interest,BSc Supply Chain Management,Logistics,Procurement Trainee,Logistics Analyst,Procurement Director,Data Analysis|Inventory Management|ERP Software (SAP/Oracle),Leadership|Negotiation|Problem Solving,Inventory Control|Transportation Management|Global Supply Chain,Six Sigma|CSCP,High,High,70000,100000-500000,No,Low,Medium,Oversee the movement of goods from suppliers to consumers efficiently and cost-effectively.
488,Undergraduate,Background in Tourism & Hospitality,BSc Hospitality Management,Tourism,Management Trainee,Event Manager,Resort Manager,Languages|Property Management Systems|Event Planning,Cultural Awareness|Customer Service|Problem Solving,Tourism Marketing|Food & Beverage Management|HR in Hospitality,Food Safety Certification|Language Diplomas,High,Medium,70000,100000-590000,No,Medium,High,"Manage operations in hotels, resorts, and coordinate travel experiences for tourists."
489,A/L Completed,Arts Stream - Logic/Media focus,BSc Accounting and Finance,Finance,Junior Accountant,Financial Analyst,Chief Financial Officer (CFO),Financial Reporting|Excel|ERP Systems,Integrity|Ethics|Analytical Thinking,Auditing|Corporate Finance|Management Accounting,ACCA|CA Sri Lanka,High,High,105000,135000-500000,Yes,Medium,High,"Manage financial records, analyze financial data, and ensure legal tax compliance for organizations."
490,Graduate,Background in Psychology & Counseling,BA/BSc Psychology,Psychology,HR Assistant,Counselor,Consultant Psychologist,Psychological Assessment|Research Methodology|Therapy Techniques (CBT),Empathy|Confidentiality|Active Listening,Counseling|Cognitive Psychology|Abnormal Psychology,Clinical Psychology Masters|Mental Health First Aid,Medium,High,65000,95000-190000,Yes,High,Low,Study human behavior and help individuals navigate mental health and emotional challenges.
491,Career Switcher,Construction & Structures Interest,BSc Civil Engineering,Civil Engineering,Site Engineer,Structural Engineer,Senior Civil Engineer,AutoCAD|Structural Analysis|Project Management,Problem Solving|Teamwork|Risk Management,Materials Science|Fluid Mechanics|Structural Design,Chartered Engineer (CEng)|PMP,Medium,Medium,70000,100000-230000,No,Low,Low,"Design, build, and supervise infrastructure projects and systems."
492,Graduate,Background in Accounting & Finance,BSc Accounting and Finance,Finance,Accounts Assistant,Financial Analyst,Senior Auditor,Financial Reporting|Taxation|Excel,Attention to Detail|Integrity|Analytical Thinking,Corporate Finance|Economics|Management Accounting,CA Sri Lanka|CIMA,High,High,100000,130000-470000,Yes,Medium,High,"Manage financial records, analyze financial data, and ensure legal tax compliance for organizations."
493,Diploma Holder,Background in Cybersecurity,BSc Cyber Security,Information Security,Junior Penetration Tester,Penetration Tester,Chief Information Security Officer (CISO),Network Security|Risk Assessment|Ethical Hacking,Perseverance|Ethics|Analytical Thinking,Digital Forensics|Network Protocols|Cryptography,CISM|CEH,Very High,Very High,215000,245000-570000,Yes,High,Low,Protect computer systems and networks from cyber attacks and unauthorized access.
494,Graduate,Background in Data Analysis & AI,BSc Data Science,Data Science,Data Analyst,Data Engineer,Senior Data Scientist,Machine Learning|Data Viz|Python,Curiosity|Presentation|Analytical Thinking,Linear Algebra|Probability|Big Data,AWS Machine Learning|Google Data Analytics,High,Very High,145000,175000-800000,Yes,High,Low,Analyze complex data sets to help companies make data-driven decisions and build predictive models.
495,Career Switcher,Human Resource Management Interest,BSc Human Resource Management,Human Resources,Recruitment Trainee,HR Manager,HR Director,"Recruitment|Payroll Management|HRIS (Workday, BambooHR)",Communication|Conflict Resolution|Negotiation,Labor Law|Performance Management|Organizational Behavior,SHRM-CP|CIPM,Medium,Medium,95000,125000-520000,Yes,Low,Medium,"Manage the recruitment, development, and wellbeing of an organization's employees."
496,O/L Completed,Medicine Interest,MBBS Medicine,Healthcare - Medical,Medical Intern,Registrar,Consultant Specialist,Medical Procedures|Diagnosis|Patient Care,Communication|Ethics|Decision Making Under Pressure,Pediatrics|Anatomy|Physiology,MD/MS (Sri Lanka)|MRCP,Very High,Very High,190000,220000-820000,No,Low,Low,"Diagnose and treat illnesses, injuries, and health conditions in patients."
497,Diploma Holder,Background in Networking,BSc Information Technology / Diploma in Networking,IT Infrastructure,Network Support Engineer,Network Engineer,Senior Cloud Architect,Linux/Windows Server|Routing & Switching|Cloud Computing (AWS/Azure),Communication|Customer Service|Troubleshooting,Computer Networks|System Administration|Operating Systems,CompTIA Network+|CCNA,High,High,90000,120000-330000,Yes,Low,Medium,"Design, install, and maintain the computer networks and systems that organizations rely on."
498,A/L Completed,Physical Science Stream - Physics focus,BSc Cyber Security,Information Security,Security Analyst Trainee,Cyber Security Specialist,Security Architect,Linux|Ethical Hacking|Risk Assessment,Ethics|Perseverance|Calm Under Pressure,Network Protocols|Digital Forensics|Malware Analysis,CEH|CISSP,Very High,Very High,235000,265000-500000,Yes,High,Low,Protect computer systems and networks from cyber attacks and unauthorized access.
499,Career Switcher,IT / Programming Interest,BSc Computer Science,Software Engineering,Associate Software Engineer,Full Stack Developer,Tech Lead,Algorithms|Programming|Data Structures,Time Management|Teamwork|Communication,Databases|Operating Systems|Software Patterns,Azure Fundamentals|Scrum Master,Very High,Very High,145000,175000-670000,Yes,High,Medium,"Design, build, and maintain software applications and systems for various platforms."
500,Undergraduate,Background in Medicine,MBBS Medicine,Healthcare - Medical,Junior Doctor,Registrar,Hospital Director,Medical Procedures|Pharmacology|Patient Care,Communication|Decision Making Under Pressure|Ethics,Physiology|Pathology|Pediatrics,MRCP|MD/MS (Sri Lanka),Very High,Very High,200000,230000-1950000,No,Low,Low,"Diagnose and treat illnesses, injuries, and health conditions in patients."
501,O/L Completed,Accounting & Finance Interest,BSc Accounting and Finance,Finance,Audit Trainee,Tax Executive,Finance Manager,Excel|Taxation|ERP Systems,Analytical Thinking|Integrity|Attention to Detail,Management Accounting|Economics|Auditing,CIMA|CMA,High,High,110000,140000-240000,Yes,Medium,High,"Manage financial records, analyze financial data, and ensure legal tax compliance for organizations."
502,O/L Completed,Psychology & Counseling Interest,BA/BSc Psychology,Psychology,Assistant Psychologist,Counselor,Director of Mental Health Services,Research Methodology|Psychological Assessment|Therapy Techniques (CBT),Empathy|Active Listening|Confidentiality,Cognitive Psychology|Abnormal Psychology|Counseling,Counseling Diploma|Clinical Psychology Masters,Medium,High,50000,80000-430000,Yes,High,Low,Study human behavior and help individuals navigate mental health and emotional challenges.
503,A/L Completed,Biological Science Stream - Biology focus,MBBS Medicine,Healthcare - Medical,Pre-Intern Medical Officer,Registrar,Hospital Director,Patient Care|Medical Procedures|Pharmacology,Communication|Empathy|Decision Making Under Pressure,Pathology|Surgery|Physiology,MD/MS (Sri Lanka)|USMLE,Very High,Very High,200000,230000-620000,No,Low,Low,"Diagnose and treat illnesses, injuries, and health conditions in patients."
504,A/L Pending,Technology Stream - ET/BST focus,BSc Mechanical Engineering,Mechanical Engineering,Maintenance Engineer Trainee,Production Engineer,Senior Mechanical Engineer,Thermodynamics|CAD/CAM|Quality Control,Analytical Thinking|Attention to Detail|Troubleshooting,Machine Design|Thermodynamics|Control Systems,Six Sigma|Chartered Engineer (CEng),Medium,High,105000,135000-540000,No,Low,Medium,"Design, develop, build, and test mechanical and thermal sensors and devices."
505,A/L Completed,Arts Stream - Languages focus,BSc Digital Marketing,Marketing,Marketing Assistant,SEO Specialist,Marketing Director,SEO/SEM|Google Analytics|Social Media Ads,Empathy|Creativity|Adaptability,Brand Management|Digital Strategy|Consumer Behavior,Google Digital Garage|HubSpot Inbound Marketing,High,High,115000,145000-590000,Yes,High,Medium,Promote products and services using digital channels to reach target audiences effectively.
506,O/L Completed,Mechanical Systems Interest,BSc Mechanical Engineering,Mechanical Engineering,Maintenance Engineer Trainee,Production Engineer,Engineering Director,Thermodynamics|Robotics|CAD/CAM,Innovation|Troubleshooting|Analytical Thinking,Fluid Mechanics|Thermodynamics|Control Systems,Six Sigma|Chartered Engineer (CEng),Medium,High,75000,105000-290000,No,Low,Medium,"Design, develop, build, and test mechanical and thermal sensors and devices."
507,A/L Pending,Technology Stream - IT focus,BSc Information Technology / Diploma in Networking,IT Infrastructure,IT Technician,Cloud Engineer,Network Architect,Linux/Windows Server|Cloud Computing (AWS/Azure)|Routing & Switching,Troubleshooting|Customer Service|Reliability,Operating Systems|System Administration|Computer Networks,CCNA|CompTIA Network+,High,High,120000,150000-480000,Yes,Low,Medium,"Design, install, and maintain the computer networks and systems that organizations rely on."
508,O/L Completed,Business Management Interest,BBA Business Management,Business Operations,Operations Assistant,Project Manager,Chief Operating Officer,Data Analysis|Project Management|Strategic Planning,Negotiation|Decision Making|Problem Solving,Strategic Management|Marketing|HR,PMP|Agile PM,Medium,High,110000,140000-680000,Yes,Medium,Low,Oversee the day-to-day operations of a company to ensure efficiency and profitability.
509,A/L Completed,Biological Science Stream - Chemistry focus,BSc Nursing,Healthcare - Nursing,Trainee Staff Nurse,Staff Nurse,Nursing Sister,Vital Signs Monitoring|Infection Control|First Aid,Patience|Communication|Resilience,Medical-Surgical Nursing|Pharmacology|Nursing Foundations,Specialized Nursing Certifications|BLS,High,Very High,90000,120000-490000,No,Low,Low,"Provide care to patients, administer medications, and assist doctors in medical treatments."
510,Undergraduate,Background in Agriculture,BSc Agriculture,Agriculture & Agri-Business,Field Officer,Agronomist,Director of Agriculture,"Agri-Tech (IoT, Drones)|Crop Management|Pest Control",Team Management|Physical Endurance|Problem Solving,Soil Science|Plant Biotechnology|Crop Science,Pesticide Application License|GAP Certification,Medium,Low,85000,115000-410000,No,Low,Medium,"Manage farming operations, improve crop yields, and implement sustainable agricultural practices."
511,A/L Completed,Technology Stream - ET/BST focus,BSc Agriculture,Agriculture & Agri-Business,Field Officer,Plantation Manager,Senior Agronomist,Crop Management|Pest Control|Soil Science,Adaptability|Problem Solving|Physical Endurance,Soil Science|Plant Biotechnology|Agricultural Economics,GAP Certification|Pesticide Application License,Medium,Low,60000,90000-210000,No,Low,Medium,"Manage farming operations, improve crop yields, and implement sustainable agricultural practices."
512,Undergraduate,Background in IT / Programming,BSc Computer Science,Software Engineering,Junior Software Developer,Backend Engineer,Senior Developer,Algorithms|Problem Solving|Programming,Critical Thinking|Teamwork|Communication,Math for CS|Operating Systems|Databases,Scrum Master|Azure Fundamentals,Very High,Very High,150000,180000-390000,Yes,High,Medium,"Design, build, and maintain software applications and systems for various platforms."
513,O/L Completed,Psychology & Counseling Interest,BA/BSc Psychology,Psychology,HR Assistant,Clinical Psychologist,Chief HR Officer,Therapy Techniques (CBT)|Psychological Assessment|Research Methodology,Empathy|Active Listening|Confidentiality,Cognitive Psychology|Abnormal Psychology|Counseling,Clinical Psychology Masters|Mental Health First Aid,Medium,High,95000,125000-230000,Yes,High,Low,Study human behavior and help individuals navigate mental health and emotional challenges.
514,O/L Completed,Agriculture Interest,BSc Agriculture,Agriculture & Agri-Business,Field Officer,Agricultural Officer,Estate Superintendent,"Crop Management|Agri-Tech (IoT, Drones)|Pest Control",Team Management|Physical Endurance|Problem Solving,Agricultural Economics|Plant Biotechnology|Crop Science,GAP Certification|Pesticide Application License,Medium,Low,60000,90000-180000,No,Low,Medium,"Manage farming operations, improve crop yields, and implement sustainable agricultural practices."
515,Diploma Holder,Background in Psychology & Counseling,BA/BSc Psychology,Psychology,Counseling Trainee,Clinical Psychologist,Consultant Psychologist,Psychological Assessment|Research Methodology|Therapy Techniques (CBT),Empathy|Active Listening|Confidentiality,Abnormal Psychology|Cognitive Psychology|Counseling,Mental Health First Aid|Clinical Psychology Masters,Medium,High,90000,120000-360000,Yes,High,Low,Study human behavior and help individuals navigate mental health and emotional challenges.
516,Diploma Holder,Background in Human Resource Management,BSc Human Resource Management,Human Resources,Payroll Clerk,Employee Relations Manager,Chief Human Resources Officer (CHRO),"Payroll Management|Labor Law Knowledge|HRIS (Workday, BambooHR)",Empathy|Communication|Conflict Resolution,Performance Management|Compensation|Organizational Behavior,PHR|CIPM,Medium,Medium,70000,100000-230000,Yes,Low,Medium,"Manage the recruitment, development, and wellbeing of an organization's employees."
517,Career Switcher,Education & Teaching Interest,BA/BSc / BEd Education,Education,Teaching Assistant,Instructor,Principal,Curriculum Development|Educational Technology|Lesson Planning,Empathy|Patience|Public Speaking,Subject-Specific Focus|Educational Psychology|Teaching Methodology,Postgraduate Diploma in Education (PGDE)|TEFL/TESOL,Medium,High,70000,100000-190000,Medium,High,Low,"Educate and mentor students, preparing them for academic and personal success."
518,Diploma Holder,Background in IT / Programming,BSc Computer Science,Software Engineering,Junior Software Developer,Backend Engineer,Software Architect,Data Structures|Problem Solving|Git,Teamwork|Communication|Critical Thinking,Math for CS|Databases|Operating Systems,AWS Certified Developer|Azure Fundamentals,Very High,Very High,145000,175000-660000,Yes,High,Medium,"Design, build, and maintain software applications and systems for various platforms."
519,Undergraduate,Background in Cybersecurity,BSc Cyber Security,Information Security,SOC Analyst,Penetration Tester,Cyber Security Manager,Risk Assessment|Linux|Network Security,Perseverance|Analytical Thinking|Calm Under Pressure,Network Protocols|Digital Forensics|Cryptography,CISM|CompTIA Security+,Very High,Very High,155000,185000-900000,Yes,High,Low,Protect computer systems and networks from cyber attacks and unauthorized access.
520,Diploma Holder,Background in Architecture & Built Environment,BArch Architecture,Architecture,Junior Draftsman,Interior Designer,Principal Architect,3D Rendering|Building Codes|AutoCAD,Creativity|Communication|Attention to Detail,Structural Design|Architectural Design|Building Materials,Chartered Architect (AIA)|LEED Green Associate,Medium,Medium,85000,115000-500000,Medium,High,Medium,"Design buildings and structures that are functional, safe, and aesthetically pleasing."
521,A/L Completed,Technology Stream - IT focus,BSc Information Technology / Diploma in Networking,IT Infrastructure,Network Support Engineer,Systems Administrator,IT Infrastructure Manager,Cloud Computing (AWS/Azure)|Routing & Switching|Linux/Windows Server,Customer Service|Reliability|Communication,Computer Networks|Operating Systems|System Administration,AWS SysOps|CompTIA Network+,High,High,120000,150000-470000,Yes,Low,Medium,"Design, install, and maintain the computer networks and systems that organizations rely on."
522,Career Switcher,Business Management Interest,BBA Business Management,Business Operations,Management Trainee,Operations Manager,General Manager,Strategic Planning|Data Analysis|Project Management,Problem Solving|Negotiation|Leadership,Organizational Behavior|Strategic Management|HR,Agile PM|Certified Business Analysis Professional (CBAP),Medium,High,145000,175000-330000,Yes,Medium,Low,Oversee the day-to-day operations of a company to ensure efficiency and profitability.
523,Undergraduate,Background in Networking,BSc Information Technology / Diploma in Networking,IT Infrastructure,IT Technician,Cloud Engineer,Senior Cloud Architect,Routing & Switching|Linux/Windows Server|Cloud Computing (AWS/Azure),Troubleshooting|Customer Service|Communication,System Administration|Operating Systems|Computer Networks,CCNA|CompTIA Network+,High,High,135000,165000-490000,Yes,Low,Medium,"Design, install, and maintain the computer networks and systems that organizations rely on."
524,Diploma Holder,Background in Psychology & Counseling,BA/BSc Psychology,Psychology,Assistant Psychologist,Organizational Psychologist,Director of Mental Health Services,Research Methodology|Psychological Assessment|Therapy Techniques (CBT),Patience|Confidentiality|Empathy,Developmental Psychology|Abnormal Psychology|Cognitive Psychology,Counseling Diploma|Clinical Psychology Masters,Medium,High,90000,120000-460000,Yes,High,Low,Study human behavior and help individuals navigate mental health and emotional challenges.
525,O/L Completed,Human Resource Management Interest,BSc Human Resource Management,Human Resources,HR Assistant,HR Manager,HR Director,"Payroll Management|HRIS (Workday, BambooHR)|Recruitment",Conflict Resolution|Communication|Empathy,Labor Law|Compensation|Organizational Behavior,PHR|SHRM-CP,Medium,Medium,70000,100000-210000,Yes,Low,Medium,"Manage the recruitment, development, and wellbeing of an organization's employees."
526,Undergraduate,Background in Medicine,MBBS Medicine,Healthcare - Medical,Junior Doctor,Registrar,Hospital Director,Medical Procedures|Pharmacology|Patient Care,Decision Making Under Pressure|Communication|Empathy,Pediatrics|Physiology|Anatomy,MRCP|MD/MS (Sri Lanka),Very High,Very High,230000,260000-700000,No,Low,Low,"Diagnose and treat illnesses, injuries, and health conditions in patients."
527,O/L Completed,Architecture & Built Environment Interest,BArch Architecture,Architecture,Junior Draftsman,Architect,Principal Architect,Building Codes|Revit|AutoCAD,Visualization|Creativity|Attention to Detail,Architectural Design|Building Materials|History of Architecture,LEED Green Associate|Chartered Architect (AIA),Medium,Medium,70000,100000-540000,Medium,High,Medium,"Design buildings and structures that are functional, safe, and aesthetically pleasing."
528,A/L Pending,Arts Stream - History focus,BArch Architecture,Architecture,Design Intern,Interior Designer,Senior Architect,Building Codes|Revit|SketchUp,Communication|Attention to Detail|Visualization,Structural Design|History of Architecture|Architectural Design,LEED Green Associate|Chartered Architect (AIA),Medium,Medium,75000,105000-360000,Medium,High,Medium,"Design buildings and structures that are functional, safe, and aesthetically pleasing."
529,Career Switcher,Marketing & Digital Media Interest,BSc Digital Marketing,Marketing,Social Media Coordinator,Content Strategist,Chief Marketing Officer,Google Analytics|Social Media Ads|SEO/SEM,Adaptability|Communication|Empathy,Brand Management|Digital Strategy|Market Research,Meta Blueprint|HubSpot Inbound Marketing,High,High,100000,130000-460000,Yes,High,Medium,Promote products and services using digital channels to reach target audiences effectively.
530,A/L Pending,Technology Stream - SFT focus,BA/BSc / BEd Education,Education,Teaching Assistant,Lecturer,Professor,Lesson Planning|Educational Technology|Curriculum Development,Public Speaking|Mentorship|Patience,Educational Psychology|Subject-Specific Focus|Curriculum Design,Postgraduate Diploma in Education (PGDE)|TEFL/TESOL,Medium,High,65000,95000-340000,Medium,High,Low,"Educate and mentor students, preparing them for academic and personal success."
531,A/L Pending,Biological Science Stream - Biology focus,MBBS Medicine,Healthcare - Medical,Junior Doctor,Medical Officer,Consultant Specialist,Patient Care|Medical Procedures|Pharmacology,Communication|Decision Making Under Pressure|Empathy,Surgery|Anatomy|Pediatrics,USMLE|MD/MS (Sri Lanka),Very High,Very High,215000,245000-730000,No,Low,Low,"Diagnose and treat illnesses, injuries, and health conditions in patients."
532,Undergraduate,Background in Agriculture,BSc Agriculture,Agriculture & Agri-Business,Field Officer,Agronomist,Senior Agronomist,"Crop Management|Pest Control|Agri-Tech (IoT, Drones)",Adaptability|Problem Solving|Physical Endurance,Plant Biotechnology|Soil Science|Agricultural Economics,GAP Certification|Pesticide Application License,Medium,Low,70000,100000-300000,No,Low,Medium,"Manage farming operations, improve crop yields, and implement sustainable agricultural practices."
533,Undergraduate,Background in Data Analysis & AI,BSc Data Science,Data Science,Data Analyst,Data Scientist,Chief Data Officer,Data Viz|Python|Machine Learning,Analytical Thinking|Presentation|Business Acumen,Big Data|Deep Learning|Probability,Google Data Analytics|AWS Machine Learning,High,Very High,195000,225000-720000,Yes,High,Low,Analyze complex data sets to help companies make data-driven decisions and build predictive models.
534,O/L Completed,Architecture & Built Environment Interest,BArch Architecture,Architecture,Design Intern,Project Architect,Design Director,AutoCAD|SketchUp|3D Rendering,Creativity|Visualization|Attention to Detail,Structural Design|Architectural Design|Building Materials,Chartered Architect (AIA)|LEED Green Associate,Medium,Medium,75000,105000-260000,Medium,High,Medium,"Design buildings and structures that are functional, safe, and aesthetically pleasing."
535,Graduate,Background in IT / Programming,BSc Computer Science,Software Engineering,Associate Software Engineer,Backend Engineer,Senior Developer,Problem Solving|Data Structures|Programming,Time Management|Communication|Critical Thinking,Math for CS|Operating Systems|Software Patterns,Scrum Master|AWS Certified Developer,Very High,Very High,165000,195000-790000,Yes,High,Medium,"Design, build, and maintain software applications and systems for various platforms."
536,Undergraduate,Background in IT / Programming,BSc Computer Science,Software Engineering,Associate Software Engineer,Backend Engineer,Tech Lead,Problem Solving|Git|Programming,Critical Thinking|Communication|Teamwork,Operating Systems|Software Patterns|Databases,Scrum Master|AWS Certified Developer,Very High,Very High,110000,140000-490000,Yes,High,Medium,"Design, build, and maintain software applications and systems for various platforms."
537,Diploma Holder,Background in Cybersecurity,BSc Cyber Security,Information Security,Junior Penetration Tester,Penetration Tester,Chief Information Security Officer (CISO),Network Security|Ethical Hacking|Linux,Perseverance|Analytical Thinking|Ethics,Digital Forensics|Cryptography|Malware Analysis,CISSP|CISM,Very High,Very High,210000,240000-900000,Yes,High,Low,Protect computer systems and networks from cyber attacks and unauthorized access.
538,Diploma Holder,Background in Design & Multimedia,BA Graphic Design / Diploma in Multimedia,Design,UI/UX Intern,Art Director,Lead Product Designer,Photoshop|Typography|Adobe Illustrator,Time Management|Creativity|Attention to Detail,Digital Art|Visual Communication|User Experience,Adobe Certified Professional|Google UX Design,High,High,110000,140000-550000,Yes,High,High,"Create visual concepts to communicate ideas that inspire, inform, and captivate consumers."
539,A/L Completed,Arts Stream - Logic/Media focus,BA Graphic Design / Diploma in Multimedia,Design,Visual Designer,Graphic Designer,Creative Director,Typography|Photoshop|Adobe Illustrator,Creativity|Time Management|Attention to Detail,User Experience|Design Principles|Digital Art,Adobe Certified Professional|Google UX Design,High,High,100000,130000-380000,Yes,High,High,"Create visual concepts to communicate ideas that inspire, inform, and captivate consumers."
540,A/L Completed,Biological Science Stream - Biology focus,BA/BSc Psychology,Psychology,Counseling Trainee,Organizational Psychologist,Chief HR Officer,Psychological Assessment|Therapy Techniques (CBT)|Research Methodology,Empathy|Confidentiality|Active Listening,Abnormal Psychology|Counseling|Developmental Psychology,Clinical Psychology Masters|Counseling Diploma,Medium,High,75000,105000-430000,Yes,High,Low,Study human behavior and help individuals navigate mental health and emotional challenges.
541,Graduate,Background in Medicine,MBBS Medicine,Healthcare - Medical,Medical Intern,Registrar,Consultant Specialist,Medical Procedures|Diagnosis|Pharmacology,Communication|Ethics|Empathy,Physiology|Surgery|Anatomy,USMLE|MRCP,Very High,Very High,215000,245000-710000,No,Low,Low,"Diagnose and treat illnesses, injuries, and health conditions in patients."
542,Undergraduate,Background in Human Resource Management,BSc Human Resource Management,Human Resources,Recruitment Trainee,Talent Acquisition Specialist,HR Director,Payroll Management|Recruitment|Labor Law Knowledge,Empathy|Communication|Negotiation,Compensation|Performance Management|Organizational Behavior,PHR|SHRM-CP,Medium,Medium,75000,105000-460000,Yes,Low,Medium,"Manage the recruitment, development, and wellbeing of an organization's employees."
543,Diploma Holder,Background in IT / Programming,BSc Computer Science,Software Engineering,Junior Software Developer,Full Stack Developer,Tech Lead,Algorithms|Problem Solving|Git,Communication|Time Management|Critical Thinking,Operating Systems|Math for CS|Software Patterns,Azure Fundamentals|Scrum Master,Very High,Very High,140000,170000-770000,Yes,High,Medium,"Design, build, and maintain software applications and systems for various platforms."
544,O/L Completed,Agriculture Interest,BSc Agriculture,Agriculture & Agri-Business,Field Officer,Plantation Manager,Senior Agronomist,"Soil Science|Agri-Tech (IoT, Drones)|Pest Control",Physical Endurance|Team Management|Problem Solving,Crop Science|Soil Science|Plant Biotechnology,GAP Certification|Pesticide Application License,Medium,Low,85000,115000-370000,No,Low,Medium,"Manage farming operations, improve crop yields, and implement sustainable agricultural practices."
545,Graduate,Background in Education & Teaching,BA/BSc / BEd Education,Education,Tutor,Instructor,Professor,Lesson Planning|Student Assessment|Curriculum Development,Patience|Public Speaking|Mentorship,Subject-Specific Focus|Teaching Methodology|Curriculum Design,Postgraduate Diploma in Education (PGDE)|TEFL/TESOL,Medium,High,60000,90000-160000,Medium,High,Low,"Educate and mentor students, preparing them for academic and personal success."
546,A/L Completed,Biological Science Stream - Biology focus,MBBS Medicine,Healthcare - Medical,Junior Doctor,Medical Officer,Chief Medical Officer,Medical Procedures|Diagnosis|Patient Care,Decision Making Under Pressure|Ethics|Empathy,Anatomy|Pathology|Pediatrics,MD/MS (Sri Lanka)|USMLE,Very High,Very High,155000,185000-1690000,No,Low,Low,"Diagnose and treat illnesses, injuries, and health conditions in patients."
547,Diploma Holder,Background in Data Analysis & AI,BSc Data Science,Data Science,Data Analyst,Data Scientist,Chief Data Officer,Python|Data Viz|Statistics,Curiosity|Presentation|Business Acumen,Big Data|Probability|Deep Learning,IBM Data Science|Google Data Analytics,High,Very High,150000,180000-410000,Yes,High,Low,Analyze complex data sets to help companies make data-driven decisions and build predictive models.
548,Undergraduate,Background in Education & Teaching,BA/BSc / BEd Education,Education,Trainee Teacher,Teacher,Principal,Educational Technology|Student Assessment|Lesson Planning,Empathy|Patience|Public Speaking,Educational Psychology|Curriculum Design|Teaching Methodology,TEFL/TESOL|Postgraduate Diploma in Education (PGDE),Medium,High,60000,90000-370000,Medium,High,Low,"Educate and mentor students, preparing them for academic and personal success."
549,A/L Completed,Arts Stream - Languages focus,BSc Data Science,Data Science,BI Analyst,Data Engineer,AI Research Scientist,Machine Learning|Statistics|SQL,Presentation|Analytical Thinking|Curiosity,Big Data|Probability|Deep Learning,IBM Data Science|AWS Machine Learning,High,Very High,155000,185000-690000,Yes,High,Low,Analyze complex data sets to help companies make data-driven decisions and build predictive models.
550,Career Switcher,Human Resource Management Interest,BSc Human Resource Management,Human Resources,Recruitment Trainee,HR Manager,HR Director,Payroll Management|Recruitment|Labor Law Knowledge,Communication|Conflict Resolution|Empathy,Compensation|Labor Law|Performance Management,SHRM-CP|PHR,Medium,Medium,65000,95000-410000,Yes,Low,Medium,"Manage the recruitment, development, and wellbeing of an organization's employees."
551,Career Switcher,Architecture & Built Environment Interest,BArch Architecture,Architecture,Junior Draftsman,Project Architect,Principal Architect,AutoCAD|Revit|3D Rendering,Visualization|Attention to Detail|Communication,History of Architecture|Building Materials|Structural Design,LEED Green Associate|Chartered Architect (AIA),Medium,Medium,80000,110000-260000,Medium,High,Medium,"Design buildings and structures that are functional, safe, and aesthetically pleasing."
552,Career Switcher,Design & Multimedia Interest,BA Graphic Design / Diploma in Multimedia,Design,Junior Graphic Designer,Art Director,Lead Product Designer,Photoshop|Typography|Adobe Illustrator,Time Management|Attention to Detail|Receptivity to Feedback,Design Principles|User Experience|Digital Art,Google UX Design|Adobe Certified Professional,High,High,110000,140000-200000,Yes,High,High,"Create visual concepts to communicate ideas that inspire, inform, and captivate consumers."
553,Career Switcher,IT / Programming Interest,BSc Computer Science,Software Engineering,Associate Software Engineer,Backend Engineer,Senior Developer,Problem Solving|Git|Data Structures,Critical Thinking|Teamwork|Communication,Math for CS|Databases|Operating Systems,Azure Fundamentals|Scrum Master,Very High,Very High,125000,155000-750000,Yes,High,Medium,"Design, build, and maintain software applications and systems for various platforms."
554,A/L Completed,Arts Stream - Logic/Media focus,LLB Law,Legal Services,Junior Lawyer,Corporate Counsel,Chief Legal Officer,Litigation|Compliance|Drafting Contracts,Argumentation|Analytical Thinking|Negotiation,Corporate Law|Constitutional Law|Criminal Law,Notary Public|Attorney-at-Law (Sri Lanka Law College),Medium,Medium,75000,105000-310000,No,Medium,Medium,"Advise and represent clients in legal matters, draft documents, and ensure legal compliance."
555,Diploma Holder,Background in IT / Programming,BSc Computer Science,Software Engineering,Junior Software Developer,Full Stack Developer,Software Architect,Problem Solving|Data Structures|Programming,Time Management|Teamwork|Critical Thinking,Operating Systems|Databases|Software Patterns,AWS Certified Developer|Scrum Master,Very High,Very High,135000,165000-320000,Yes,High,Medium,"Design, build, and maintain software applications and systems for various platforms."
556,A/L Pending,Arts Stream - Languages focus,BSc Human Resource Management,Human Resources,Payroll Clerk,Employee Relations Manager,HR Director,"Payroll Management|HRIS (Workday, BambooHR)|Recruitment",Communication|Negotiation|Empathy,Organizational Behavior|Compensation|Performance Management,CIPM|SHRM-CP,Medium,Medium,95000,125000-290000,Yes,Low,Medium,"Manage the recruitment, development, and wellbeing of an organization's employees."
557,A/L Pending,Physical Science Stream - Chemistry/IT focus,BA/BSc / BEd Education,Education,Trainee Teacher,Instructor,Dean,Curriculum Development|Lesson Planning|Student Assessment,Public Speaking|Empathy|Patience,Subject-Specific Focus|Educational Psychology|Curriculum Design,Postgraduate Diploma in Education (PGDE)|TEFL/TESOL,Medium,High,45000,75000-310000,Medium,High,Low,"Educate and mentor students, preparing them for academic and personal success."
558,A/L Pending,Technology Stream - SFT focus,BSc Information Technology / Diploma in Networking,IT Infrastructure,IT Technician,Systems Administrator,Network Architect,Cloud Computing (AWS/Azure)|Routing & Switching|Linux/Windows Server,Communication|Customer Service|Reliability,Computer Networks|Operating Systems|System Administration,AWS SysOps|CompTIA Network+,High,High,120000,150000-290000,Yes,Low,Medium,"Design, install, and maintain the computer networks and systems that organizations rely on."
559,A/L Completed,Technology Stream - SFT focus,BSc Hospitality Management,Tourism,Tour Guide,Hotel Manager,Director of Tourism,Languages|Event Planning|Inventory Management,Problem Solving|Customer Service|Cultural Awareness,Tourism Marketing|Hospitality Operations|HR in Hospitality,Language Diplomas|Food Safety Certification,High,Medium,60000,90000-420000,No,Medium,High,"Manage operations in hotels, resorts, and coordinate travel experiences for tourists."
560,O/L Completed,Logistics & Supply Chain Interest,BSc Supply Chain Management,Logistics,Procurement Trainee,Supply Chain Manager,Procurement Director,Freight Forwarding|ERP Software (SAP/Oracle)|Inventory Management,Negotiation|Problem Solving|Leadership,Inventory Control|Procurement|Transportation Management,CIPS|CSCP,High,High,115000,145000-250000,No,Low,Medium,Oversee the movement of goods from suppliers to consumers efficiently and cost-effectively.
561,Graduate,Background in Education & Teaching,BA/BSc / BEd Education,Education,Tutor,Lecturer,Dean,Educational Technology|Curriculum Development|Student Assessment,Mentorship|Empathy|Public Speaking,Subject-Specific Focus|Educational Psychology|Teaching Methodology,Postgraduate Diploma in Education (PGDE)|TEFL/TESOL,Medium,High,65000,95000-260000,Medium,High,Low,"Educate and mentor students, preparing them for academic and personal success."
562,Career Switcher,Architecture & Built Environment Interest,BArch Architecture,Architecture,Junior Draftsman,Interior Designer,Principal Architect,Revit|SketchUp|3D Rendering,Attention to Detail|Communication|Creativity,Architectural Design|Building Materials|Structural Design,LEED Green Associate|Chartered Architect (AIA),Medium,Medium,115000,145000-250000,Medium,High,Medium,"Design buildings and structures that are functional, safe, and aesthetically pleasing."
563,Career Switcher,Data Analysis & AI Interest,BSc Data Science,Data Science,Data Analyst,Data Engineer,AI Research Scientist,Machine Learning|Statistics|Python,Business Acumen|Curiosity|Presentation,Big Data|Probability|Deep Learning,Google Data Analytics|IBM Data Science,High,Very High,140000,170000-630000,Yes,High,Low,Analyze complex data sets to help companies make data-driven decisions and build predictive models.
564,O/L Completed,Construction & Structures Interest,BSc Civil Engineering,Civil Engineering,Structural Trainee,Project Engineer,Senior Civil Engineer,Project Management|Surveying|Structural Analysis,Teamwork|Problem Solving|Risk Management,Geotechnical Engineering|Fluid Mechanics|Structural Design,Chartered Engineer (CEng)|AutoCAD Certification,Medium,Medium,70000,100000-470000,No,Low,Low,"Design, build, and supervise infrastructure projects and systems."
565,Diploma Holder,Background in Marketing & Digital Media,BSc Digital Marketing,Marketing,Social Media Coordinator,SEO Specialist,Chief Marketing Officer,Google Analytics|Content Creation|Social Media Ads,Adaptability|Communication|Creativity,Digital Strategy|Market Research|Brand Management,Meta Blueprint|Google Digital Garage,High,High,90000,120000-250000,Yes,High,Medium,Promote products and services using digital channels to reach target audiences effectively.
566,O/L Completed,Healthcare Caregiving Interest,BSc Nursing,Healthcare - Nursing,Assistant Nurse,Staff Nurse,Nursing Sister,Infection Control|Patient Care|First Aid,Communication|Empathy|Resilience,Nursing Foundations|Psychology|Medical-Surgical Nursing,Specialized Nursing Certifications|ACLS,High,Very High,65000,95000-330000,No,Low,Low,"Provide care to patients, administer medications, and assist doctors in medical treatments."
567,Undergraduate,Background in Accounting & Finance,BSc Accounting and Finance,Finance,Junior Accountant,Accountant,Chief Financial Officer (CFO),Taxation|ERP Systems|Financial Reporting,Attention to Detail|Ethics|Integrity,Economics|Auditing|Corporate Finance,CMA|CIMA,High,High,105000,135000-690000,Yes,Medium,High,"Manage financial records, analyze financial data, and ensure legal tax compliance for organizations."
568,Diploma Holder,Background in Construction & Structures,BSc Civil Engineering,Civil Engineering,Junior Civil Engineer,Structural Engineer,Engineering Director,AutoCAD|Surveying|Structural Analysis,Teamwork|Leadership|Risk Management,Structural Design|Fluid Mechanics|Geotechnical Engineering,AutoCAD Certification|Chartered Engineer (CEng),Medium,Medium,105000,135000-400000,No,Low,Low,"Design, build, and supervise infrastructure projects and systems."
569,Undergraduate,Background in Design & Multimedia,BA Graphic Design / Diploma in Multimedia,Design,Visual Designer,Art Director,Creative Director,Color Theory|Adobe Illustrator|Figma,Receptivity to Feedback|Time Management|Attention to Detail,Digital Art|Visual Communication|Design Principles,Adobe Certified Professional|Google UX Design,High,High,65000,95000-240000,Yes,High,High,"Create visual concepts to communicate ideas that inspire, inform, and captivate consumers."
570,O/L Completed,Agriculture Interest,BSc Agriculture,Agriculture & Agri-Business,Agricultural Assistant,Agronomist,Estate Superintendent,"Soil Science|Agri-Tech (IoT, Drones)|Crop Management",Problem Solving|Team Management|Adaptability,Soil Science|Crop Science|Plant Biotechnology,Pesticide Application License|GAP Certification,Medium,Low,50000,80000-230000,No,Low,Medium,"Manage farming operations, improve crop yields, and implement sustainable agricultural practices."
571,A/L Pending,Technology Stream - IT focus,BA/BSc / BEd Education,Education,Tutor,Lecturer,Dean,Student Assessment|Lesson Planning|Curriculum Development,Patience|Mentorship|Public Speaking,Subject-Specific Focus|Educational Psychology|Curriculum Design,TEFL/TESOL|Postgraduate Diploma in Education (PGDE),Medium,High,55000,85000-180000,Medium,High,Low,"Educate and mentor students, preparing them for academic and personal success."
572,A/L Pending,Technology Stream - ET/BST focus,BSc Computer Science,Software Engineering,Associate Software Engineer,Software Engineer,Software Architect,Algorithms|Programming|Problem Solving,Teamwork|Time Management|Communication,Software Patterns|Databases|Operating Systems,Scrum Master|AWS Certified Developer,Very High,Very High,125000,155000-790000,Yes,High,Medium,"Design, build, and maintain software applications and systems for various platforms."
573,A/L Completed,Physical Science Stream - Chemistry/IT focus,BSc Mechanical Engineering,Mechanical Engineering,Junior Mechanical Engineer,Maintenance Engineer,Engineering Director,CAD/CAM|Quality Control|Thermodynamics,Innovation|Troubleshooting|Analytical Thinking,Fluid Mechanics|Thermodynamics|Control Systems,Chartered Engineer (CEng)|SolidWorks Certification,Medium,High,85000,115000-330000,No,Low,Medium,"Design, develop, build, and test mechanical and thermal sensors and devices."
574,A/L Pending,Arts Stream - Logic/Media focus,LLB Law,Legal Services,Junior Lawyer,Legal Consultant,Senior Counsel,Litigation|Drafting Contracts|Compliance,Argumentation|Analytical Thinking|Public Speaking,Contract Law|Criminal Law|Corporate Law,Attorney-at-Law (Sri Lanka Law College)|Notary Public,Medium,Medium,65000,95000-340000,No,Medium,Medium,"Advise and represent clients in legal matters, draft documents, and ensure legal compliance."
575,A/L Completed,Commerce Stream - Economics/IT focus,BSc Human Resource Management,Human Resources,HR Assistant,Employee Relations Manager,Chief Human Resources Officer (CHRO),Payroll Management|Labor Law Knowledge|Recruitment,Conflict Resolution|Negotiation|Empathy,Organizational Behavior|Labor Law|Performance Management,CIPM|PHR,Medium,Medium,80000,110000-420000,Yes,Low,Medium,"Manage the recruitment, development, and wellbeing of an organization's employees."
576,Graduate,Background in Tourism & Hospitality,BSc Hospitality Management,Tourism,Front Office Assistant,Event Manager,General Manager (Hotel),Property Management Systems|Event Planning|Languages,Customer Service|Problem Solving|Interpersonal Skills,Food & Beverage Management|HR in Hospitality|Hospitality Operations,IATA Certification|Language Diplomas,High,Medium,90000,120000-360000,No,Medium,High,"Manage operations in hotels, resorts, and coordinate travel experiences for tourists."
577,Career Switcher,Human Resource Management Interest,BSc Human Resource Management,Human Resources,Payroll Clerk,HR Manager,VP of People,"Payroll Management|HRIS (Workday, BambooHR)|Labor Law Knowledge",Negotiation|Communication|Conflict Resolution,Organizational Behavior|Performance Management|Labor Law,PHR|SHRM-CP,Medium,Medium,70000,100000-230000,Yes,Low,Medium,"Manage the recruitment, development, and wellbeing of an organization's employees."
578,Graduate,Background in Cybersecurity,BSc Cyber Security,Information Security,Junior Penetration Tester,Penetration Tester,Cyber Security Manager,Linux|Ethical Hacking|Network Security,Calm Under Pressure|Perseverance|Analytical Thinking,Cryptography|Digital Forensics|Malware Analysis,CompTIA Security+|CEH,Very High,Very High,215000,245000-670000,Yes,High,Low,Protect computer systems and networks from cyber attacks and unauthorized access.
579,Undergraduate,Background in Logistics & Supply Chain,BSc Supply Chain Management,Logistics,Procurement Trainee,Logistics Analyst,Chief Supply Chain Officer,Data Analysis|Inventory Management|Freight Forwarding,Leadership|Negotiation|Problem Solving,Transportation Management|Procurement|Inventory Control,CIPS|Six Sigma,High,High,110000,140000-550000,No,Low,Medium,Oversee the movement of goods from suppliers to consumers efficiently and cost-effectively.
580,Diploma Holder,Background in Agriculture,BSc Agriculture,Agriculture & Agri-Business,Agricultural Assistant,Agronomist,Estate Superintendent,"Pest Control|Agri-Tech (IoT, Drones)|Crop Management",Problem Solving|Team Management|Adaptability,Plant Biotechnology|Agricultural Economics|Crop Science,Pesticide Application License|GAP Certification,Medium,Low,85000,115000-410000,No,Low,Medium,"Manage farming operations, improve crop yields, and implement sustainable agricultural practices."
581,A/L Pending,Technology Stream - SFT focus,BSc Data Science,Data Science,Data Analyst,Machine Learning Engineer,AI Research Scientist,Data Viz|Statistics|SQL,Curiosity|Business Acumen|Presentation,Deep Learning|Probability|Big Data,IBM Data Science|AWS Machine Learning,High,Very High,155000,185000-800000,Yes,High,Low,Analyze complex data sets to help companies make data-driven decisions and build predictive models.
582,Diploma Holder,Background in Architecture & Built Environment,BArch Architecture,Architecture,Design Intern,Architect,Principal Architect,Revit|Building Codes|SketchUp,Communication|Attention to Detail|Creativity,Building Materials|History of Architecture|Architectural Design,Chartered Architect (AIA)|LEED Green Associate,Medium,Medium,70000,100000-470000,Medium,High,Medium,"Design buildings and structures that are functional, safe, and aesthetically pleasing."
583,Career Switcher,Logistics & Supply Chain Interest,BSc Supply Chain Management,Logistics,Procurement Trainee,Logistics Analyst,Procurement Director,Data Analysis|ERP Software (SAP/Oracle)|Freight Forwarding,Negotiation|Leadership|Time Management,Inventory Control|Procurement|Transportation Management,CIPS|CSCP,High,High,95000,125000-460000,No,Low,Medium,Oversee the movement of goods from suppliers to consumers efficiently and cost-effectively.
584,Graduate,Background in Medicine,MBBS Medicine,Healthcare - Medical,Junior Doctor,General Practitioner,Consultant Specialist,Pharmacology|Medical Procedures|Diagnosis,Decision Making Under Pressure|Empathy|Ethics,Physiology|Anatomy|Pathology,USMLE|MD/MS (Sri Lanka),Very High,Very High,230000,260000-870000,No,Low,Low,"Diagnose and treat illnesses, injuries, and health conditions in patients."
585,Undergraduate,Background in Agriculture,BSc Agriculture,Agriculture & Agri-Business,Field Officer,Agricultural Officer,Senior Agronomist,"Agri-Tech (IoT, Drones)|Crop Management|Soil Science",Problem Solving|Team Management|Adaptability,Plant Biotechnology|Agricultural Economics|Soil Science,GAP Certification|Pesticide Application License,Medium,Low,80000,110000-420000,No,Low,Medium,"Manage farming operations, improve crop yields, and implement sustainable agricultural practices."
586,A/L Completed,Commerce Stream - Business focus,BSc Digital Marketing,Marketing,SEO Trainee,Content Strategist,Head of Digital,SEO/SEM|Content Creation|Google Analytics,Creativity|Adaptability|Communication,Brand Management|Market Research|Consumer Behavior,Google Digital Garage|Meta Blueprint,High,High,70000,100000-240000,Yes,High,Medium,Promote products and services using digital channels to reach target audiences effectively.
587,Graduate,Background in Agriculture,BSc Agriculture,Agriculture & Agri-Business,Agricultural Assistant,Plantation Manager,Senior Agronomist,"Pest Control|Agri-Tech (IoT, Drones)|Soil Science",Adaptability|Physical Endurance|Team Management,Soil Science|Crop Science|Agricultural Economics,Pesticide Application License|GAP Certification,Medium,Low,80000,110000-200000,No,Low,Medium,"Manage farming operations, improve crop yields, and implement sustainable agricultural practices."
588,A/L Completed,Biological Science Stream - Chemistry focus,BBA Business Management,Business Operations,Management Trainee,Operations Manager,Chief Operating Officer,Strategic Planning|Data Analysis|Budgeting,Decision Making|Problem Solving|Leadership,HR|Strategic Management|Organizational Behavior,Certified Business Analysis Professional (CBAP)|PMP,Medium,High,130000,160000-340000,Yes,Medium,Low,Oversee the day-to-day operations of a company to ensure efficiency and profitability.
589,Undergraduate,Background in Networking,BSc Information Technology / Diploma in Networking,IT Infrastructure,Network Support Engineer,Systems Administrator,Senior Cloud Architect,Cloud Computing (AWS/Azure)|Routing & Switching|Linux/Windows Server,Customer Service|Troubleshooting|Communication,Computer Networks|Operating Systems|System Administration,CCNA|CCNP,High,High,120000,150000-520000,Yes,Low,Medium,"Design, install, and maintain the computer networks and systems that organizations rely on."
590,A/L Completed,Biological Science Stream - Physics/Agri focus,BSc Nursing,Healthcare - Nursing,Assistant Nurse,ICU Nurse,Matron,Patient Care|Infection Control|Vital Signs Monitoring,Communication|Resilience|Patience,Nursing Foundations|Psychology|Medical-Surgical Nursing,Specialized Nursing Certifications|BLS,High,Very High,85000,115000-480000,No,Low,Low,"Provide care to patients, administer medications, and assist doctors in medical treatments."
591,O/L Completed,Medicine Interest,MBBS Medicine,Healthcare - Medical,Junior Doctor,General Practitioner,Consultant Specialist,Pharmacology|Medical Procedures|Diagnosis,Communication|Ethics|Decision Making Under Pressure,Surgery|Physiology|Anatomy,MRCP|USMLE,Very High,Very High,150000,180000-1500000,No,Low,Low,"Diagnose and treat illnesses, injuries, and health conditions in patients."
592,A/L Pending,Commerce Stream - Accounting focus,BA/BSc Psychology,Psychology,Counseling Trainee,Clinical Psychologist,Consultant Psychologist,Therapy Techniques (CBT)|Research Methodology|Psychological Assessment,Patience|Active Listening|Confidentiality,Cognitive Psychology|Developmental Psychology|Abnormal Psychology,Counseling Diploma|Mental Health First Aid,Medium,High,90000,120000-250000,Yes,High,Low,Study human behavior and help individuals navigate mental health and emotional challenges.
593,A/L Completed,Commerce Stream - Business focus,BSc Human Resource Management,Human Resources,Recruitment Trainee,HR Manager,HR Director,"Recruitment|Labor Law Knowledge|HRIS (Workday, BambooHR)",Communication|Conflict Resolution|Empathy,Compensation|Organizational Behavior|Performance Management,PHR|SHRM-CP,Medium,Medium,60000,90000-230000,Yes,Low,Medium,"Manage the recruitment, development, and wellbeing of an organization's employees."
594,A/L Pending,Technology Stream - SFT focus,BSc Hospitality Management,Tourism,Front Office Assistant,Event Manager,General Manager (Hotel),Languages|Property Management Systems|Event Planning,Customer Service|Cultural Awareness|Problem Solving,Hospitality Operations|HR in Hospitality|Food & Beverage Management,Food Safety Certification|Language Diplomas,High,Medium,50000,80000-280000,No,Medium,High,"Manage operations in hotels, resorts, and coordinate travel experiences for tourists."
595,Career Switcher,Healthcare Caregiving Interest,BSc Nursing,Healthcare - Nursing,Assistant Nurse,Registered Nurse,Matron,First Aid|Infection Control|Patient Care,Communication|Resilience|Patience,Medical-Surgical Nursing|Pharmacology|Psychology,BLS|Specialized Nursing Certifications,High,Very High,85000,115000-170000,No,Low,Low,"Provide care to patients, administer medications, and assist doctors in medical treatments."
596,Diploma Holder,Background in Data Analysis & AI,BSc Data Science,Data Science,Data Analyst,Data Scientist,Senior Data Scientist,SQL|Machine Learning|Statistics,Analytical Thinking|Business Acumen|Curiosity,Deep Learning|Probability|Linear Algebra,AWS Machine Learning|IBM Data Science,High,Very High,195000,225000-380000,Yes,High,Low,Analyze complex data sets to help companies make data-driven decisions and build predictive models.
597,Career Switcher,Medicine Interest,MBBS Medicine,Healthcare - Medical,Medical Intern,Medical Officer,Chief Medical Officer,Pharmacology|Patient Care|Diagnosis,Empathy|Ethics|Communication,Physiology|Pathology|Surgery,USMLE|MD/MS (Sri Lanka),Very High,Very High,240000,270000-800000,No,Low,Low,"Diagnose and treat illnesses, injuries, and health conditions in patients."
598,Undergraduate,Background in Law & Justice,LLB Law,Legal Services,Legal Assistant,Attorney-at-Law,Senior Counsel,Litigation|Legal Research|Drafting Contracts,Analytical Thinking|Public Speaking|Argumentation,Corporate Law|Contract Law|Criminal Law,Attorney-at-Law (Sri Lanka Law College)|Notary Public,Medium,Medium,70000,100000-870000,No,Medium,Medium,"Advise and represent clients in legal matters, draft documents, and ensure legal compliance."
599,Diploma Holder,Background in Law & Justice,LLB Law,Legal Services,Junior Lawyer,Corporate Counsel,Senior Counsel,Compliance|Drafting Contracts|Litigation,Public Speaking|Analytical Thinking|Negotiation,Criminal Law|Corporate Law|Contract Law,Notary Public|Attorney-at-Law (Sri Lanka Law College),Medium,Medium,85000,115000-620000,No,Medium,Medium,"Advise and represent clients in legal matters, draft documents, and ensure legal compliance."
600,A/L Completed,Technology Stream - ET/BST focus,BSc Information Technology / Diploma in Networking,IT Infrastructure,Network Support Engineer,Systems Administrator,Senior Cloud Architect,Routing & Switching|Cloud Computing (AWS/Azure)|Linux/Windows Server,Customer Service|Communication|Reliability,Computer Networks|System Administration|Operating Systems,CompTIA Network+|CCNA,High,High,135000,165000-390000,Yes,Low,Medium,"Design, install, and maintain the computer networks and systems that organizations rely on."
601,O/L Completed,Marketing & Digital Media Interest,BSc Digital Marketing,Marketing,Marketing Assistant,Content Strategist,Marketing Director,SEO/SEM|Content Creation|Social Media Ads,Communication|Adaptability|Empathy,Market Research|Digital Strategy|Consumer Behavior,Google Digital Garage|HubSpot Inbound Marketing,High,High,70000,100000-210000,Yes,High,Medium,Promote products and services using digital channels to reach target audiences effectively.
602,Career Switcher,Cybersecurity Interest,BSc Cyber Security,Information Security,Junior Penetration Tester,Penetration Tester,Security Architect,Ethical Hacking|Network Security|Risk Assessment,Calm Under Pressure|Ethics|Perseverance,Digital Forensics|Cryptography|Malware Analysis,CISSP|CISM,Very High,Very High,150000,180000-1040000,Yes,High,Low,Protect computer systems and networks from cyber attacks and unauthorized access.
603,Diploma Holder,Background in Accounting & Finance,BSc Accounting and Finance,Finance,Junior Accountant,Accountant,Chief Financial Officer (CFO),Financial Reporting|Taxation|Excel,Integrity|Ethics|Attention to Detail,Management Accounting|Economics|Corporate Finance,CIMA|CMA,High,High,80000,110000-300000,Yes,Medium,High,"Manage financial records, analyze financial data, and ensure legal tax compliance for organizations."
604,A/L Pending,Arts Stream - Logic/Media focus,BA/BSc / BEd Education,Education,Trainee Teacher,Teacher,Principal,Educational Technology|Lesson Planning|Student Assessment,Patience|Empathy|Public Speaking,Educational Psychology|Curriculum Design|Teaching Methodology,TEFL/TESOL|Postgraduate Diploma in Education (PGDE),Medium,High,75000,105000-210000,Medium,High,Low,"Educate and mentor students, preparing them for academic and personal success."
605,A/L Completed,Physical Science Stream - Physics focus,BSc Agriculture,Agriculture & Agri-Business,Field Officer,Agronomist,Director of Agriculture,"Pest Control|Agri-Tech (IoT, Drones)|Soil Science",Adaptability|Team Management|Problem Solving,Soil Science|Crop Science|Agricultural Economics,GAP Certification|Pesticide Application License,Medium,Low,60000,90000-350000,No,Low,Medium,"Manage farming operations, improve crop yields, and implement sustainable agricultural practices."
606,A/L Pending,Biological Science Stream - Biology focus,BA/BSc Psychology,Psychology,Assistant Psychologist,Counselor,Chief HR Officer,Psychological Assessment|Research Methodology|Therapy Techniques (CBT),Patience|Confidentiality|Empathy,Developmental Psychology|Cognitive Psychology|Counseling,Clinical Psychology Masters|Counseling Diploma,Medium,High,60000,90000-340000,Yes,High,Low,Study human behavior and help individuals navigate mental health and emotional challenges.
607,Graduate,Background in Networking,BSc Information Technology / Diploma in Networking,IT Infrastructure,Network Support Engineer,Systems Administrator,Senior Cloud Architect,Linux/Windows Server|Cloud Computing (AWS/Azure)|Routing & Switching,Communication|Customer Service|Reliability,System Administration|Computer Networks|Operating Systems,CompTIA Network+|AWS SysOps,High,High,80000,110000-500000,Yes,Low,Medium,"Design, install, and maintain the computer networks and systems that organizations rely on."
608,A/L Pending,Technology Stream - SFT focus,BSc Cyber Security,Information Security,Junior Penetration Tester,Cyber Security Specialist,Security Architect,Ethical Hacking|Network Security|Linux,Perseverance|Ethics|Calm Under Pressure,Malware Analysis|Cryptography|Network Protocols,CEH|CISSP,Very High,Very High,175000,205000-420000,Yes,High,Low,Protect computer systems and networks from cyber attacks and unauthorized access.
609,Graduate,Background in Construction & Structures,BSc Civil Engineering,Civil Engineering,Structural Trainee,Structural Engineer,Engineering Director,Surveying|AutoCAD|Structural Analysis,Leadership|Teamwork|Risk Management,Structural Design|Geotechnical Engineering|Materials Science,AutoCAD Certification|PMP,Medium,Medium,85000,115000-470000,No,Low,Low,"Design, build, and supervise infrastructure projects and systems."
610,Diploma Holder,Background in Data Analysis & AI,BSc Data Science,Data Science,BI Analyst,Data Scientist,Senior Data Scientist,SQL|Statistics|Machine Learning,Analytical Thinking|Curiosity|Business Acumen,Big Data|Probability|Deep Learning,IBM Data Science|AWS Machine Learning,High,Very High,150000,180000-810000,Yes,High,Low,Analyze complex data sets to help companies make data-driven decisions and build predictive models.
611,Diploma Holder,Background in Data Analysis & AI,BSc Data Science,Data Science,Data Analyst,Data Engineer,Senior Data Scientist,SQL|Machine Learning|Python,Presentation|Business Acumen|Analytical Thinking,Deep Learning|Big Data|Linear Algebra,AWS Machine Learning|Google Data Analytics,High,Very High,185000,215000-970000,Yes,High,Low,Analyze complex data sets to help companies make data-driven decisions and build predictive models.
612,O/L Completed,Healthcare Caregiving Interest,BSc Nursing,Healthcare - Nursing,Student Nurse,Staff Nurse,Matron,First Aid|Infection Control|Patient Care,Patience|Communication|Resilience,Pharmacology|Medical-Surgical Nursing|Nursing Foundations,Specialized Nursing Certifications|BLS,High,Very High,95000,125000-590000,No,Low,Low,"Provide care to patients, administer medications, and assist doctors in medical treatments."
613,Career Switcher,Business Management Interest,BBA Business Management,Business Operations,Operations Assistant,Operations Manager,Operations Director,Data Analysis|Budgeting|Project Management,Problem Solving|Leadership|Negotiation,Marketing|Organizational Behavior|Strategic Management,PMP|Agile PM,Medium,High,115000,145000-590000,Yes,Medium,Low,Oversee the day-to-day operations of a company to ensure efficiency and profitability.
614,Diploma Holder,Background in Marketing & Digital Media,BSc Digital Marketing,Marketing,Marketing Assistant,SEO Specialist,Head of Digital,Google Analytics|Social Media Ads|SEO/SEM,Empathy|Adaptability|Creativity,Market Research|Brand Management|Digital Strategy,HubSpot Inbound Marketing|Google Digital Garage,High,High,95000,125000-450000,Yes,High,Medium,Promote products and services using digital channels to reach target audiences effectively.
615,O/L Completed,Mechanical Systems Interest,BSc Mechanical Engineering,Mechanical Engineering,Design Engineer Intern,Mechanical Engineer,Senior Mechanical Engineer,Robotics|Quality Control|CAD/CAM,Innovation|Attention to Detail|Analytical Thinking,Thermodynamics|Fluid Mechanics|Machine Design,SolidWorks Certification|Six Sigma,Medium,High,105000,135000-380000,No,Low,Medium,"Design, develop, build, and test mechanical and thermal sensors and devices."
616,Undergraduate,Background in Psychology & Counseling,BA/BSc Psychology,Psychology,Counseling Trainee,Clinical Psychologist,Director of Mental Health Services,Psychological Assessment|Research Methodology|Therapy Techniques (CBT),Patience|Active Listening|Empathy,Counseling|Developmental Psychology|Cognitive Psychology,Counseling Diploma|Clinical Psychology Masters,Medium,High,95000,125000-290000,Yes,High,Low,Study human behavior and help individuals navigate mental health and emotional challenges.
617,Undergraduate,Background in IT / Programming,BSc Computer Science,Software Engineering,Junior Software Developer,Backend Engineer,Software Architect,Problem Solving|Git|Algorithms,Teamwork|Time Management|Communication,Software Patterns|Databases|Math for CS,Scrum Master|Azure Fundamentals,Very High,Very High,160000,190000-440000,Yes,High,Medium,"Design, build, and maintain software applications and systems for various platforms."
618,A/L Pending,Technology Stream - ET/BST focus,BSc Hospitality Management,Tourism,Management Trainee,Event Manager,Resort Manager,Event Planning|Property Management Systems|Languages,Customer Service|Cultural Awareness|Interpersonal Skills,HR in Hospitality|Hospitality Operations|Tourism Marketing,Food Safety Certification|IATA Certification,High,Medium,65000,95000-450000,No,Medium,High,"Manage operations in hotels, resorts, and coordinate travel experiences for tourists."
619,Career Switcher,Construction & Structures Interest,BSc Civil Engineering,Civil Engineering,Site Engineer,Structural Engineer,Construction Manager,Structural Analysis|AutoCAD|Surveying,Leadership|Teamwork|Risk Management,Geotechnical Engineering|Materials Science|Structural Design,Chartered Engineer (CEng)|PMP,Medium,Medium,100000,130000-630000,No,Low,Low,"Design, build, and supervise infrastructure projects and systems."
620,A/L Pending,Commerce Stream - Accounting focus,BSc Hospitality Management,Tourism,Tour Guide,Tour Operations Manager,Director of Tourism,Event Planning|Property Management Systems|Inventory Management,Problem Solving|Interpersonal Skills|Customer Service,Hospitality Operations|HR in Hospitality|Tourism Marketing,IATA Certification|Language Diplomas,High,Medium,80000,110000-400000,No,Medium,High,"Manage operations in hotels, resorts, and coordinate travel experiences for tourists."
621,Career Switcher,Law & Justice Interest,LLB Law,Legal Services,Junior Lawyer,Attorney-at-Law,Chief Legal Officer,Litigation|Legal Research|Compliance,Negotiation|Argumentation|Analytical Thinking,Corporate Law|Criminal Law|Contract Law,Attorney-at-Law (Sri Lanka Law College)|Notary Public,Medium,Medium,55000,85000-730000,No,Medium,Medium,"Advise and represent clients in legal matters, draft documents, and ensure legal compliance."
622,O/L Completed,Agriculture Interest,BSc Agriculture,Agriculture & Agri-Business,Agricultural Assistant,Agronomist,Estate Superintendent,Soil Science|Pest Control|Crop Management,Adaptability|Physical Endurance|Team Management,Soil Science|Crop Science|Agricultural Economics,GAP Certification|Pesticide Application License,Medium,Low,55000,85000-180000,No,Low,Medium,"Manage farming operations, improve crop yields, and implement sustainable agricultural practices."
623,O/L Completed,Marketing & Digital Media Interest,BSc Digital Marketing,Marketing,Social Media Coordinator,SEO Specialist,Head of Digital,SEO/SEM|Content Creation|Google Analytics,Communication|Adaptability|Empathy,Consumer Behavior|Digital Strategy|Brand Management,HubSpot Inbound Marketing|Meta Blueprint,High,High,105000,135000-460000,Yes,High,Medium,Promote products and services using digital channels to reach target audiences effectively.
624,O/L Completed,Medicine Interest,MBBS Medicine,Healthcare - Medical,Medical Intern,General Practitioner,Hospital Director,Patient Care|Diagnosis|Pharmacology,Ethics|Decision Making Under Pressure|Communication,Physiology|Pediatrics|Pathology,MD/MS (Sri Lanka)|USMLE,Very High,Very High,235000,265000-1290000,No,Low,Low,"Diagnose and treat illnesses, injuries, and health conditions in patients."
625,A/L Pending,Arts Stream - Languages focus,BSc Accounting and Finance,Finance,Junior Accountant,Accountant,Finance Manager,Taxation|Excel|ERP Systems,Integrity|Attention to Detail|Ethics,Corporate Finance|Auditing|Economics,CA Sri Lanka|ACCA,High,High,110000,140000-530000,Yes,Medium,High,"Manage financial records, analyze financial data, and ensure legal tax compliance for organizations."
626,O/L Completed,Healthcare Caregiving Interest,BSc Nursing,Healthcare - Nursing,Student Nurse,ICU Nurse,Chief Nursing Officer,Infection Control|First Aid|Patient Care,Communication|Patience|Empathy,Nursing Foundations|Psychology|Pharmacology,ACLS|Specialized Nursing Certifications,High,Very High,60000,90000-270000,No,Low,Low,"Provide care to patients, administer medications, and assist doctors in medical treatments."
627,Diploma Holder,Background in Mechanical Systems,BSc Mechanical Engineering,Mechanical Engineering,Maintenance Engineer Trainee,Production Engineer,Engineering Director,Robotics|Thermodynamics|CAD/CAM,Analytical Thinking|Troubleshooting|Attention to Detail,Fluid Mechanics|Control Systems|Thermodynamics,Chartered Engineer (CEng)|Six Sigma,Medium,High,85000,115000-400000,No,Low,Medium,"Design, develop, build, and test mechanical and thermal sensors and devices."
628,O/L Completed,Education & Teaching Interest,BA/BSc / BEd Education,Education,Trainee Teacher,Teacher,Principal,Student Assessment|Educational Technology|Lesson Planning,Public Speaking|Empathy|Patience,Teaching Methodology|Subject-Specific Focus|Curriculum Design,TEFL/TESOL|Postgraduate Diploma in Education (PGDE),Medium,High,60000,90000-310000,Medium,High,Low,"Educate and mentor students, preparing them for academic and personal success."
629,A/L Pending,Physical Science Stream - Physics focus,BSc Data Science,Data Science,Data Analyst,Data Engineer,Chief Data Officer,Statistics|Machine Learning|Python,Business Acumen|Presentation|Curiosity,Linear Algebra|Deep Learning|Probability,Google Data Analytics|AWS Machine Learning,High,Very High,145000,175000-390000,Yes,High,Low,Analyze complex data sets to help companies make data-driven decisions and build predictive models.
630,A/L Pending,Technology Stream - ET/BST focus,BA/BSc / BEd Education,Education,Trainee Teacher,Instructor,Dean,Educational Technology|Student Assessment|Curriculum Development,Public Speaking|Mentorship|Empathy,Curriculum Design|Teaching Methodology|Educational Psychology,Postgraduate Diploma in Education (PGDE)|TEFL/TESOL,Medium,High,60000,90000-120000,Medium,High,Low,"Educate and mentor students, preparing them for academic and personal success."
631,Undergraduate,Background in Tourism & Hospitality,BSc Hospitality Management,Tourism,Front Office Assistant,Hotel Manager,General Manager (Hotel),Inventory Management|Languages|Property Management Systems,Cultural Awareness|Problem Solving|Interpersonal Skills,HR in Hospitality|Tourism Marketing|Hospitality Operations,Language Diplomas|IATA Certification,High,Medium,70000,100000-580000,No,Medium,High,"Manage operations in hotels, resorts, and coordinate travel experiences for tourists."
632,O/L Completed,Education & Teaching Interest,BA/BSc / BEd Education,Education,Teaching Assistant,Lecturer,Professor,Student Assessment|Lesson Planning|Curriculum Development,Public Speaking|Patience|Empathy,Curriculum Design|Subject-Specific Focus|Teaching Methodology,TEFL/TESOL|Postgraduate Diploma in Education (PGDE),Medium,High,50000,80000-180000,Medium,High,Low,"Educate and mentor students, preparing them for academic and personal success."
633,Diploma Holder,Background in Human Resource Management,BSc Human Resource Management,Human Resources,Recruitment Trainee,Talent Acquisition Specialist,VP of People,Labor Law Knowledge|Recruitment|Payroll Management,Negotiation|Communication|Empathy,Labor Law|Organizational Behavior|Performance Management,PHR|CIPM,Medium,Medium,75000,105000-340000,Yes,Low,Medium,"Manage the recruitment, development, and wellbeing of an organization's employees."
634,Career Switcher,Mechanical Systems Interest,BSc Mechanical Engineering,Mechanical Engineering,Maintenance Engineer Trainee,Production Engineer,Plant Manager,Thermodynamics|CAD/CAM|Quality Control,Analytical Thinking|Attention to Detail|Innovation,Machine Design|Control Systems|Thermodynamics,Six Sigma|SolidWorks Certification,Medium,High,75000,105000-570000,No,Low,Medium,"Design, develop, build, and test mechanical and thermal sensors and devices."
635,Undergraduate,Background in Business Management,BBA Business Management,Business Operations,Operations Assistant,Business Analyst,Operations Director,Project Management|Data Analysis|Budgeting,Problem Solving|Leadership|Negotiation,HR|Strategic Management|Organizational Behavior,Agile PM|Certified Business Analysis Professional (CBAP),Medium,High,145000,175000-420000,Yes,Medium,Low,Oversee the day-to-day operations of a company to ensure efficiency and profitability.
636,Diploma Holder,Background in Networking,BSc Information Technology / Diploma in Networking,IT Infrastructure,Junior Systems Administrator,Cloud Engineer,IT Infrastructure Manager,Routing & Switching|Linux/Windows Server|Cloud Computing (AWS/Azure),Communication|Customer Service|Reliability,Computer Networks|Operating Systems|System Administration,CCNP|CCNA,High,High,85000,115000-430000,Yes,Low,Medium,"Design, install, and maintain the computer networks and systems that organizations rely on."
637,A/L Pending,Biological Science Stream - Biology focus,BSc Nursing,Healthcare - Nursing,Assistant Nurse,Staff Nurse,Chief Nursing Officer,Infection Control|Patient Care|Vital Signs Monitoring,Empathy|Resilience|Patience,Pharmacology|Psychology|Medical-Surgical Nursing,BLS|ACLS,High,Very High,90000,120000-290000,No,Low,Low,"Provide care to patients, administer medications, and assist doctors in medical treatments."
638,O/L Completed,Cybersecurity Interest,BSc Cyber Security,Information Security,Security Analyst Trainee,Penetration Tester,Cyber Security Manager,Linux|Risk Assessment|Network Security,Ethics|Calm Under Pressure|Perseverance,Cryptography|Malware Analysis|Network Protocols,CISSP|CEH,Very High,Very High,180000,210000-780000,Yes,High,Low,Protect computer systems and networks from cyber attacks and unauthorized access.
639,Diploma Holder,Background in Cybersecurity,BSc Cyber Security,Information Security,Security Analyst Trainee,Penetration Tester,Security Architect,Network Security|Ethical Hacking|Linux,Perseverance|Analytical Thinking|Calm Under Pressure,Digital Forensics|Network Protocols|Cryptography,CEH|CISSP,Very High,Very High,225000,255000-700000,Yes,High,Low,Protect computer systems and networks from cyber attacks and unauthorized access.
640,A/L Pending,Physical Science Stream - Physics focus,BArch Architecture,Architecture,Architect Assistant,Architect,Senior Architect,3D Rendering|AutoCAD|SketchUp,Visualization|Attention to Detail|Communication,Architectural Design|Building Materials|History of Architecture,LEED Green Associate|Chartered Architect (AIA),Medium,Medium,60000,90000-450000,Medium,High,Medium,"Design buildings and structures that are functional, safe, and aesthetically pleasing."
641,Graduate,Background in Design & Multimedia,BA Graphic Design / Diploma in Multimedia,Design,UI/UX Intern,UI/UX Designer,Creative Director,Figma|Photoshop|Typography,Attention to Detail|Creativity|Receptivity to Feedback,Digital Art|User Experience|Visual Communication,Google UX Design|Adobe Certified Professional,High,High,65000,95000-300000,Yes,High,High,"Create visual concepts to communicate ideas that inspire, inform, and captivate consumers."
642,A/L Completed,Physical Science Stream - Chemistry/IT focus,BArch Architecture,Architecture,Junior Draftsman,Architect,Principal Architect,Revit|SketchUp|Building Codes,Attention to Detail|Communication|Creativity,History of Architecture|Building Materials|Structural Design,Chartered Architect (AIA)|LEED Green Associate,Medium,Medium,85000,115000-650000,Medium,High,Medium,"Design buildings and structures that are functional, safe, and aesthetically pleasing."
643,Graduate,Background in Psychology & Counseling,BA/BSc Psychology,Psychology,Counseling Trainee,Clinical Psychologist,Director of Mental Health Services,Psychological Assessment|Research Methodology|Therapy Techniques (CBT),Empathy|Patience|Confidentiality,Cognitive Psychology|Developmental Psychology|Abnormal Psychology,Counseling Diploma|Clinical Psychology Masters,Medium,High,70000,100000-440000,Yes,High,Low,Study human behavior and help individuals navigate mental health and emotional challenges.
644,O/L Completed,Data Analysis & AI Interest,BSc Data Science,Data Science,BI Analyst,Data Engineer,Chief Data Officer,Python|Data Viz|Machine Learning,Presentation|Business Acumen|Curiosity,Linear Algebra|Probability|Deep Learning,Google Data Analytics|AWS Machine Learning,High,Very High,150000,180000-750000,Yes,High,Low,Analyze complex data sets to help companies make data-driven decisions and build predictive models.
645,A/L Pending,Technology Stream - ET/BST focus,BSc Supply Chain Management,Logistics,Warehouse Assistant,Supply Chain Manager,Director of Operations,Inventory Management|ERP Software (SAP/Oracle)|Data Analysis,Leadership|Negotiation|Problem Solving,Global Supply Chain|Procurement|Inventory Control,Six Sigma|CIPS,High,High,110000,140000-400000,No,Low,Medium,Oversee the movement of goods from suppliers to consumers efficiently and cost-effectively.
646,Graduate,Background in Business Management,BBA Business Management,Business Operations,Business Coordinator,Project Manager,Chief Operating Officer,Budgeting|Project Management|Data Analysis,Negotiation|Leadership|Problem Solving,Organizational Behavior|HR|Marketing,PMP|Agile PM,Medium,High,105000,135000-350000,Yes,Medium,Low,Oversee the day-to-day operations of a company to ensure efficiency and profitability.
647,O/L Completed,Logistics & Supply Chain Interest,BSc Supply Chain Management,Logistics,Procurement Trainee,Warehouse Manager,Director of Operations,Freight Forwarding|Data Analysis|Inventory Management,Time Management|Problem Solving|Negotiation,Inventory Control|Procurement|Global Supply Chain,Six Sigma|CSCP,High,High,70000,100000-470000,No,Low,Medium,Oversee the movement of goods from suppliers to consumers efficiently and cost-effectively.
648,A/L Pending,Technology Stream - IT focus,BSc Mechanical Engineering,Mechanical Engineering,Junior Mechanical Engineer,Maintenance Engineer,Senior Mechanical Engineer,CAD/CAM|Quality Control|Robotics,Analytical Thinking|Troubleshooting|Attention to Detail,Machine Design|Fluid Mechanics|Thermodynamics,Six Sigma|SolidWorks Certification,Medium,High,85000,115000-320000,No,Low,Medium,"Design, develop, build, and test mechanical and thermal sensors and devices."
649,Career Switcher,Accounting & Finance Interest,BSc Accounting and Finance,Finance,Junior Accountant,Tax Executive,Finance Manager,Financial Reporting|Excel|Taxation,Analytical Thinking|Integrity|Attention to Detail,Management Accounting|Economics|Corporate Finance,CMA|CIMA,High,High,110000,140000-520000,Yes,Medium,High,"Manage financial records, analyze financial data, and ensure legal tax compliance for organizations."
650,A/L Pending,Physical Science Stream - Chemistry/IT focus,BArch Architecture,Architecture,Architect Assistant,Interior Designer,Senior Architect,Revit|3D Rendering|SketchUp,Attention to Detail|Communication|Creativity,History of Architecture|Structural Design|Architectural Design,Chartered Architect (AIA)|LEED Green Associate,Medium,Medium,115000,145000-370000,Medium,High,Medium,"Design buildings and structures that are functional, safe, and aesthetically pleasing."
651,O/L Completed,Architecture & Built Environment Interest,BArch Architecture,Architecture,Architect Assistant,Architect,Design Director,SketchUp|3D Rendering|AutoCAD,Communication|Creativity|Visualization,Structural Design|Building Materials|Architectural Design,LEED Green Associate|Chartered Architect (AIA),Medium,Medium,90000,120000-510000,Medium,High,Medium,"Design buildings and structures that are functional, safe, and aesthetically pleasing."
652,Graduate,Background in IT / Programming,BSc Computer Science,Software Engineering,Associate Software Engineer,Software Engineer,Software Architect,Problem Solving|Data Structures|Git,Teamwork|Critical Thinking|Communication,Operating Systems|Math for CS|Databases,AWS Certified Developer|Scrum Master,Very High,Very High,170000,200000-680000,Yes,High,Medium,"Design, build, and maintain software applications and systems for various platforms."
653,Career Switcher,IT / Programming Interest,BSc Computer Science,Software Engineering,Associate Software Engineer,Full Stack Developer,Software Architect,Programming|Data Structures|Algorithms,Time Management|Teamwork|Communication,Databases|Operating Systems|Software Patterns,Scrum Master|Azure Fundamentals,Very High,Very High,110000,140000-300000,Yes,High,Medium,"Design, build, and maintain software applications and systems for various platforms."
654,Career Switcher,Logistics & Supply Chain Interest,BSc Supply Chain Management,Logistics,Procurement Trainee,Supply Chain Manager,Procurement Director,Data Analysis|Freight Forwarding|Inventory Management,Problem Solving|Negotiation|Leadership,Transportation Management|Inventory Control|Procurement,CIPS|CSCP,High,High,105000,135000-650000,No,Low,Medium,Oversee the movement of goods from suppliers to consumers efficiently and cost-effectively.
655,Diploma Holder,Background in Architecture & Built Environment,BArch Architecture,Architecture,Junior Draftsman,Project Architect,Design Director,SketchUp|AutoCAD|Building Codes,Communication|Visualization|Attention to Detail,Structural Design|Building Materials|Architectural Design,Chartered Architect (AIA)|LEED Green Associate,Medium,Medium,105000,135000-680000,Medium,High,Medium,"Design buildings and structures that are functional, safe, and aesthetically pleasing."
656,A/L Completed,Arts Stream - Languages focus,LLB Law,Legal Services,Apprentice,Attorney-at-Law,Partner,Compliance|Litigation|Legal Research,Analytical Thinking|Negotiation|Argumentation,Constitutional Law|Corporate Law|Criminal Law,Notary Public|Attorney-at-Law (Sri Lanka Law College),Medium,Medium,75000,105000-350000,No,Medium,Medium,"Advise and represent clients in legal matters, draft documents, and ensure legal compliance."
657,Career Switcher,Business Management Interest,BBA Business Management,Business Operations,Operations Assistant,Business Analyst,Chief Operating Officer,Budgeting|Project Management|Strategic Planning,Decision Making|Problem Solving|Leadership,Organizational Behavior|Marketing|Strategic Management,Certified Business Analysis Professional (CBAP)|PMP,Medium,High,145000,175000-740000,Yes,Medium,Low,Oversee the day-to-day operations of a company to ensure efficiency and profitability.
658,A/L Completed,Commerce Stream - Accounting focus,BSc Human Resource Management,Human Resources,Payroll Clerk,Talent Acquisition Specialist,Chief Human Resources Officer (CHRO),Labor Law Knowledge|Payroll Management|Recruitment,Empathy|Negotiation|Communication,Compensation|Organizational Behavior|Labor Law,CIPM|SHRM-CP,Medium,Medium,85000,115000-240000,Yes,Low,Medium,"Manage the recruitment, development, and wellbeing of an organization's employees."
659,Graduate,Background in Human Resource Management,BSc Human Resource Management,Human Resources,Recruitment Trainee,HR Manager,Chief Human Resources Officer (CHRO),"HRIS (Workday, BambooHR)|Labor Law Knowledge|Payroll Management",Negotiation|Conflict Resolution|Communication,Compensation|Labor Law|Performance Management,SHRM-CP|CIPM,Medium,Medium,85000,115000-460000,Yes,Low,Medium,"Manage the recruitment, development, and wellbeing of an organization's employees."
660,A/L Pending,Arts Stream - History focus,BA/BSc Psychology,Psychology,Counseling Trainee,Organizational Psychologist,Director of Mental Health Services,Therapy Techniques (CBT)|Research Methodology|Psychological Assessment,Confidentiality|Empathy|Active Listening,Developmental Psychology|Counseling|Abnormal Psychology,Counseling Diploma|Mental Health First Aid,Medium,High,65000,95000-180000,Yes,High,Low,Study human behavior and help individuals navigate mental health and emotional challenges.
661,A/L Pending,Technology Stream - SFT focus,BSc Data Science,Data Science,Junior Data Scientist,Machine Learning Engineer,AI Research Scientist,Data Viz|SQL|Statistics,Presentation|Curiosity|Business Acumen,Probability|Big Data|Linear Algebra,Google Data Analytics|AWS Machine Learning,High,Very High,175000,205000-580000,Yes,High,Low,Analyze complex data sets to help companies make data-driven decisions and build predictive models.
662,Career Switcher,Business Management Interest,BBA Business Management,Business Operations,Management Trainee,Project Manager,Operations Director,Budgeting|Data Analysis|Project Management,Negotiation|Decision Making|Leadership,Strategic Management|HR|Marketing,Agile PM|Certified Business Analysis Professional (CBAP),Medium,High,130000,160000-490000,Yes,Medium,Low,Oversee the day-to-day operations of a company to ensure efficiency and profitability.
663,O/L Completed,Business Management Interest,BBA Business Management,Business Operations,Business Coordinator,Project Manager,Operations Director,Data Analysis|Project Management|Strategic Planning,Decision Making|Negotiation|Leadership,HR|Marketing|Strategic Management,PMP|Agile PM,Medium,High,90000,120000-560000,Yes,Medium,Low,Oversee the day-to-day operations of a company to ensure efficiency and profitability.
664,Career Switcher,Marketing & Digital Media Interest,BSc Digital Marketing,Marketing,Marketing Assistant,Digital Marketing Executive,Chief Marketing Officer,Social Media Ads|Google Analytics|SEO/SEM,Empathy|Creativity|Communication,Consumer Behavior|Brand Management|Digital Strategy,Google Digital Garage|HubSpot Inbound Marketing,High,High,110000,140000-630000,Yes,High,Medium,Promote products and services using digital channels to reach target audiences effectively.
665,O/L Completed,Logistics & Supply Chain Interest,BSc Supply Chain Management,Logistics,Procurement Trainee,Warehouse Manager,Director of Operations,Freight Forwarding|ERP Software (SAP/Oracle)|Inventory Management,Problem Solving|Time Management|Negotiation,Inventory Control|Global Supply Chain|Procurement,Six Sigma|CSCP,High,High,105000,135000-300000,No,Low,Medium,Oversee the movement of goods from suppliers to consumers efficiently and cost-effectively.
666,A/L Completed,Physical Science Stream - Physics focus,BSc Civil Engineering,Civil Engineering,Structural Trainee,Civil Engineer,Senior Civil Engineer,Surveying|AutoCAD|Structural Analysis,Problem Solving|Leadership|Risk Management,Fluid Mechanics|Structural Design|Materials Science,Chartered Engineer (CEng)|AutoCAD Certification,Medium,Medium,75000,105000-370000,No,Low,Low,"Design, build, and supervise infrastructure projects and systems."
667,A/L Completed,Physical Science Stream - Physics focus,BA/BSc / BEd Education,Education,Teaching Assistant,Lecturer,Senior Teacher,Lesson Planning|Curriculum Development|Educational Technology,Patience|Empathy|Public Speaking,Teaching Methodology|Educational Psychology|Curriculum Design,Postgraduate Diploma in Education (PGDE)|TEFL/TESOL,Medium,High,55000,85000-330000,Medium,High,Low,"Educate and mentor students, preparing them for academic and personal success."
668,Undergraduate,Background in Cybersecurity,BSc Cyber Security,Information Security,SOC Analyst,Security Engineer,Cyber Security Manager,Ethical Hacking|Risk Assessment|Linux,Calm Under Pressure|Ethics|Perseverance,Malware Analysis|Cryptography|Digital Forensics,CISSP|CISM,Very High,Very High,165000,195000-1040000,Yes,High,Low,Protect computer systems and networks from cyber attacks and unauthorized access.
669,A/L Completed,Arts Stream - Logic/Media focus,BSc Accounting and Finance,Finance,Audit Trainee,Accountant,Senior Auditor,Excel|Financial Reporting|ERP Systems,Ethics|Attention to Detail|Analytical Thinking,Corporate Finance|Auditing|Economics,ACCA|CMA,High,High,75000,105000-580000,Yes,Medium,High,"Manage financial records, analyze financial data, and ensure legal tax compliance for organizations."
670,A/L Pending,Biological Science Stream - Chemistry focus,BBA Business Management,Business Operations,Business Coordinator,Business Analyst,Chief Operating Officer,Budgeting|Project Management|Data Analysis,Leadership|Problem Solving|Negotiation,Strategic Management|Organizational Behavior|HR,Agile PM|PMP,Medium,High,115000,145000-690000,Yes,Medium,Low,Oversee the day-to-day operations of a company to ensure efficiency and profitability.
671,A/L Completed,Commerce Stream - Accounting focus,BSc Digital Marketing,Marketing,SEO Trainee,SEO Specialist,Marketing Director,SEO/SEM|Content Creation|Social Media Ads,Creativity|Communication|Adaptability,Brand Management|Consumer Behavior|Digital Strategy,Google Digital Garage|HubSpot Inbound Marketing,High,High,90000,120000-250000,Yes,High,Medium,Promote products and services using digital channels to reach target audiences effectively.
672,A/L Completed,Biological Science Stream - Biology focus,BSc Agriculture,Agriculture & Agri-Business,Farm Supervisor,Agricultural Officer,Estate Superintendent,"Agri-Tech (IoT, Drones)|Soil Science|Pest Control",Team Management|Adaptability|Physical Endurance,Plant Biotechnology|Crop Science|Agricultural Economics,GAP Certification|Pesticide Application License,Medium,Low,70000,100000-480000,No,Low,Medium,"Manage farming operations, improve crop yields, and implement sustainable agricultural practices."
673,A/L Pending,Biological Science Stream - Physics/Agri focus,BSc Nursing,Healthcare - Nursing,Assistant Nurse,ICU Nurse,Matron,Vital Signs Monitoring|Patient Care|Infection Control,Resilience|Communication|Patience,Nursing Foundations|Medical-Surgical Nursing|Pharmacology,ACLS|BLS,High,Very High,90000,120000-540000,No,Low,Low,"Provide care to patients, administer medications, and assist doctors in medical treatments."
674,A/L Completed,Physical Science Stream - Chemistry/IT focus,BSc Mechanical Engineering,Mechanical Engineering,Maintenance Engineer Trainee,Maintenance Engineer,Senior Mechanical Engineer,Quality Control|Thermodynamics|Robotics,Innovation|Analytical Thinking|Attention to Detail,Thermodynamics|Machine Design|Fluid Mechanics,Six Sigma|SolidWorks Certification,Medium,High,95000,125000-260000,No,Low,Medium,"Design, develop, build, and test mechanical and thermal sensors and devices."
675,A/L Completed,Commerce Stream - Accounting focus,BSc Data Science,Data Science,Junior Data Scientist,Data Scientist,Chief Data Officer,Machine Learning|Data Viz|Python,Curiosity|Analytical Thinking|Presentation,Deep Learning|Linear Algebra|Probability,AWS Machine Learning|Google Data Analytics,High,Very High,140000,170000-710000,Yes,High,Low,Analyze complex data sets to help companies make data-driven decisions and build predictive models.
676,O/L Completed,Law & Justice Interest,LLB Law,Legal Services,Apprentice,Attorney-at-Law,Senior Counsel,Legal Research|Compliance|Drafting Contracts,Analytical Thinking|Argumentation|Public Speaking,Contract Law|Constitutional Law|Corporate Law,Attorney-at-Law (Sri Lanka Law College)|Notary Public,Medium,Medium,55000,85000-590000,No,Medium,Medium,"Advise and represent clients in legal matters, draft documents, and ensure legal compliance."
677,A/L Pending,Physical Science Stream - Math focus,BSc Supply Chain Management,Logistics,Procurement Trainee,Logistics Analyst,Procurement Director,ERP Software (SAP/Oracle)|Data Analysis|Inventory Management,Negotiation|Problem Solving|Leadership,Procurement|Global Supply Chain|Inventory Control,CIPS|Six Sigma,High,High,105000,135000-360000,No,Low,Medium,Oversee the movement of goods from suppliers to consumers efficiently and cost-effectively.
678,A/L Completed,Physical Science Stream - Chemistry/IT focus,BSc Computer Science,Software Engineering,Associate Software Engineer,Backend Engineer,Software Architect,Data Structures|Git|Problem Solving,Communication|Teamwork|Critical Thinking,Databases|Operating Systems|Math for CS,Azure Fundamentals|AWS Certified Developer,Very High,Very High,140000,170000-560000,Yes,High,Medium,"Design, build, and maintain software applications and systems for various platforms."
679,A/L Pending,Technology Stream - IT focus,BSc Hospitality Management,Tourism,Front Office Assistant,Tour Operations Manager,Resort Manager,Languages|Event Planning|Inventory Management,Interpersonal Skills|Cultural Awareness|Problem Solving,Tourism Marketing|HR in Hospitality|Hospitality Operations,IATA Certification|Food Safety Certification,High,Medium,60000,90000-510000,No,Medium,High,"Manage operations in hotels, resorts, and coordinate travel experiences for tourists."
680,Career Switcher,Networking Interest,BSc Information Technology / Diploma in Networking,IT Infrastructure,Network Support Engineer,Network Engineer,Senior Cloud Architect,Cloud Computing (AWS/Azure)|Linux/Windows Server|Routing & Switching,Customer Service|Troubleshooting|Communication,System Administration|Computer Networks|Operating Systems,CCNA|CCNP,High,High,105000,135000-440000,Yes,Low,Medium,"Design, install, and maintain the computer networks and systems that organizations rely on."
681,O/L Completed,IT / Programming Interest,BSc Computer Science,Software Engineering,Associate Software Engineer,Backend Engineer,Tech Lead,Data Structures|Problem Solving|Algorithms,Time Management|Teamwork|Communication,Software Patterns|Math for CS|Operating Systems,AWS Certified Developer|Azure Fundamentals,Very High,Very High,120000,150000-690000,Yes,High,Medium,"Design, build, and maintain software applications and systems for various platforms."
682,Graduate,Background in Data Analysis & AI,BSc Data Science,Data Science,BI Analyst,Data Engineer,Chief Data Officer,Python|Data Viz|Machine Learning,Analytical Thinking|Presentation|Business Acumen,Linear Algebra|Probability|Big Data,Google Data Analytics|AWS Machine Learning,High,Very High,175000,205000-900000,Yes,High,Low,Analyze complex data sets to help companies make data-driven decisions and build predictive models.
683,A/L Pending,Biological Science Stream - Chemistry focus,BSc Nursing,Healthcare - Nursing,Trainee Staff Nurse,Staff Nurse,Chief Nursing Officer,Vital Signs Monitoring|Infection Control|First Aid,Communication|Patience|Empathy,Medical-Surgical Nursing|Pharmacology|Psychology,BLS|ACLS,High,Very High,85000,115000-570000,No,Low,Low,"Provide care to patients, administer medications, and assist doctors in medical treatments."
684,A/L Pending,Physical Science Stream - Chemistry/IT focus,BSc Information Technology / Diploma in Networking,IT Infrastructure,IT Technician,Systems Administrator,Network Architect,Linux/Windows Server|Cloud Computing (AWS/Azure)|Routing & Switching,Reliability|Troubleshooting|Customer Service,System Administration|Operating Systems|Computer Networks,CompTIA Network+|AWS SysOps,High,High,100000,130000-460000,Yes,Low,Medium,"Design, install, and maintain the computer networks and systems that organizations rely on."
685,O/L Completed,IT / Programming Interest,BSc Computer Science,Software Engineering,Associate Software Engineer,Backend Engineer,Senior Developer,Problem Solving|Git|Data Structures,Critical Thinking|Time Management|Teamwork,Math for CS|Databases|Software Patterns,Azure Fundamentals|Scrum Master,Very High,Very High,125000,155000-420000,Yes,High,Medium,"Design, build, and maintain software applications and systems for various platforms."
686,Graduate,Background in Logistics & Supply Chain,BSc Supply Chain Management,Logistics,Logistics Coordinator,Warehouse Manager,Procurement Director,ERP Software (SAP/Oracle)|Inventory Management|Freight Forwarding,Time Management|Leadership|Negotiation,Transportation Management|Procurement|Global Supply Chain,CIPS|CSCP,High,High,70000,100000-230000,No,Low,Medium,Oversee the movement of goods from suppliers to consumers efficiently and cost-effectively.
687,A/L Completed,Physical Science Stream - Chemistry/IT focus,BSc Agriculture,Agriculture & Agri-Business,Farm Supervisor,Agronomist,Director of Agriculture,Pest Control|Soil Science|Crop Management,Adaptability|Team Management|Problem Solving,Agricultural Economics|Soil Science|Crop Science,GAP Certification|Pesticide Application License,Medium,Low,80000,110000-430000,No,Low,Medium,"Manage farming operations, improve crop yields, and implement sustainable agricultural practices."
688,A/L Completed,Commerce Stream - Business focus,BSc Human Resource Management,Human Resources,Payroll Clerk,HR Manager,VP of People,"HRIS (Workday, BambooHR)|Labor Law Knowledge|Payroll Management",Communication|Empathy|Conflict Resolution,Performance Management|Organizational Behavior|Compensation,PHR|CIPM,Medium,Medium,85000,115000-450000,Yes,Low,Medium,"Manage the recruitment, development, and wellbeing of an organization's employees."
689,Career Switcher,Marketing & Digital Media Interest,BSc Digital Marketing,Marketing,Social Media Coordinator,Digital Marketing Executive,Head of Digital,Social Media Ads|Google Analytics|Content Creation,Communication|Empathy|Adaptability,Consumer Behavior|Digital Strategy|Brand Management,HubSpot Inbound Marketing|Meta Blueprint,High,High,95000,125000-620000,Yes,High,Medium,Promote products and services using digital channels to reach target audiences effectively.
690,A/L Completed,Technology Stream - SFT focus,BSc Information Technology / Diploma in Networking,IT Infrastructure,Network Support Engineer,Systems Administrator,IT Infrastructure Manager,Cloud Computing (AWS/Azure)|Routing & Switching|Linux/Windows Server,Troubleshooting|Communication|Customer Service,Operating Systems|System Administration|Computer Networks,CompTIA Network+|CCNP,High,High,135000,165000-610000,Yes,Low,Medium,"Design, install, and maintain the computer networks and systems that organizations rely on."
691,Graduate,Background in Logistics & Supply Chain,BSc Supply Chain Management,Logistics,Logistics Coordinator,Supply Chain Manager,Chief Supply Chain Officer,ERP Software (SAP/Oracle)|Data Analysis|Freight Forwarding,Negotiation|Time Management|Problem Solving,Global Supply Chain|Transportation Management|Procurement,CIPS|Six Sigma,High,High,60000,90000-240000,No,Low,Medium,Oversee the movement of goods from suppliers to consumers efficiently and cost-effectively.
692,O/L Completed,IT / Programming Interest,BSc Computer Science,Software Engineering,Junior Software Developer,Backend Engineer,Tech Lead,Algorithms|Problem Solving|Programming,Time Management|Communication|Teamwork,Databases|Math for CS|Software Patterns,Azure Fundamentals|Scrum Master,Very High,Very High,175000,205000-480000,Yes,High,Medium,"Design, build, and maintain software applications and systems for various platforms."
693,O/L Completed,Architecture & Built Environment Interest,BArch Architecture,Architecture,Architect Assistant,Project Architect,Senior Architect,AutoCAD|Building Codes|SketchUp,Communication|Creativity|Visualization,Architectural Design|Structural Design|Building Materials,LEED Green Associate|Chartered Architect (AIA),Medium,Medium,60000,90000-300000,Medium,High,Medium,"Design buildings and structures that are functional, safe, and aesthetically pleasing."
694,Diploma Holder,Background in Medicine,MBBS Medicine,Healthcare - Medical,Medical Intern,General Practitioner,Chief Medical Officer,Pharmacology|Diagnosis|Patient Care,Decision Making Under Pressure|Communication|Ethics,Pathology|Physiology|Pediatrics,USMLE|MRCP,Very High,Very High,190000,220000-730000,No,Low,Low,"Diagnose and treat illnesses, injuries, and health conditions in patients."
695,A/L Completed,Biological Science Stream - Biology focus,BA/BSc / BEd Education,Education,Teaching Assistant,Teacher,Professor,Educational Technology|Curriculum Development|Lesson Planning,Public Speaking|Empathy|Patience,Curriculum Design|Educational Psychology|Teaching Methodology,Postgraduate Diploma in Education (PGDE)|TEFL/TESOL,Medium,High,55000,85000-160000,Medium,High,Low,"Educate and mentor students, preparing them for academic and personal success."
696,Graduate,Background in Psychology & Counseling,BA/BSc Psychology,Psychology,Assistant Psychologist,Organizational Psychologist,Consultant Psychologist,Therapy Techniques (CBT)|Psychological Assessment|Research Methodology,Active Listening|Confidentiality|Patience,Counseling|Cognitive Psychology|Abnormal Psychology,Mental Health First Aid|Clinical Psychology Masters,Medium,High,95000,125000-400000,Yes,High,Low,Study human behavior and help individuals navigate mental health and emotional challenges.
697,O/L Completed,IT / Programming Interest,BSc Computer Science,Software Engineering,Associate Software Engineer,Full Stack Developer,Tech Lead,Problem Solving|Git|Programming,Communication|Time Management|Critical Thinking,Math for CS|Software Patterns|Databases,Scrum Master|Azure Fundamentals,Very High,Very High,105000,135000-660000,Yes,High,Medium,"Design, build, and maintain software applications and systems for various platforms."
698,A/L Pending,Physical Science Stream - Math focus,BSc Civil Engineering,Civil Engineering,Junior Civil Engineer,Structural Engineer,Engineering Director,Project Management|AutoCAD|Surveying,Problem Solving|Leadership|Risk Management,Materials Science|Structural Design|Geotechnical Engineering,PMP|AutoCAD Certification,Medium,Medium,85000,115000-470000,No,Low,Low,"Design, build, and supervise infrastructure projects and systems."
699,Undergraduate,Background in Mechanical Systems,BSc Mechanical Engineering,Mechanical Engineering,Maintenance Engineer Trainee,Production Engineer,Plant Manager,Quality Control|Thermodynamics|Robotics,Analytical Thinking|Troubleshooting|Innovation,Machine Design|Control Systems|Thermodynamics,Six Sigma|SolidWorks Certification,Medium,High,85000,115000-280000,No,Low,Medium,"Design, develop, build, and test mechanical and thermal sensors and devices."
700,Diploma Holder,Background in Human Resource Management,BSc Human Resource Management,Human Resources,Recruitment Trainee,HR Manager,VP of People,Recruitment|Payroll Management|Labor Law Knowledge,Negotiation|Communication|Empathy,Labor Law|Organizational Behavior|Compensation,CIPM|SHRM-CP,Medium,Medium,65000,95000-490000,Yes,Low,Medium,"Manage the recruitment, development, and wellbeing of an organization's employees."
701,Undergraduate,Background in Mechanical Systems,BSc Mechanical Engineering,Mechanical Engineering,Design Engineer Intern,Maintenance Engineer,Senior Mechanical Engineer,CAD/CAM|Quality Control|Thermodynamics,Analytical Thinking|Troubleshooting|Innovation,Thermodynamics|Machine Design|Control Systems,SolidWorks Certification|Six Sigma,Medium,High,85000,115000-440000,No,Low,Medium,"Design, develop, build, and test mechanical and thermal sensors and devices."
702,Career Switcher,Education & Teaching Interest,BA/BSc / BEd Education,Education,Tutor,Lecturer,Professor,Student Assessment|Lesson Planning|Educational Technology,Mentorship|Patience|Public Speaking,Educational Psychology|Curriculum Design|Teaching Methodology,Postgraduate Diploma in Education (PGDE)|TEFL/TESOL,Medium,High,60000,90000-270000,Medium,High,Low,"Educate and mentor students, preparing them for academic and personal success."
703,A/L Pending,Commerce Stream - Business focus,BSc Human Resource Management,Human Resources,Payroll Clerk,HR Manager,Chief Human Resources Officer (CHRO),Payroll Management|Labor Law Knowledge|Recruitment,Empathy|Communication|Conflict Resolution,Labor Law|Organizational Behavior|Compensation,PHR|SHRM-CP,Medium,Medium,60000,90000-210000,Yes,Low,Medium,"Manage the recruitment, development, and wellbeing of an organization's employees."
704,Career Switcher,Healthcare Caregiving Interest,BSc Nursing,Healthcare - Nursing,Student Nurse,ICU Nurse,Matron,Vital Signs Monitoring|First Aid|Patient Care,Communication|Resilience|Empathy,Medical-Surgical Nursing|Pharmacology|Nursing Foundations,BLS|ACLS,High,Very High,95000,125000-520000,No,Low,Low,"Provide care to patients, administer medications, and assist doctors in medical treatments."
705,Graduate,Background in Design & Multimedia,BA Graphic Design / Diploma in Multimedia,Design,Junior Graphic Designer,Art Director,Senior Art Director,Figma|Typography|Adobe Illustrator,Time Management|Attention to Detail|Creativity,Digital Art|Visual Communication|Design Principles,Google UX Design|Adobe Certified Professional,High,High,70000,100000-550000,Yes,High,High,"Create visual concepts to communicate ideas that inspire, inform, and captivate consumers."
706,Graduate,Background in Design & Multimedia,BA Graphic Design / Diploma in Multimedia,Design,Junior Graphic Designer,Art Director,Lead Product Designer,Color Theory|Typography|Photoshop,Time Management|Receptivity to Feedback|Creativity,Digital Art|User Experience|Design Principles,Adobe Certified Professional|Google UX Design,High,High,90000,120000-350000,Yes,High,High,"Create visual concepts to communicate ideas that inspire, inform, and captivate consumers."
707,O/L Completed,Logistics & Supply Chain Interest,BSc Supply Chain Management,Logistics,Warehouse Assistant,Supply Chain Manager,Director of Operations,Inventory Management|Freight Forwarding|ERP Software (SAP/Oracle),Problem Solving|Leadership|Negotiation,Transportation Management|Inventory Control|Global Supply Chain,CSCP|CIPS,High,High,95000,125000-650000,No,Low,Medium,Oversee the movement of goods from suppliers to consumers efficiently and cost-effectively.
708,Graduate,Background in Tourism & Hospitality,BSc Hospitality Management,Tourism,Management Trainee,Event Manager,Director of Tourism,Property Management Systems|Languages|Inventory Management,Cultural Awareness|Customer Service|Interpersonal Skills,Hospitality Operations|HR in Hospitality|Tourism Marketing,Food Safety Certification|Language Diplomas,High,Medium,75000,105000-580000,No,Medium,High,"Manage operations in hotels, resorts, and coordinate travel experiences for tourists."
709,O/L Completed,Medicine Interest,MBBS Medicine,Healthcare - Medical,Junior Doctor,Registrar,Consultant Specialist,Patient Care|Pharmacology|Medical Procedures,Empathy|Ethics|Communication,Physiology|Anatomy|Surgery,MD/MS (Sri Lanka)|MRCP,Very High,Very High,165000,195000-770000,No,Low,Low,"Diagnose and treat illnesses, injuries, and health conditions in patients."
710,Diploma Holder,Background in Education & Teaching,BA/BSc / BEd Education,Education,Teaching Assistant,Lecturer,Principal,Lesson Planning|Curriculum Development|Student Assessment,Patience|Mentorship|Empathy,Teaching Methodology|Subject-Specific Focus|Educational Psychology,TEFL/TESOL|Postgraduate Diploma in Education (PGDE),Medium,High,45000,75000-190000,Medium,High,Low,"Educate and mentor students, preparing them for academic and personal success."
711,A/L Pending,Physical Science Stream - Chemistry/IT focus,BBA Business Management,Business Operations,Business Coordinator,Project Manager,Operations Director,Data Analysis|Project Management|Strategic Planning,Negotiation|Decision Making|Problem Solving,HR|Strategic Management|Organizational Behavior,PMP|Certified Business Analysis Professional (CBAP),Medium,High,145000,175000-560000,Yes,Medium,Low,Oversee the day-to-day operations of a company to ensure efficiency and profitability.
712,Graduate,Background in Tourism & Hospitality,BSc Hospitality Management,Tourism,Front Office Assistant,Tour Operations Manager,General Manager (Hotel),Languages|Property Management Systems|Event Planning,Customer Service|Cultural Awareness|Interpersonal Skills,Food & Beverage Management|Hospitality Operations|HR in Hospitality,Language Diplomas|Food Safety Certification,High,Medium,95000,125000-350000,No,Medium,High,"Manage operations in hotels, resorts, and coordinate travel experiences for tourists."
713,A/L Completed,Commerce Stream - Economics/IT focus,BSc Digital Marketing,Marketing,Marketing Assistant,SEO Specialist,Head of Digital,Content Creation|Google Analytics|SEO/SEM,Adaptability|Communication|Empathy,Brand Management|Digital Strategy|Market Research,Google Digital Garage|HubSpot Inbound Marketing,High,High,65000,95000-530000,Yes,High,Medium,Promote products and services using digital channels to reach target audiences effectively.
714,Graduate,Background in Education & Teaching,BA/BSc / BEd Education,Education,Teaching Assistant,Teacher,Principal,Curriculum Development|Educational Technology|Student Assessment,Empathy|Public Speaking|Patience,Teaching Methodology|Educational Psychology|Subject-Specific Focus,TEFL/TESOL|Postgraduate Diploma in Education (PGDE),Medium,High,70000,100000-150000,Medium,High,Low,"Educate and mentor students, preparing them for academic and personal success."
715,A/L Pending,Arts Stream - History focus,BSc Human Resource Management,Human Resources,HR Assistant,HR Manager,HR Director,"Recruitment|Labor Law Knowledge|HRIS (Workday, BambooHR)",Negotiation|Empathy|Communication,Performance Management|Compensation|Labor Law,PHR|SHRM-CP,Medium,Medium,65000,95000-370000,Yes,Low,Medium,"Manage the recruitment, development, and wellbeing of an organization's employees."
716,Career Switcher,Business Management Interest,BBA Business Management,Business Operations,Operations Assistant,Operations Manager,Chief Operating Officer,Budgeting|Project Management|Strategic Planning,Decision Making|Negotiation|Leadership,Organizational Behavior|Marketing|HR,Agile PM|Certified Business Analysis Professional (CBAP),Medium,High,125000,155000-280000,Yes,Medium,Low,Oversee the day-to-day operations of a company to ensure efficiency and profitability.
717,Graduate,Background in Psychology & Counseling,BA/BSc Psychology,Psychology,HR Assistant,Organizational Psychologist,Chief HR Officer,Therapy Techniques (CBT)|Psychological Assessment|Research Methodology,Confidentiality|Empathy|Active Listening,Cognitive Psychology|Abnormal Psychology|Counseling,Mental Health First Aid|Clinical Psychology Masters,Medium,High,75000,105000-190000,Yes,High,Low,Study human behavior and help individuals navigate mental health and emotional challenges.
718,Career Switcher,Logistics & Supply Chain Interest,BSc Supply Chain Management,Logistics,Warehouse Assistant,Logistics Analyst,Procurement Director,Freight Forwarding|Inventory Management|Data Analysis,Problem Solving|Time Management|Leadership,Global Supply Chain|Procurement|Inventory Control,Six Sigma|CIPS,High,High,105000,135000-200000,No,Low,Medium,Oversee the movement of goods from suppliers to consumers efficiently and cost-effectively.
719,A/L Pending,Commerce Stream - Economics/IT focus,BA/BSc Psychology,Psychology,Assistant Psychologist,Organizational Psychologist,Chief HR Officer,Psychological Assessment|Research Methodology|Therapy Techniques (CBT),Confidentiality|Active Listening|Patience,Cognitive Psychology|Abnormal Psychology|Developmental Psychology,Clinical Psychology Masters|Counseling Diploma,Medium,High,60000,90000-270000,Yes,High,Low,Study human behavior and help individuals navigate mental health and emotional challenges.
720,O/L Completed,Accounting & Finance Interest,BSc Accounting and Finance,Finance,Accounts Assistant,Tax Executive,Finance Manager,Excel|Taxation|ERP Systems,Integrity|Attention to Detail|Analytical Thinking,Management Accounting|Corporate Finance|Economics,CIMA|CA Sri Lanka,High,High,115000,145000-400000,Yes,Medium,High,"Manage financial records, analyze financial data, and ensure legal tax compliance for organizations."
721,Diploma Holder,Background in Data Analysis & AI,BSc Data Science,Data Science,Data Analyst,Data Scientist,AI Research Scientist,Python|Machine Learning|Statistics,Analytical Thinking|Curiosity|Business Acumen,Probability|Deep Learning|Linear Algebra,IBM Data Science|Google Data Analytics,High,Very High,140000,170000-960000,Yes,High,Low,Analyze complex data sets to help companies make data-driven decisions and build predictive models.
722,A/L Completed,Physical Science Stream - Math focus,BSc Mechanical Engineering,Mechanical Engineering,Design Engineer Intern,Maintenance Engineer,Engineering Director,Robotics|Quality Control|CAD/CAM,Analytical Thinking|Innovation|Attention to Detail,Fluid Mechanics|Thermodynamics|Machine Design,SolidWorks Certification|Six Sigma,Medium,High,70000,100000-550000,No,Low,Medium,"Design, develop, build, and test mechanical and thermal sensors and devices."
723,A/L Pending,Biological Science Stream - Physics/Agri focus,BA/BSc Psychology,Psychology,HR Assistant,Clinical Psychologist,Director of Mental Health Services,Therapy Techniques (CBT)|Research Methodology|Psychological Assessment,Active Listening|Patience|Confidentiality,Developmental Psychology|Abnormal Psychology|Cognitive Psychology,Mental Health First Aid|Counseling Diploma,Medium,High,95000,125000-490000,Yes,High,Low,Study human behavior and help individuals navigate mental health and emotional challenges.
724,Undergraduate,Background in Construction & Structures,BSc Civil Engineering,Civil Engineering,Structural Trainee,Civil Engineer,Senior Civil Engineer,Project Management|Surveying|Structural Analysis,Leadership|Risk Management|Teamwork,Structural Design|Geotechnical Engineering|Materials Science,AutoCAD Certification|PMP,Medium,Medium,120000,150000-280000,No,Low,Low,"Design, build, and supervise infrastructure projects and systems."
725,O/L Completed,Human Resource Management Interest,BSc Human Resource Management,Human Resources,Payroll Clerk,Talent Acquisition Specialist,VP of People,"Labor Law Knowledge|Recruitment|HRIS (Workday, BambooHR)",Conflict Resolution|Communication|Negotiation,Organizational Behavior|Performance Management|Labor Law,PHR|SHRM-CP,Medium,Medium,75000,105000-370000,Yes,Low,Medium,"Manage the recruitment, development, and wellbeing of an organization's employees."
726,Graduate,Background in Data Analysis & AI,BSc Data Science,Data Science,BI Analyst,Data Scientist,Chief Data Officer,Python|Machine Learning|SQL,Analytical Thinking|Presentation|Curiosity,Linear Algebra|Deep Learning|Probability,AWS Machine Learning|Google Data Analytics,High,Very High,190000,220000-640000,Yes,High,Low,Analyze complex data sets to help companies make data-driven decisions and build predictive models.
727,Diploma Holder,Background in Business Management,BBA Business Management,Business Operations,Management Trainee,Operations Manager,Chief Operating Officer,Data Analysis|Strategic Planning|Budgeting,Negotiation|Decision Making|Problem Solving,Marketing|HR|Organizational Behavior,Certified Business Analysis Professional (CBAP)|PMP,Medium,High,95000,125000-380000,Yes,Medium,Low,Oversee the day-to-day operations of a company to ensure efficiency and profitability.
728,A/L Completed,Physical Science Stream - Chemistry/IT focus,BSc Agriculture,Agriculture & Agri-Business,Field Officer,Plantation Manager,Estate Superintendent,"Crop Management|Soil Science|Agri-Tech (IoT, Drones)",Problem Solving|Team Management|Adaptability,Soil Science|Crop Science|Plant Biotechnology,Pesticide Application License|GAP Certification,Medium,Low,50000,80000-150000,No,Low,Medium,"Manage farming operations, improve crop yields, and implement sustainable agricultural practices."
729,O/L Completed,Cybersecurity Interest,BSc Cyber Security,Information Security,Security Analyst Trainee,Penetration Tester,Chief Information Security Officer (CISO),Network Security|Risk Assessment|Ethical Hacking,Calm Under Pressure|Ethics|Perseverance,Network Protocols|Malware Analysis|Cryptography,CISM|CISSP,Very High,Very High,155000,185000-560000,Yes,High,Low,Protect computer systems and networks from cyber attacks and unauthorized access.
730,O/L Completed,Mechanical Systems Interest,BSc Mechanical Engineering,Mechanical Engineering,Junior Mechanical Engineer,Mechanical Engineer,Engineering Director,CAD/CAM|Thermodynamics|Quality Control,Attention to Detail|Innovation|Troubleshooting,Thermodynamics|Control Systems|Machine Design,Six Sigma|SolidWorks Certification,Medium,High,105000,135000-610000,No,Low,Medium,"Design, develop, build, and test mechanical and thermal sensors and devices."
731,Diploma Holder,Background in Design & Multimedia,BA Graphic Design / Diploma in Multimedia,Design,Visual Designer,Art Director,Lead Product Designer,Color Theory|Typography|Photoshop,Creativity|Receptivity to Feedback|Attention to Detail,Digital Art|User Experience|Design Principles,Adobe Certified Professional|Google UX Design,High,High,95000,125000-410000,Yes,High,High,"Create visual concepts to communicate ideas that inspire, inform, and captivate consumers."
732,Diploma Holder,Background in Human Resource Management,BSc Human Resource Management,Human Resources,HR Assistant,HR Manager,Chief Human Resources Officer (CHRO),"Recruitment|Labor Law Knowledge|HRIS (Workday, BambooHR)",Conflict Resolution|Negotiation|Communication,Compensation|Organizational Behavior|Performance Management,CIPM|PHR,Medium,Medium,85000,115000-420000,Yes,Low,Medium,"Manage the recruitment, development, and wellbeing of an organization's employees."
733,Graduate,Background in Marketing & Digital Media,BSc Digital Marketing,Marketing,Marketing Assistant,Digital Marketing Executive,Chief Marketing Officer,Content Creation|SEO/SEM|Social Media Ads,Creativity|Communication|Adaptability,Market Research|Consumer Behavior|Brand Management,Google Digital Garage|Meta Blueprint,High,High,95000,125000-440000,Yes,High,Medium,Promote products and services using digital channels to reach target audiences effectively.
734,A/L Pending,Commerce Stream - Business focus,BSc Human Resource Management,Human Resources,Recruitment Trainee,HR Manager,VP of People,"Labor Law Knowledge|HRIS (Workday, BambooHR)|Payroll Management",Communication|Negotiation|Conflict Resolution,Compensation|Labor Law|Performance Management,SHRM-CP|PHR,Medium,Medium,80000,110000-240000,Yes,Low,Medium,"Manage the recruitment, development, and wellbeing of an organization's employees."
735,Undergraduate,Background in Design & Multimedia,BA Graphic Design / Diploma in Multimedia,Design,UI/UX Intern,Art Director,Lead Product Designer,Figma|Photoshop|Typography,Receptivity to Feedback|Attention to Detail|Time Management,User Experience|Visual Communication|Digital Art,Adobe Certified Professional|Google UX Design,High,High,50000,80000-560000,Yes,High,High,"Create visual concepts to communicate ideas that inspire, inform, and captivate consumers."
736,A/L Completed,Technology Stream - IT focus,BSc Supply Chain Management,Logistics,Logistics Coordinator,Logistics Analyst,Procurement Director,ERP Software (SAP/Oracle)|Inventory Management|Freight Forwarding,Negotiation|Problem Solving|Time Management,Inventory Control|Global Supply Chain|Transportation Management,CSCP|Six Sigma,High,High,115000,145000-380000,No,Low,Medium,Oversee the movement of goods from suppliers to consumers efficiently and cost-effectively.
737,Undergraduate,Background in Medicine,MBBS Medicine,Healthcare - Medical,Medical Intern,Registrar,Consultant Specialist,Medical Procedures|Pharmacology|Patient Care,Communication|Ethics|Decision Making Under Pressure,Pediatrics|Physiology|Pathology,USMLE|MD/MS (Sri Lanka),Very High,Very High,150000,180000-1850000,No,Low,Low,"Diagnose and treat illnesses, injuries, and health conditions in patients."
738,Undergraduate,Background in IT / Programming,BSc Computer Science,Software Engineering,Associate Software Engineer,Full Stack Developer,Senior Developer,Problem Solving|Algorithms|Data Structures,Communication|Critical Thinking|Time Management,Operating Systems|Math for CS|Databases,Scrum Master|AWS Certified Developer,Very High,Very High,130000,160000-730000,Yes,High,Medium,"Design, build, and maintain software applications and systems for various platforms."
739,O/L Completed,Education & Teaching Interest,BA/BSc / BEd Education,Education,Tutor,Teacher,Principal,Lesson Planning|Student Assessment|Curriculum Development,Patience|Empathy|Public Speaking,Curriculum Design|Subject-Specific Focus|Teaching Methodology,TEFL/TESOL|Postgraduate Diploma in Education (PGDE),Medium,High,40000,70000-320000,Medium,High,Low,"Educate and mentor students, preparing them for academic and personal success."
740,Undergraduate,Background in Data Analysis & AI,BSc Data Science,Data Science,Junior Data Scientist,Machine Learning Engineer,AI Research Scientist,Data Viz|Python|SQL,Analytical Thinking|Business Acumen|Curiosity,Linear Algebra|Deep Learning|Probability,IBM Data Science|AWS Machine Learning,High,Very High,130000,160000-570000,Yes,High,Low,Analyze complex data sets to help companies make data-driven decisions and build predictive models.
741,Diploma Holder,Background in Mechanical Systems,BSc Mechanical Engineering,Mechanical Engineering,Junior Mechanical Engineer,Maintenance Engineer,Senior Mechanical Engineer,Robotics|Quality Control|Thermodynamics,Attention to Detail|Analytical Thinking|Innovation,Thermodynamics|Control Systems|Machine Design,Six Sigma|SolidWorks Certification,Medium,High,120000,150000-290000,No,Low,Medium,"Design, develop, build, and test mechanical and thermal sensors and devices."
742,Undergraduate,Background in Construction & Structures,BSc Civil Engineering,Civil Engineering,Junior Civil Engineer,Structural Engineer,Construction Manager,AutoCAD|Surveying|Project Management,Teamwork|Leadership|Risk Management,Structural Design|Geotechnical Engineering|Fluid Mechanics,PMP|Chartered Engineer (CEng),Medium,Medium,85000,115000-200000,No,Low,Low,"Design, build, and supervise infrastructure projects and systems."
743,Diploma Holder,Background in Logistics & Supply Chain,BSc Supply Chain Management,Logistics,Procurement Trainee,Logistics Analyst,Procurement Director,Freight Forwarding|Data Analysis|ERP Software (SAP/Oracle),Problem Solving|Time Management|Leadership,Procurement|Transportation Management|Global Supply Chain,CIPS|Six Sigma,High,High,105000,135000-220000,No,Low,Medium,Oversee the movement of goods from suppliers to consumers efficiently and cost-effectively.
744,Career Switcher,Psychology & Counseling Interest,BA/BSc Psychology,Psychology,Counseling Trainee,Counselor,Director of Mental Health Services,Psychological Assessment|Therapy Techniques (CBT)|Research Methodology,Active Listening|Confidentiality|Patience,Cognitive Psychology|Developmental Psychology|Abnormal Psychology,Counseling Diploma|Mental Health First Aid,Medium,High,65000,95000-390000,Yes,High,Low,Study human behavior and help individuals navigate mental health and emotional challenges.
745,Graduate,Background in Accounting & Finance,BSc Accounting and Finance,Finance,Audit Trainee,Tax Executive,Chief Financial Officer (CFO),Excel|Taxation|ERP Systems,Attention to Detail|Ethics|Analytical Thinking,Management Accounting|Corporate Finance|Auditing,ACCA|CA Sri Lanka,High,High,115000,145000-380000,Yes,Medium,High,"Manage financial records, analyze financial data, and ensure legal tax compliance for organizations."
746,A/L Pending,Biological Science Stream - Chemistry focus,BSc Nursing,Healthcare - Nursing,Student Nurse,Staff Nurse,Chief Nursing Officer,Vital Signs Monitoring|First Aid|Infection Control,Communication|Empathy|Patience,Pharmacology|Medical-Surgical Nursing|Psychology,Specialized Nursing Certifications|ACLS,High,Very High,95000,125000-540000,No,Low,Low,"Provide care to patients, administer medications, and assist doctors in medical treatments."
747,Undergraduate,Background in Accounting & Finance,BSc Accounting and Finance,Finance,Junior Accountant,Tax Executive,Senior Auditor,Financial Reporting|Excel|Taxation,Attention to Detail|Ethics|Analytical Thinking,Economics|Management Accounting|Auditing,CMA|CA Sri Lanka,High,High,75000,105000-520000,Yes,Medium,High,"Manage financial records, analyze financial data, and ensure legal tax compliance for organizations."
748,A/L Completed,Biological Science Stream - Physics/Agri focus,MBBS Medicine,Healthcare - Medical,Medical Intern,General Practitioner,Chief Medical Officer,Medical Procedures|Pharmacology|Diagnosis,Ethics|Decision Making Under Pressure|Empathy,Surgery|Physiology|Pathology,MRCP|USMLE,Very High,Very High,235000,265000-1620000,No,Low,Low,"Diagnose and treat illnesses, injuries, and health conditions in patients."
749,Diploma Holder,Background in Architecture & Built Environment,BArch Architecture,Architecture,Junior Draftsman,Project Architect,Senior Architect,SketchUp|Building Codes|Revit,Visualization|Creativity|Attention to Detail,History of Architecture|Architectural Design|Building Materials,Chartered Architect (AIA)|LEED Green Associate,Medium,Medium,100000,130000-270000,Medium,High,Medium,"Design buildings and structures that are functional, safe, and aesthetically pleasing."
750,A/L Pending,Physical Science Stream - Physics focus,BSc Computer Science,Software Engineering,Associate Software Engineer,Software Engineer,Tech Lead,Programming|Data Structures|Git,Teamwork|Critical Thinking|Communication,Operating Systems|Software Patterns|Databases,Scrum Master|Azure Fundamentals,Very High,Very High,110000,140000-460000,Yes,High,Medium,"Design, build, and maintain software applications and systems for various platforms."
751,Diploma Holder,Background in Networking,BSc Information Technology / Diploma in Networking,IT Infrastructure,Network Support Engineer,Network Engineer,Network Architect,Routing & Switching|Cloud Computing (AWS/Azure)|Linux/Windows Server,Reliability|Troubleshooting|Communication,Computer Networks|Operating Systems|System Administration,AWS SysOps|CompTIA Network+,High,High,145000,175000-480000,Yes,Low,Medium,"Design, install, and maintain the computer networks and systems that organizations rely on."
752,A/L Pending,Physical Science Stream - Physics focus,BSc Civil Engineering,Civil Engineering,Site Engineer,Structural Engineer,Construction Manager,Project Management|Structural Analysis|AutoCAD,Problem Solving|Leadership|Teamwork,Fluid Mechanics|Materials Science|Structural Design,Chartered Engineer (CEng)|PMP,Medium,Medium,115000,145000-360000,No,Low,Low,"Design, build, and supervise infrastructure projects and systems."
753,A/L Completed,Technology Stream - IT focus,BSc Computer Science,Software Engineering,Associate Software Engineer,Backend Engineer,Tech Lead,Data Structures|Algorithms|Problem Solving,Critical Thinking|Teamwork|Time Management,Math for CS|Operating Systems|Software Patterns,AWS Certified Developer|Scrum Master,Very High,Very High,125000,155000-510000,Yes,High,Medium,"Design, build, and maintain software applications and systems for various platforms."
754,Career Switcher,Logistics & Supply Chain Interest,BSc Supply Chain Management,Logistics,Warehouse Assistant,Supply Chain Manager,Director of Operations,ERP Software (SAP/Oracle)|Inventory Management|Freight Forwarding,Problem Solving|Time Management|Leadership,Inventory Control|Global Supply Chain|Transportation Management,Six Sigma|CIPS,High,High,80000,110000-640000,No,Low,Medium,Oversee the movement of goods from suppliers to consumers efficiently and cost-effectively.
755,A/L Pending,Technology Stream - SFT focus,BA Graphic Design / Diploma in Multimedia,Design,Junior Graphic Designer,Graphic Designer,Senior Art Director,Typography|Adobe Illustrator|Figma,Creativity|Time Management|Receptivity to Feedback,Design Principles|Digital Art|Visual Communication,Google UX Design|Adobe Certified Professional,High,High,55000,85000-240000,Yes,High,High,"Create visual concepts to communicate ideas that inspire, inform, and captivate consumers."
756,Undergraduate,Background in Education & Teaching,BA/BSc / BEd Education,Education,Teaching Assistant,Instructor,Dean,Lesson Planning|Educational Technology|Curriculum Development,Patience|Public Speaking|Mentorship,Educational Psychology|Curriculum Design|Teaching Methodology,TEFL/TESOL|Postgraduate Diploma in Education (PGDE),Medium,High,55000,85000-150000,Medium,High,Low,"Educate and mentor students, preparing them for academic and personal success."
757,Undergraduate,Background in Education & Teaching,BA/BSc / BEd Education,Education,Trainee Teacher,Instructor,Dean,Curriculum Development|Student Assessment|Educational Technology,Empathy|Patience|Public Speaking,Educational Psychology|Curriculum Design|Teaching Methodology,Postgraduate Diploma in Education (PGDE)|TEFL/TESOL,Medium,High,50000,80000-300000,Medium,High,Low,"Educate and mentor students, preparing them for academic and personal success."
758,Career Switcher,Marketing & Digital Media Interest,BSc Digital Marketing,Marketing,Marketing Assistant,Digital Marketing Executive,Marketing Director,Social Media Ads|Content Creation|SEO/SEM,Adaptability|Empathy|Creativity,Digital Strategy|Consumer Behavior|Market Research,Google Digital Garage|HubSpot Inbound Marketing,High,High,70000,100000-370000,Yes,High,Medium,Promote products and services using digital channels to reach target audiences effectively.
759,O/L Completed,Psychology & Counseling Interest,BA/BSc Psychology,Psychology,Assistant Psychologist,Organizational Psychologist,Consultant Psychologist,Research Methodology|Psychological Assessment|Therapy Techniques (CBT),Confidentiality|Empathy|Patience,Cognitive Psychology|Abnormal Psychology|Developmental Psychology,Counseling Diploma|Mental Health First Aid,Medium,High,95000,125000-370000,Yes,High,Low,Study human behavior and help individuals navigate mental health and emotional challenges.
760,O/L Completed,Psychology & Counseling Interest,BA/BSc Psychology,Psychology,HR Assistant,Clinical Psychologist,Director of Mental Health Services,Therapy Techniques (CBT)|Research Methodology|Psychological Assessment,Confidentiality|Empathy|Patience,Developmental Psychology|Cognitive Psychology|Abnormal Psychology,Clinical Psychology Masters|Counseling Diploma,Medium,High,85000,115000-280000,Yes,High,Low,Study human behavior and help individuals navigate mental health and emotional challenges.
761,Diploma Holder,Background in Logistics & Supply Chain,BSc Supply Chain Management,Logistics,Logistics Coordinator,Logistics Analyst,Chief Supply Chain Officer,ERP Software (SAP/Oracle)|Inventory Management|Freight Forwarding,Leadership|Time Management|Problem Solving,Transportation Management|Procurement|Inventory Control,CSCP|Six Sigma,High,High,60000,90000-440000,No,Low,Medium,Oversee the movement of goods from suppliers to consumers efficiently and cost-effectively.
762,Graduate,Background in Architecture & Built Environment,BArch Architecture,Architecture,Junior Draftsman,Project Architect,Design Director,SketchUp|Building Codes|AutoCAD,Communication|Attention to Detail|Creativity,Building Materials|History of Architecture|Structural Design,Chartered Architect (AIA)|LEED Green Associate,Medium,Medium,75000,105000-670000,Medium,High,Medium,"Design buildings and structures that are functional, safe, and aesthetically pleasing."
763,Undergraduate,Background in Accounting & Finance,BSc Accounting and Finance,Finance,Audit Trainee,Accountant,Senior Auditor,ERP Systems|Excel|Financial Reporting,Ethics|Analytical Thinking|Attention to Detail,Corporate Finance|Management Accounting|Auditing,CA Sri Lanka|ACCA,High,High,65000,95000-210000,Yes,Medium,High,"Manage financial records, analyze financial data, and ensure legal tax compliance for organizations."
764,Undergraduate,Background in Networking,BSc Information Technology / Diploma in Networking,IT Infrastructure,Network Support Engineer,Systems Administrator,IT Infrastructure Manager,Linux/Windows Server|Routing & Switching|Cloud Computing (AWS/Azure),Communication|Troubleshooting|Reliability,System Administration|Operating Systems|Computer Networks,CompTIA Network+|CCNA,High,High,90000,120000-250000,Yes,Low,Medium,"Design, install, and maintain the computer networks and systems that organizations rely on."
765,A/L Completed,Physical Science Stream - Physics focus,BSc Mechanical Engineering,Mechanical Engineering,Maintenance Engineer Trainee,Production Engineer,Plant Manager,CAD/CAM|Robotics|Quality Control,Attention to Detail|Innovation|Troubleshooting,Fluid Mechanics|Control Systems|Thermodynamics,SolidWorks Certification|Chartered Engineer (CEng),Medium,High,80000,110000-220000,No,Low,Medium,"Design, develop, build, and test mechanical and thermal sensors and devices."
766,Career Switcher,Mechanical Systems Interest,BSc Mechanical Engineering,Mechanical Engineering,Junior Mechanical Engineer,Maintenance Engineer,Engineering Director,Thermodynamics|Robotics|Quality Control,Innovation|Analytical Thinking|Attention to Detail,Machine Design|Thermodynamics|Control Systems,SolidWorks Certification|Six Sigma,Medium,High,120000,150000-560000,No,Low,Medium,"Design, develop, build, and test mechanical and thermal sensors and devices."
767,A/L Completed,Arts Stream - History focus,BSc Accounting and Finance,Finance,Audit Trainee,Accountant,Senior Auditor,ERP Systems|Taxation|Financial Reporting,Integrity|Attention to Detail|Ethics,Auditing|Corporate Finance|Economics,CA Sri Lanka|ACCA,High,High,115000,145000-630000,Yes,Medium,High,"Manage financial records, analyze financial data, and ensure legal tax compliance for organizations."
768,Diploma Holder,Background in Psychology & Counseling,BA/BSc Psychology,Psychology,Counseling Trainee,Counselor,Consultant Psychologist,Therapy Techniques (CBT)|Psychological Assessment|Research Methodology,Active Listening|Patience|Empathy,Abnormal Psychology|Developmental Psychology|Counseling,Counseling Diploma|Clinical Psychology Masters,Medium,High,75000,105000-340000,Yes,High,Low,Study human behavior and help individuals navigate mental health and emotional challenges.
769,Graduate,Background in Data Analysis & AI,BSc Data Science,Data Science,Junior Data Scientist,Data Scientist,Chief Data Officer,Machine Learning|Data Viz|Python,Presentation|Business Acumen|Curiosity,Linear Algebra|Deep Learning|Probability,IBM Data Science|Google Data Analytics,High,Very High,155000,185000-700000,Yes,High,Low,Analyze complex data sets to help companies make data-driven decisions and build predictive models.
770,Diploma Holder,Background in Data Analysis & AI,BSc Data Science,Data Science,Data Analyst,Machine Learning Engineer,Senior Data Scientist,SQL|Data Viz|Machine Learning,Presentation|Business Acumen|Curiosity,Deep Learning|Probability|Linear Algebra,Google Data Analytics|AWS Machine Learning,High,Very High,175000,205000-380000,Yes,High,Low,Analyze complex data sets to help companies make data-driven decisions and build predictive models.
771,Diploma Holder,Background in Accounting & Finance,BSc Accounting and Finance,Finance,Audit Trainee,Accountant,Chief Financial Officer (CFO),ERP Systems|Taxation|Excel,Integrity|Ethics|Analytical Thinking,Corporate Finance|Auditing|Management Accounting,ACCA|CIMA,High,High,105000,135000-650000,Yes,Medium,High,"Manage financial records, analyze financial data, and ensure legal tax compliance for organizations."
772,Career Switcher,Human Resource Management Interest,BSc Human Resource Management,Human Resources,Recruitment Trainee,Employee Relations Manager,Chief Human Resources Officer (CHRO),"HRIS (Workday, BambooHR)|Recruitment|Payroll Management",Negotiation|Communication|Conflict Resolution,Labor Law|Performance Management|Compensation,SHRM-CP|PHR,Medium,Medium,60000,90000-170000,Yes,Low,Medium,"Manage the recruitment, development, and wellbeing of an organization's employees."
773,A/L Completed,Technology Stream - SFT focus,BSc Information Technology / Diploma in Networking,IT Infrastructure,IT Technician,Cloud Engineer,IT Infrastructure Manager,Linux/Windows Server|Routing & Switching|Cloud Computing (AWS/Azure),Communication|Reliability|Customer Service,Operating Systems|System Administration|Computer Networks,AWS SysOps|CompTIA Network+,High,High,80000,110000-620000,Yes,Low,Medium,"Design, install, and maintain the computer networks and systems that organizations rely on."
774,Career Switcher,Accounting & Finance Interest,BSc Accounting and Finance,Finance,Junior Accountant,Financial Analyst,Senior Auditor,Financial Reporting|ERP Systems|Taxation,Integrity|Ethics|Attention to Detail,Economics|Auditing|Management Accounting,CIMA|ACCA,High,High,75000,105000-680000,Yes,Medium,High,"Manage financial records, analyze financial data, and ensure legal tax compliance for organizations."
775,A/L Completed,Arts Stream - Logic/Media focus,BArch Architecture,Architecture,Design Intern,Interior Designer,Principal Architect,Building Codes|3D Rendering|AutoCAD,Communication|Creativity|Attention to Detail,Building Materials|Architectural Design|History of Architecture,Chartered Architect (AIA)|LEED Green Associate,Medium,Medium,65000,95000-240000,Medium,High,Medium,"Design buildings and structures that are functional, safe, and aesthetically pleasing."
776,A/L Pending,Technology Stream - IT focus,BSc Cyber Security,Information Security,Security Analyst Trainee,Penetration Tester,Chief Information Security Officer (CISO),Linux|Ethical Hacking|Network Security,Analytical Thinking|Calm Under Pressure|Ethics,Digital Forensics|Malware Analysis|Network Protocols,CISM|CISSP,Very High,Very High,150000,180000-740000,Yes,High,Low,Protect computer systems and networks from cyber attacks and unauthorized access.
777,Graduate,Background in Mechanical Systems,BSc Mechanical Engineering,Mechanical Engineering,Design Engineer Intern,Maintenance Engineer,Senior Mechanical Engineer,Thermodynamics|CAD/CAM|Robotics,Analytical Thinking|Innovation|Attention to Detail,Machine Design|Thermodynamics|Control Systems,Six Sigma|Chartered Engineer (CEng),Medium,High,125000,155000-230000,No,Low,Medium,"Design, develop, build, and test mechanical and thermal sensors and devices."
778,Career Switcher,Cybersecurity Interest,BSc Cyber Security,Information Security,Security Analyst Trainee,Security Engineer,Chief Information Security Officer (CISO),Network Security|Linux|Risk Assessment,Calm Under Pressure|Perseverance|Analytical Thinking,Digital Forensics|Malware Analysis|Network Protocols,CISM|CEH,Very High,Very High,150000,180000-960000,Yes,High,Low,Protect computer systems and networks from cyber attacks and unauthorized access.
779,Graduate,Background in Law & Justice,LLB Law,Legal Services,Junior Lawyer,Legal Consultant,Judge,Legal Research|Litigation|Drafting Contracts,Public Speaking|Argumentation|Analytical Thinking,Criminal Law|Contract Law|Constitutional Law,Notary Public|Attorney-at-Law (Sri Lanka Law College),Medium,Medium,55000,85000-590000,No,Medium,Medium,"Advise and represent clients in legal matters, draft documents, and ensure legal compliance."
780,A/L Completed,Physical Science Stream - Physics focus,BSc Civil Engineering,Civil Engineering,Junior Civil Engineer,Structural Engineer,Construction Manager,Surveying|AutoCAD|Project Management,Leadership|Risk Management|Teamwork,Materials Science|Fluid Mechanics|Structural Design,PMP|AutoCAD Certification,Medium,Medium,95000,125000-270000,No,Low,Low,"Design, build, and supervise infrastructure projects and systems."
781,A/L Completed,Arts Stream - Logic/Media focus,BA/BSc Psychology,Psychology,Assistant Psychologist,Clinical Psychologist,Consultant Psychologist,Therapy Techniques (CBT)|Psychological Assessment|Research Methodology,Active Listening|Empathy|Confidentiality,Cognitive Psychology|Counseling|Developmental Psychology,Clinical Psychology Masters|Mental Health First Aid,Medium,High,75000,105000-230000,Yes,High,Low,Study human behavior and help individuals navigate mental health and emotional challenges.
782,A/L Completed,Technology Stream - SFT focus,BSc Supply Chain Management,Logistics,Warehouse Assistant,Supply Chain Manager,Director of Operations,Freight Forwarding|Inventory Management|Data Analysis,Negotiation|Leadership|Time Management,Global Supply Chain|Inventory Control|Transportation Management,CSCP|Six Sigma,High,High,85000,115000-570000,No,Low,Medium,Oversee the movement of goods from suppliers to consumers efficiently and cost-effectively.
783,O/L Completed,Networking Interest,BSc Information Technology / Diploma in Networking,IT Infrastructure,IT Technician,Cloud Engineer,Senior Cloud Architect,Routing & Switching|Linux/Windows Server|Cloud Computing (AWS/Azure),Troubleshooting|Communication|Customer Service,System Administration|Computer Networks|Operating Systems,CCNA|CCNP,High,High,105000,135000-430000,Yes,Low,Medium,"Design, install, and maintain the computer networks and systems that organizations rely on."
784,O/L Completed,Education & Teaching Interest,BA/BSc / BEd Education,Education,Tutor,Instructor,Principal,Lesson Planning|Curriculum Development|Educational Technology,Patience|Public Speaking|Empathy,Subject-Specific Focus|Teaching Methodology|Educational Psychology,Postgraduate Diploma in Education (PGDE)|TEFL/TESOL,Medium,High,45000,75000-310000,Medium,High,Low,"Educate and mentor students, preparing them for academic and personal success."
785,Career Switcher,Education & Teaching Interest,BA/BSc / BEd Education,Education,Trainee Teacher,Teacher,Professor,Student Assessment|Educational Technology|Curriculum Development,Mentorship|Public Speaking|Empathy,Subject-Specific Focus|Teaching Methodology|Educational Psychology,Postgraduate Diploma in Education (PGDE)|TEFL/TESOL,Medium,High,65000,95000-160000,Medium,High,Low,"Educate and mentor students, preparing them for academic and personal success."
786,Diploma Holder,Background in Human Resource Management,BSc Human Resource Management,Human Resources,HR Assistant,Employee Relations Manager,HR Director,"HRIS (Workday, BambooHR)|Payroll Management|Recruitment",Conflict Resolution|Negotiation|Communication,Labor Law|Compensation|Organizational Behavior,CIPM|PHR,Medium,Medium,75000,105000-150000,Yes,Low,Medium,"Manage the recruitment, development, and wellbeing of an organization's employees."
787,Graduate,Background in Psychology & Counseling,BA/BSc Psychology,Psychology,Counseling Trainee,Clinical Psychologist,Director of Mental Health Services,Research Methodology|Psychological Assessment|Therapy Techniques (CBT),Empathy|Confidentiality|Patience,Developmental Psychology|Cognitive Psychology|Counseling,Counseling Diploma|Clinical Psychology Masters,Medium,High,85000,115000-470000,Yes,High,Low,Study human behavior and help individuals navigate mental health and emotional challenges.
788,A/L Pending,Arts Stream - Languages focus,BSc Human Resource Management,Human Resources,Recruitment Trainee,Talent Acquisition Specialist,Chief Human Resources Officer (CHRO),"HRIS (Workday, BambooHR)|Labor Law Knowledge|Recruitment",Conflict Resolution|Negotiation|Communication,Labor Law|Performance Management|Compensation,SHRM-CP|PHR,Medium,Medium,90000,120000-420000,Yes,Low,Medium,"Manage the recruitment, development, and wellbeing of an organization's employees."
789,Diploma Holder,Background in Design & Multimedia,BA Graphic Design / Diploma in Multimedia,Design,UI/UX Intern,UI/UX Designer,Creative Director,Color Theory|Typography|Photoshop,Attention to Detail|Time Management|Creativity,Visual Communication|Design Principles|Digital Art,Google UX Design|Adobe Certified Professional,High,High,70000,100000-230000,Yes,High,High,"Create visual concepts to communicate ideas that inspire, inform, and captivate consumers."
790,Graduate,Background in Networking,BSc Information Technology / Diploma in Networking,IT Infrastructure,IT Technician,Cloud Engineer,Network Architect,Routing & Switching|Cloud Computing (AWS/Azure)|Linux/Windows Server,Troubleshooting|Reliability|Communication,Computer Networks|System Administration|Operating Systems,CCNA|AWS SysOps,High,High,145000,175000-540000,Yes,Low,Medium,"Design, install, and maintain the computer networks and systems that organizations rely on."
791,Undergraduate,Background in Data Analysis & AI,BSc Data Science,Data Science,Data Analyst,Machine Learning Engineer,Chief Data Officer,Machine Learning|Python|Statistics,Curiosity|Presentation|Business Acumen,Big Data|Deep Learning|Probability,AWS Machine Learning|IBM Data Science,High,Very High,190000,220000-590000,Yes,High,Low,Analyze complex data sets to help companies make data-driven decisions and build predictive models.
792,A/L Pending,Biological Science Stream - Biology focus,BBA Business Management,Business Operations,Management Trainee,Project Manager,Operations Director,Project Management|Data Analysis|Strategic Planning,Negotiation|Problem Solving|Decision Making,Marketing|HR|Strategic Management,Agile PM|PMP,Medium,High,145000,175000-280000,Yes,Medium,Low,Oversee the day-to-day operations of a company to ensure efficiency and profitability.
793,Career Switcher,Marketing & Digital Media Interest,BSc Digital Marketing,Marketing,SEO Trainee,Content Strategist,Chief Marketing Officer,Social Media Ads|SEO/SEM|Content Creation,Creativity|Communication|Empathy,Market Research|Brand Management|Digital Strategy,HubSpot Inbound Marketing|Meta Blueprint,High,High,100000,130000-390000,Yes,High,Medium,Promote products and services using digital channels to reach target audiences effectively.
794,Career Switcher,Healthcare Caregiving Interest,BSc Nursing,Healthcare - Nursing,Trainee Staff Nurse,ICU Nurse,Matron,Vital Signs Monitoring|Infection Control|Patient Care,Communication|Empathy|Resilience,Nursing Foundations|Medical-Surgical Nursing|Pharmacology,ACLS|BLS,High,Very High,60000,90000-300000,No,Low,Low,"Provide care to patients, administer medications, and assist doctors in medical treatments."
795,Graduate,Background in Tourism & Hospitality,BSc Hospitality Management,Tourism,Front Office Assistant,Tour Operations Manager,Resort Manager,Languages|Inventory Management|Property Management Systems,Customer Service|Problem Solving|Cultural Awareness,Tourism Marketing|Hospitality Operations|Food & Beverage Management,Food Safety Certification|IATA Certification,High,Medium,75000,105000-260000,No,Medium,High,"Manage operations in hotels, resorts, and coordinate travel experiences for tourists."
796,Undergraduate,Background in Design & Multimedia,BA Graphic Design / Diploma in Multimedia,Design,Visual Designer,UI/UX Designer,Lead Product Designer,Typography|Figma|Photoshop,Receptivity to Feedback|Attention to Detail|Creativity,Visual Communication|Design Principles|Digital Art,Adobe Certified Professional|Google UX Design,High,High,90000,120000-260000,Yes,High,High,"Create visual concepts to communicate ideas that inspire, inform, and captivate consumers."
797,Graduate,Background in Medicine,MBBS Medicine,Healthcare - Medical,Pre-Intern Medical Officer,Medical Officer,Hospital Director,Medical Procedures|Patient Care|Pharmacology,Ethics|Empathy|Communication,Pathology|Pediatrics|Surgery,MRCP|MD/MS (Sri Lanka),Very High,Very High,155000,185000-600000,No,Low,Low,"Diagnose and treat illnesses, injuries, and health conditions in patients."
798,A/L Completed,Physical Science Stream - Physics focus,BSc Agriculture,Agriculture & Agri-Business,Agricultural Assistant,Agricultural Officer,Estate Superintendent,"Crop Management|Pest Control|Agri-Tech (IoT, Drones)",Team Management|Adaptability|Problem Solving,Soil Science|Agricultural Economics|Crop Science,Pesticide Application License|GAP Certification,Medium,Low,60000,90000-450000,No,Low,Medium,"Manage farming operations, improve crop yields, and implement sustainable agricultural practices."
799,Diploma Holder,Background in Medicine,MBBS Medicine,Healthcare - Medical,Pre-Intern Medical Officer,Medical Officer,Consultant Specialist,Diagnosis|Patient Care|Medical Procedures,Ethics|Communication|Decision Making Under Pressure,Physiology|Pediatrics|Pathology,MD/MS (Sri Lanka)|USMLE,Very High,Very High,215000,245000-1020000,No,Low,Low,"Diagnose and treat illnesses, injuries, and health conditions in patients."
800,Diploma Holder,Background in Networking,BSc Information Technology / Diploma in Networking,IT Infrastructure,Network Support Engineer,Cloud Engineer,IT Infrastructure Manager,Linux/Windows Server|Routing & Switching|Cloud Computing (AWS/Azure),Customer Service|Communication|Reliability,System Administration|Operating Systems|Computer Networks,CompTIA Network+|AWS SysOps,High,High,130000,160000-500000,Yes,Low,Medium,"Design, install, and maintain the computer networks and systems that organizations rely on."
801,Graduate,Background in IT / Programming,BSc Computer Science,Software Engineering,Junior Software Developer,Software Engineer,Senior Developer,Git|Problem Solving|Algorithms,Critical Thinking|Time Management|Communication,Software Patterns|Operating Systems|Math for CS,AWS Certified Developer|Azure Fundamentals,Very High,Very High,160000,190000-510000,Yes,High,Medium,"Design, build, and maintain software applications and systems for various platforms."
802,A/L Pending,Arts Stream - Languages focus,LLB Law,Legal Services,Apprentice,Attorney-at-Law,Partner,Litigation|Drafting Contracts|Legal Research,Public Speaking|Analytical Thinking|Negotiation,Corporate Law|Constitutional Law|Criminal Law,Notary Public|Attorney-at-Law (Sri Lanka Law College),Medium,Medium,95000,125000-520000,No,Medium,Medium,"Advise and represent clients in legal matters, draft documents, and ensure legal compliance."
803,Diploma Holder,Background in Networking,BSc Information Technology / Diploma in Networking,IT Infrastructure,Network Support Engineer,Cloud Engineer,Network Architect,Cloud Computing (AWS/Azure)|Linux/Windows Server|Routing & Switching,Customer Service|Communication|Reliability,Computer Networks|Operating Systems|System Administration,AWS SysOps|CCNA,High,High,95000,125000-430000,Yes,Low,Medium,"Design, install, and maintain the computer networks and systems that organizations rely on."
804,Diploma Holder,Background in Healthcare Caregiving,BSc Nursing,Healthcare - Nursing,Trainee Staff Nurse,Registered Nurse,Nursing Sister,First Aid|Infection Control|Patient Care,Resilience|Communication|Patience,Pharmacology|Psychology|Medical-Surgical Nursing,ACLS|BLS,High,Very High,95000,125000-190000,No,Low,Low,"Provide care to patients, administer medications, and assist doctors in medical treatments."
805,Undergraduate,Background in Marketing & Digital Media,BSc Digital Marketing,Marketing,Social Media Coordinator,Content Strategist,Head of Digital,SEO/SEM|Google Analytics|Social Media Ads,Adaptability|Creativity|Communication,Digital Strategy|Consumer Behavior|Market Research,Google Digital Garage|Meta Blueprint,High,High,110000,140000-530000,Yes,High,Medium,Promote products and services using digital channels to reach target audiences effectively.
806,Career Switcher,Agriculture Interest,BSc Agriculture,Agriculture & Agri-Business,Field Officer,Plantation Manager,Estate Superintendent,"Pest Control|Crop Management|Agri-Tech (IoT, Drones)",Problem Solving|Adaptability|Team Management,Agricultural Economics|Plant Biotechnology|Soil Science,Pesticide Application License|GAP Certification,Medium,Low,60000,90000-370000,No,Low,Medium,"Manage farming operations, improve crop yields, and implement sustainable agricultural practices."
807,O/L Completed,Human Resource Management Interest,BSc Human Resource Management,Human Resources,Recruitment Trainee,Employee Relations Manager,Chief Human Resources Officer (CHRO),"HRIS (Workday, BambooHR)|Payroll Management|Labor Law Knowledge",Empathy|Communication|Conflict Resolution,Performance Management|Compensation|Organizational Behavior,PHR|CIPM,Medium,Medium,90000,120000-230000,Yes,Low,Medium,"Manage the recruitment, development, and wellbeing of an organization's employees."
808,Undergraduate,Background in Mechanical Systems,BSc Mechanical Engineering,Mechanical Engineering,Design Engineer Intern,Mechanical Engineer,Senior Mechanical Engineer,Thermodynamics|CAD/CAM|Quality Control,Troubleshooting|Attention to Detail|Innovation,Machine Design|Thermodynamics|Fluid Mechanics,Six Sigma|Chartered Engineer (CEng),Medium,High,100000,130000-340000,No,Low,Medium,"Design, develop, build, and test mechanical and thermal sensors and devices."
809,Graduate,Background in Construction & Structures,BSc Civil Engineering,Civil Engineering,Site Engineer,Civil Engineer,Engineering Director,Surveying|Project Management|Structural Analysis,Problem Solving|Risk Management|Leadership,Structural Design|Geotechnical Engineering|Fluid Mechanics,Chartered Engineer (CEng)|AutoCAD Certification,Medium,Medium,70000,100000-340000,No,Low,Low,"Design, build, and supervise infrastructure projects and systems."
810,Diploma Holder,Background in Networking,BSc Information Technology / Diploma in Networking,IT Infrastructure,IT Technician,Cloud Engineer,Senior Cloud Architect,Cloud Computing (AWS/Azure)|Linux/Windows Server|Routing & Switching,Troubleshooting|Reliability|Communication,Computer Networks|Operating Systems|System Administration,CCNP|AWS SysOps,High,High,100000,130000-340000,Yes,Low,Medium,"Design, install, and maintain the computer networks and systems that organizations rely on."
811,Career Switcher,Healthcare Caregiving Interest,BSc Nursing,Healthcare - Nursing,Assistant Nurse,Staff Nurse,Chief Nursing Officer,First Aid|Vital Signs Monitoring|Infection Control,Communication|Empathy|Resilience,Psychology|Nursing Foundations|Pharmacology,Specialized Nursing Certifications|ACLS,High,Very High,75000,105000-590000,No,Low,Low,"Provide care to patients, administer medications, and assist doctors in medical treatments."
812,Graduate,Background in Construction & Structures,BSc Civil Engineering,Civil Engineering,Structural Trainee,Civil Engineer,Engineering Director,Structural Analysis|AutoCAD|Project Management,Risk Management|Teamwork|Leadership,Materials Science|Geotechnical Engineering|Structural Design,PMP|AutoCAD Certification,Medium,Medium,75000,105000-560000,No,Low,Low,"Design, build, and supervise infrastructure projects and systems."
813,A/L Pending,Biological Science Stream - Biology focus,MBBS Medicine,Healthcare - Medical,Medical Intern,Medical Officer,Chief Medical Officer,Medical Procedures|Patient Care|Pharmacology,Communication|Decision Making Under Pressure|Ethics,Pathology|Anatomy|Surgery,MD/MS (Sri Lanka)|MRCP,Very High,Very High,175000,205000-870000,No,Low,Low,"Diagnose and treat illnesses, injuries, and health conditions in patients."
814,Career Switcher,Cybersecurity Interest,BSc Cyber Security,Information Security,Security Analyst Trainee,Penetration Tester,Security Architect,Linux|Network Security|Risk Assessment,Calm Under Pressure|Ethics|Perseverance,Network Protocols|Digital Forensics|Malware Analysis,CompTIA Security+|CEH,Very High,Very High,155000,185000-820000,Yes,High,Low,Protect computer systems and networks from cyber attacks and unauthorized access.
815,Diploma Holder,Background in Accounting & Finance,BSc Accounting and Finance,Finance,Accounts Assistant,Tax Executive,Finance Manager,Taxation|Excel|Financial Reporting,Attention to Detail|Integrity|Ethics,Economics|Management Accounting|Corporate Finance,CIMA|CA Sri Lanka,High,High,100000,130000-540000,Yes,Medium,High,"Manage financial records, analyze financial data, and ensure legal tax compliance for organizations."
816,A/L Pending,Technology Stream - ET/BST focus,BSc Information Technology / Diploma in Networking,IT Infrastructure,Network Support Engineer,Network Engineer,Network Architect,Routing & Switching|Linux/Windows Server|Cloud Computing (AWS/Azure),Troubleshooting|Reliability|Customer Service,System Administration|Operating Systems|Computer Networks,AWS SysOps|CCNA,High,High,95000,125000-370000,Yes,Low,Medium,"Design, install, and maintain the computer networks and systems that organizations rely on."
817,Diploma Holder,Background in Accounting & Finance,BSc Accounting and Finance,Finance,Audit Trainee,Tax Executive,Chief Financial Officer (CFO),Financial Reporting|Taxation|ERP Systems,Analytical Thinking|Ethics|Integrity,Auditing|Corporate Finance|Management Accounting,CMA|ACCA,High,High,100000,130000-270000,Yes,Medium,High,"Manage financial records, analyze financial data, and ensure legal tax compliance for organizations."
818,Undergraduate,Background in Psychology & Counseling,BA/BSc Psychology,Psychology,HR Assistant,Organizational Psychologist,Consultant Psychologist,Psychological Assessment|Research Methodology|Therapy Techniques (CBT),Empathy|Patience|Active Listening,Cognitive Psychology|Abnormal Psychology|Developmental Psychology,Clinical Psychology Masters|Mental Health First Aid,Medium,High,55000,85000-420000,Yes,High,Low,Study human behavior and help individuals navigate mental health and emotional challenges.
819,Career Switcher,Design & Multimedia Interest,BA Graphic Design / Diploma in Multimedia,Design,Visual Designer,Art Director,Creative Director,Adobe Illustrator|Photoshop|Color Theory,Attention to Detail|Creativity|Receptivity to Feedback,Visual Communication|User Experience|Design Principles,Google UX Design|Adobe Certified Professional,High,High,70000,100000-260000,Yes,High,High,"Create visual concepts to communicate ideas that inspire, inform, and captivate consumers."
820,A/L Pending,Technology Stream - ET/BST focus,BSc Information Technology / Diploma in Networking,IT Infrastructure,Junior Systems Administrator,Cloud Engineer,IT Infrastructure Manager,Routing & Switching|Linux/Windows Server|Cloud Computing (AWS/Azure),Troubleshooting|Customer Service|Communication,Operating Systems|Computer Networks|System Administration,AWS SysOps|CCNP,High,High,95000,125000-520000,Yes,Low,Medium,"Design, install, and maintain the computer networks and systems that organizations rely on."
821,Career Switcher,Construction & Structures Interest,BSc Civil Engineering,Civil Engineering,Structural Trainee,Civil Engineer,Engineering Director,Project Management|Surveying|Structural Analysis,Teamwork|Risk Management|Leadership,Materials Science|Fluid Mechanics|Geotechnical Engineering,PMP|Chartered Engineer (CEng),Medium,Medium,110000,140000-360000,No,Low,Low,"Design, build, and supervise infrastructure projects and systems."
822,Graduate,Background in Marketing & Digital Media,BSc Digital Marketing,Marketing,Social Media Coordinator,SEO Specialist,Chief Marketing Officer,Social Media Ads|Content Creation|Google Analytics,Communication|Adaptability|Creativity,Market Research|Digital Strategy|Consumer Behavior,Google Digital Garage|Meta Blueprint,High,High,60000,90000-410000,Yes,High,Medium,Promote products and services using digital channels to reach target audiences effectively.
823,Undergraduate,Background in Data Analysis & AI,BSc Data Science,Data Science,BI Analyst,Data Engineer,Chief Data Officer,Statistics|Data Viz|Machine Learning,Presentation|Analytical Thinking|Business Acumen,Deep Learning|Linear Algebra|Big Data,AWS Machine Learning|IBM Data Science,High,Very High,195000,225000-370000,Yes,High,Low,Analyze complex data sets to help companies make data-driven decisions and build predictive models.
824,Diploma Holder,Background in Law & Justice,LLB Law,Legal Services,Apprentice,Corporate Counsel,Chief Legal Officer,Drafting Contracts|Litigation|Legal Research,Negotiation|Analytical Thinking|Public Speaking,Criminal Law|Corporate Law|Contract Law,Notary Public|Attorney-at-Law (Sri Lanka Law College),Medium,Medium,60000,90000-360000,No,Medium,Medium,"Advise and represent clients in legal matters, draft documents, and ensure legal compliance."
825,A/L Pending,Physical Science Stream - Chemistry/IT focus,BSc Agriculture,Agriculture & Agri-Business,Farm Supervisor,Plantation Manager,Senior Agronomist,"Agri-Tech (IoT, Drones)|Soil Science|Pest Control",Physical Endurance|Problem Solving|Adaptability,Plant Biotechnology|Agricultural Economics|Soil Science,Pesticide Application License|GAP Certification,Medium,Low,75000,105000-390000,No,Low,Medium,"Manage farming operations, improve crop yields, and implement sustainable agricultural practices."
826,Undergraduate,Background in Architecture & Built Environment,BArch Architecture,Architecture,Junior Draftsman,Project Architect,Design Director,AutoCAD|3D Rendering|Building Codes,Communication|Visualization|Attention to Detail,History of Architecture|Architectural Design|Structural Design,Chartered Architect (AIA)|LEED Green Associate,Medium,Medium,90000,120000-580000,Medium,High,Medium,"Design buildings and structures that are functional, safe, and aesthetically pleasing."
827,A/L Completed,Physical Science Stream - Math focus,BSc Agriculture,Agriculture & Agri-Business,Farm Supervisor,Plantation Manager,Senior Agronomist,"Pest Control|Crop Management|Agri-Tech (IoT, Drones)",Physical Endurance|Team Management|Problem Solving,Crop Science|Plant Biotechnology|Agricultural Economics,GAP Certification|Pesticide Application License,Medium,Low,80000,110000-360000,No,Low,Medium,"Manage farming operations, improve crop yields, and implement sustainable agricultural practices."
828,Career Switcher,Education & Teaching Interest,BA/BSc / BEd Education,Education,Teaching Assistant,Instructor,Senior Teacher,Educational Technology|Lesson Planning|Student Assessment,Patience|Mentorship|Empathy,Educational Psychology|Subject-Specific Focus|Curriculum Design,TEFL/TESOL|Postgraduate Diploma in Education (PGDE),Medium,High,40000,70000-350000,Medium,High,Low,"Educate and mentor students, preparing them for academic and personal success."
829,Career Switcher,Tourism & Hospitality Interest,BSc Hospitality Management,Tourism,Management Trainee,Tour Operations Manager,General Manager (Hotel),Languages|Property Management Systems|Inventory Management,Cultural Awareness|Problem Solving|Interpersonal Skills,Tourism Marketing|Hospitality Operations|HR in Hospitality,IATA Certification|Language Diplomas,High,Medium,55000,85000-390000,No,Medium,High,"Manage operations in hotels, resorts, and coordinate travel experiences for tourists."
830,A/L Pending,Physical Science Stream - Math focus,BSc Mechanical Engineering,Mechanical Engineering,Junior Mechanical Engineer,Mechanical Engineer,Plant Manager,CAD/CAM|Quality Control|Thermodynamics,Troubleshooting|Analytical Thinking|Innovation,Machine Design|Fluid Mechanics|Thermodynamics,Chartered Engineer (CEng)|Six Sigma,Medium,High,105000,135000-300000,No,Low,Medium,"Design, develop, build, and test mechanical and thermal sensors and devices."
831,A/L Completed,Technology Stream - IT focus,BSc Information Technology / Diploma in Networking,IT Infrastructure,Junior Systems Administrator,Systems Administrator,Network Architect,Routing & Switching|Cloud Computing (AWS/Azure)|Linux/Windows Server,Troubleshooting|Customer Service|Communication,Computer Networks|System Administration|Operating Systems,AWS SysOps|CompTIA Network+,High,High,90000,120000-600000,Yes,Low,Medium,"Design, install, and maintain the computer networks and systems that organizations rely on."
832,Undergraduate,Background in Business Management,BBA Business Management,Business Operations,Business Coordinator,Operations Manager,Operations Director,Data Analysis|Strategic Planning|Budgeting,Leadership|Decision Making|Problem Solving,Strategic Management|Organizational Behavior|Marketing,PMP|Agile PM,Medium,High,140000,170000-270000,Yes,Medium,Low,Oversee the day-to-day operations of a company to ensure efficiency and profitability.
833,O/L Completed,Cybersecurity Interest,BSc Cyber Security,Information Security,SOC Analyst,Penetration Tester,Security Architect,Network Security|Ethical Hacking|Risk Assessment,Perseverance|Analytical Thinking|Ethics,Digital Forensics|Cryptography|Network Protocols,CompTIA Security+|CEH,Very High,Very High,215000,245000-540000,Yes,High,Low,Protect computer systems and networks from cyber attacks and unauthorized access.
834,Undergraduate,Background in Psychology & Counseling,BA/BSc Psychology,Psychology,HR Assistant,Organizational Psychologist,Chief HR Officer,Research Methodology|Psychological Assessment|Therapy Techniques (CBT),Active Listening|Confidentiality|Empathy,Cognitive Psychology|Counseling|Abnormal Psychology,Counseling Diploma|Clinical Psychology Masters,Medium,High,50000,80000-330000,Yes,High,Low,Study human behavior and help individuals navigate mental health and emotional challenges.
835,O/L Completed,Networking Interest,BSc Information Technology / Diploma in Networking,IT Infrastructure,IT Technician,Systems Administrator,Network Architect,Routing & Switching|Cloud Computing (AWS/Azure)|Linux/Windows Server,Customer Service|Troubleshooting|Reliability,Computer Networks|System Administration|Operating Systems,CompTIA Network+|CCNP,High,High,145000,175000-570000,Yes,Low,Medium,"Design, install, and maintain the computer networks and systems that organizations rely on."
836,Graduate,Background in Law & Justice,LLB Law,Legal Services,Legal Assistant,Corporate Counsel,Partner,Drafting Contracts|Compliance|Legal Research,Public Speaking|Analytical Thinking|Argumentation,Corporate Law|Criminal Law|Contract Law,Attorney-at-Law (Sri Lanka Law College)|Notary Public,Medium,Medium,95000,125000-800000,No,Medium,Medium,"Advise and represent clients in legal matters, draft documents, and ensure legal compliance."
837,Diploma Holder,Background in Tourism & Hospitality,BSc Hospitality Management,Tourism,Tour Guide,Event Manager,Director of Tourism,Languages|Property Management Systems|Inventory Management,Problem Solving|Customer Service|Cultural Awareness,Hospitality Operations|Food & Beverage Management|Tourism Marketing,IATA Certification|Food Safety Certification,High,Medium,70000,100000-460000,No,Medium,High,"Manage operations in hotels, resorts, and coordinate travel experiences for tourists."
838,Undergraduate,Background in Healthcare Caregiving,BSc Nursing,Healthcare - Nursing,Trainee Staff Nurse,Staff Nurse,Chief Nursing Officer,Infection Control|First Aid|Vital Signs Monitoring,Empathy|Patience|Communication,Medical-Surgical Nursing|Psychology|Pharmacology,Specialized Nursing Certifications|ACLS,High,Very High,95000,125000-440000,No,Low,Low,"Provide care to patients, administer medications, and assist doctors in medical treatments."
839,Career Switcher,Psychology & Counseling Interest,BA/BSc Psychology,Psychology,HR Assistant,Clinical Psychologist,Consultant Psychologist,Psychological Assessment|Therapy Techniques (CBT)|Research Methodology,Patience|Confidentiality|Empathy,Cognitive Psychology|Abnormal Psychology|Counseling,Counseling Diploma|Clinical Psychology Masters,Medium,High,85000,115000-290000,Yes,High,Low,Study human behavior and help individuals navigate mental health and emotional challenges.
840,A/L Completed,Arts Stream - History focus,BSc Digital Marketing,Marketing,Marketing Assistant,Content Strategist,Marketing Director,Social Media Ads|Google Analytics|SEO/SEM,Creativity|Communication|Empathy,Market Research|Consumer Behavior|Brand Management,Google Digital Garage|Meta Blueprint,High,High,110000,140000-590000,Yes,High,Medium,Promote products and services using digital channels to reach target audiences effectively.
841,Undergraduate,Background in Law & Justice,LLB Law,Legal Services,Junior Lawyer,Legal Consultant,Senior Counsel,Legal Research|Drafting Contracts|Litigation,Argumentation|Analytical Thinking|Public Speaking,Criminal Law|Corporate Law|Contract Law,Attorney-at-Law (Sri Lanka Law College)|Notary Public,Medium,Medium,60000,90000-360000,No,Medium,Medium,"Advise and represent clients in legal matters, draft documents, and ensure legal compliance."
842,A/L Completed,Arts Stream - Logic/Media focus,BA/BSc Psychology,Psychology,Counseling Trainee,Clinical Psychologist,Consultant Psychologist,Therapy Techniques (CBT)|Research Methodology|Psychological Assessment,Empathy|Active Listening|Confidentiality,Developmental Psychology|Abnormal Psychology|Counseling,Mental Health First Aid|Counseling Diploma,Medium,High,55000,85000-160000,Yes,High,Low,Study human behavior and help individuals navigate mental health and emotional challenges.
843,Graduate,Background in Healthcare Caregiving,BSc Nursing,Healthcare - Nursing,Trainee Staff Nurse,Staff Nurse,Nursing Sister,Vital Signs Monitoring|Infection Control|First Aid,Resilience|Patience|Empathy,Medical-Surgical Nursing|Nursing Foundations|Psychology,ACLS|Specialized Nursing Certifications,High,Very High,90000,120000-230000,No,Low,Low,"Provide care to patients, administer medications, and assist doctors in medical treatments."
844,Undergraduate,Background in Education & Teaching,BA/BSc / BEd Education,Education,Trainee Teacher,Teacher,Dean,Educational Technology|Lesson Planning|Curriculum Development,Public Speaking|Patience|Empathy,Teaching Methodology|Curriculum Design|Educational Psychology,TEFL/TESOL|Postgraduate Diploma in Education (PGDE),Medium,High,55000,85000-220000,Medium,High,Low,"Educate and mentor students, preparing them for academic and personal success."
845,Undergraduate,Background in Education & Teaching,BA/BSc / BEd Education,Education,Teaching Assistant,Teacher,Principal,Curriculum Development|Student Assessment|Educational Technology,Public Speaking|Patience|Empathy,Teaching Methodology|Subject-Specific Focus|Educational Psychology,TEFL/TESOL|Postgraduate Diploma in Education (PGDE),Medium,High,75000,105000-250000,Medium,High,Low,"Educate and mentor students, preparing them for academic and personal success."
846,A/L Completed,Physical Science Stream - Chemistry/IT focus,BSc Agriculture,Agriculture & Agri-Business,Field Officer,Agricultural Officer,Senior Agronomist,"Pest Control|Agri-Tech (IoT, Drones)|Crop Management",Physical Endurance|Adaptability|Team Management,Crop Science|Plant Biotechnology|Soil Science,Pesticide Application License|GAP Certification,Medium,Low,80000,110000-380000,No,Low,Medium,"Manage farming operations, improve crop yields, and implement sustainable agricultural practices."
847,A/L Pending,Technology Stream - IT focus,BSc Agriculture,Agriculture & Agri-Business,Agricultural Assistant,Agronomist,Director of Agriculture,"Crop Management|Soil Science|Agri-Tech (IoT, Drones)",Physical Endurance|Team Management|Problem Solving,Agricultural Economics|Crop Science|Soil Science,GAP Certification|Pesticide Application License,Medium,Low,60000,90000-440000,No,Low,Medium,"Manage farming operations, improve crop yields, and implement sustainable agricultural practices."
848,A/L Pending,Technology Stream - IT focus,BSc Agriculture,Agriculture & Agri-Business,Agricultural Assistant,Agricultural Officer,Senior Agronomist,"Agri-Tech (IoT, Drones)|Pest Control|Crop Management",Physical Endurance|Adaptability|Problem Solving,Soil Science|Crop Science|Plant Biotechnology,GAP Certification|Pesticide Application License,Medium,Low,55000,85000-170000,No,Low,Medium,"Manage farming operations, improve crop yields, and implement sustainable agricultural practices."
849,Undergraduate,Background in Healthcare Caregiving,BSc Nursing,Healthcare - Nursing,Assistant Nurse,Staff Nurse,Nursing Sister,First Aid|Vital Signs Monitoring|Infection Control,Resilience|Patience|Communication,Pharmacology|Nursing Foundations|Psychology,ACLS|Specialized Nursing Certifications,High,Very High,85000,115000-200000,No,Low,Low,"Provide care to patients, administer medications, and assist doctors in medical treatments."
850,A/L Pending,Arts Stream - Logic/Media focus,BSc Accounting and Finance,Finance,Audit Trainee,Tax Executive,Chief Financial Officer (CFO),ERP Systems|Excel|Financial Reporting,Analytical Thinking|Attention to Detail|Ethics,Auditing|Corporate Finance|Management Accounting,ACCA|CMA,High,High,85000,115000-560000,Yes,Medium,High,"Manage financial records, analyze financial data, and ensure legal tax compliance for organizations."
851,Undergraduate,Background in Design & Multimedia,BA Graphic Design / Diploma in Multimedia,Design,Visual Designer,UI/UX Designer,Creative Director,Typography|Adobe Illustrator|Color Theory,Creativity|Time Management|Receptivity to Feedback,Digital Art|User Experience|Visual Communication,Adobe Certified Professional|Google UX Design,High,High,85000,115000-340000,Yes,High,High,"Create visual concepts to communicate ideas that inspire, inform, and captivate consumers."
852,A/L Pending,Biological Science Stream - Biology focus,BA/BSc Psychology,Psychology,Assistant Psychologist,Clinical Psychologist,Chief HR Officer,Research Methodology|Psychological Assessment|Therapy Techniques (CBT),Empathy|Active Listening|Confidentiality,Abnormal Psychology|Cognitive Psychology|Developmental Psychology,Mental Health First Aid|Counseling Diploma,Medium,High,85000,115000-150000,Yes,High,Low,Study human behavior and help individuals navigate mental health and emotional challenges.
853,Diploma Holder,Background in Logistics & Supply Chain,BSc Supply Chain Management,Logistics,Warehouse Assistant,Supply Chain Manager,Director of Operations,ERP Software (SAP/Oracle)|Freight Forwarding|Data Analysis,Problem Solving|Time Management|Negotiation,Procurement|Global Supply Chain|Transportation Management,CSCP|Six Sigma,High,High,100000,130000-300000,No,Low,Medium,Oversee the movement of goods from suppliers to consumers efficiently and cost-effectively.
854,O/L Completed,Medicine Interest,MBBS Medicine,Healthcare - Medical,Pre-Intern Medical Officer,General Practitioner,Consultant Specialist,Patient Care|Pharmacology|Diagnosis,Decision Making Under Pressure|Empathy|Communication,Pathology|Pediatrics|Physiology,USMLE|MRCP,Very High,Very High,230000,260000-1230000,No,Low,Low,"Diagnose and treat illnesses, injuries, and health conditions in patients."
855,A/L Pending,Arts Stream - Logic/Media focus,LLB Law,Legal Services,Legal Assistant,Legal Consultant,Senior Counsel,Legal Research|Compliance|Litigation,Negotiation|Public Speaking|Analytical Thinking,Criminal Law|Corporate Law|Contract Law,Notary Public|Attorney-at-Law (Sri Lanka Law College),Medium,Medium,85000,115000-360000,No,Medium,Medium,"Advise and represent clients in legal matters, draft documents, and ensure legal compliance."
856,O/L Completed,Education & Teaching Interest,BA/BSc / BEd Education,Education,Teaching Assistant,Instructor,Dean,Educational Technology|Lesson Planning|Curriculum Development,Mentorship|Patience|Empathy,Subject-Specific Focus|Teaching Methodology|Educational Psychology,TEFL/TESOL|Postgraduate Diploma in Education (PGDE),Medium,High,55000,85000-170000,Medium,High,Low,"Educate and mentor students, preparing them for academic and personal success."
857,Undergraduate,Background in Construction & Structures,BSc Civil Engineering,Civil Engineering,Structural Trainee,Civil Engineer,Construction Manager,Structural Analysis|Project Management|Surveying,Risk Management|Leadership|Problem Solving,Geotechnical Engineering|Materials Science|Structural Design,Chartered Engineer (CEng)|AutoCAD Certification,Medium,Medium,75000,105000-580000,No,Low,Low,"Design, build, and supervise infrastructure projects and systems."
858,A/L Completed,Physical Science Stream - Physics focus,BArch Architecture,Architecture,Junior Draftsman,Architect,Senior Architect,AutoCAD|Building Codes|Revit,Communication|Visualization|Attention to Detail,Building Materials|Architectural Design|History of Architecture,LEED Green Associate|Chartered Architect (AIA),Medium,Medium,70000,100000-490000,Medium,High,Medium,"Design buildings and structures that are functional, safe, and aesthetically pleasing."
859,A/L Completed,Technology Stream - IT focus,BSc Information Technology / Diploma in Networking,IT Infrastructure,Junior Systems Administrator,Network Engineer,Senior Cloud Architect,Cloud Computing (AWS/Azure)|Routing & Switching|Linux/Windows Server,Reliability|Troubleshooting|Communication,Computer Networks|System Administration|Operating Systems,CompTIA Network+|CCNA,High,High,140000,170000-610000,Yes,Low,Medium,"Design, install, and maintain the computer networks and systems that organizations rely on."
860,Undergraduate,Background in IT / Programming,BSc Computer Science,Software Engineering,Junior Software Developer,Backend Engineer,Senior Developer,Problem Solving|Programming|Data Structures,Time Management|Teamwork|Communication,Software Patterns|Math for CS|Operating Systems,AWS Certified Developer|Azure Fundamentals,Very High,Very High,105000,135000-590000,Yes,High,Medium,"Design, build, and maintain software applications and systems for various platforms."
861,O/L Completed,Accounting & Finance Interest,BSc Accounting and Finance,Finance,Accounts Assistant,Financial Analyst,Senior Auditor,Taxation|ERP Systems|Excel,Ethics|Attention to Detail|Integrity,Corporate Finance|Auditing|Economics,CMA|CA Sri Lanka,High,High,60000,90000-390000,Yes,Medium,High,"Manage financial records, analyze financial data, and ensure legal tax compliance for organizations."
862,Undergraduate,Background in Business Management,BBA Business Management,Business Operations,Management Trainee,Project Manager,General Manager,Strategic Planning|Data Analysis|Project Management,Leadership|Negotiation|Problem Solving,Marketing|HR|Strategic Management,Agile PM|Certified Business Analysis Professional (CBAP),Medium,High,90000,120000-250000,Yes,Medium,Low,Oversee the day-to-day operations of a company to ensure efficiency and profitability.
863,A/L Completed,Arts Stream - Languages focus,BArch Architecture,Architecture,Design Intern,Project Architect,Principal Architect,SketchUp|Building Codes|3D Rendering,Visualization|Communication|Attention to Detail,Structural Design|History of Architecture|Building Materials,Chartered Architect (AIA)|LEED Green Associate,Medium,Medium,110000,140000-210000,Medium,High,Medium,"Design buildings and structures that are functional, safe, and aesthetically pleasing."
864,A/L Completed,Physical Science Stream - Chemistry/IT focus,BSc Information Technology / Diploma in Networking,IT Infrastructure,Junior Systems Administrator,Cloud Engineer,Network Architect,Routing & Switching|Cloud Computing (AWS/Azure)|Linux/Windows Server,Reliability|Communication|Troubleshooting,System Administration|Operating Systems|Computer Networks,CompTIA Network+|CCNA,High,High,130000,160000-350000,Yes,Low,Medium,"Design, install, and maintain the computer networks and systems that organizations rely on."
865,A/L Pending,Physical Science Stream - Math focus,BSc Civil Engineering,Civil Engineering,Site Engineer,Structural Engineer,Construction Manager,Surveying|Project Management|AutoCAD,Problem Solving|Risk Management|Teamwork,Fluid Mechanics|Geotechnical Engineering|Structural Design,AutoCAD Certification|PMP,Medium,Medium,85000,115000-210000,No,Low,Low,"Design, build, and supervise infrastructure projects and systems."
866,Diploma Holder,Background in Agriculture,BSc Agriculture,Agriculture & Agri-Business,Agricultural Assistant,Agricultural Officer,Senior Agronomist,"Agri-Tech (IoT, Drones)|Pest Control|Crop Management",Team Management|Adaptability|Problem Solving,Soil Science|Agricultural Economics|Plant Biotechnology,GAP Certification|Pesticide Application License,Medium,Low,75000,105000-230000,No,Low,Medium,"Manage farming operations, improve crop yields, and implement sustainable agricultural practices."
867,Undergraduate,Background in Human Resource Management,BSc Human Resource Management,Human Resources,Payroll Clerk,Talent Acquisition Specialist,VP of People,Recruitment|Payroll Management|Labor Law Knowledge,Communication|Conflict Resolution|Empathy,Performance Management|Compensation|Labor Law,SHRM-CP|CIPM,Medium,Medium,90000,120000-450000,Yes,Low,Medium,"Manage the recruitment, development, and wellbeing of an organization's employees."
868,A/L Completed,Biological Science Stream - Physics/Agri focus,MBBS Medicine,Healthcare - Medical,Pre-Intern Medical Officer,Registrar,Consultant Specialist,Patient Care|Pharmacology|Diagnosis,Empathy|Decision Making Under Pressure|Communication,Pediatrics|Physiology|Surgery,USMLE|MRCP,Very High,Very High,235000,265000-1130000,No,Low,Low,"Diagnose and treat illnesses, injuries, and health conditions in patients."
869,A/L Pending,Biological Science Stream - Biology focus,BA/BSc Psychology,Psychology,Counseling Trainee,Counselor,Chief HR Officer,Psychological Assessment|Research Methodology|Therapy Techniques (CBT),Patience|Empathy|Active Listening,Counseling|Abnormal Psychology|Cognitive Psychology,Mental Health First Aid|Clinical Psychology Masters,Medium,High,80000,110000-240000,Yes,High,Low,Study human behavior and help individuals navigate mental health and emotional challenges.
870,O/L Completed,Architecture & Built Environment Interest,BArch Architecture,Architecture,Junior Draftsman,Architect,Principal Architect,3D Rendering|Revit|Building Codes,Creativity|Communication|Visualization,Structural Design|History of Architecture|Building Materials,LEED Green Associate|Chartered Architect (AIA),Medium,Medium,75000,105000-580000,Medium,High,Medium,"Design buildings and structures that are functional, safe, and aesthetically pleasing."
871,O/L Completed,Business Management Interest,BBA Business Management,Business Operations,Management Trainee,Operations Manager,Chief Operating Officer,Data Analysis|Project Management|Strategic Planning,Decision Making|Negotiation|Leadership,Strategic Management|Marketing|HR,Agile PM|PMP,Medium,High,100000,130000-500000,Yes,Medium,Low,Oversee the day-to-day operations of a company to ensure efficiency and profitability.
872,A/L Completed,Technology Stream - SFT focus,BSc Cyber Security,Information Security,Junior Penetration Tester,Security Engineer,Chief Information Security Officer (CISO),Linux|Risk Assessment|Network Security,Perseverance|Ethics|Calm Under Pressure,Network Protocols|Digital Forensics|Cryptography,CISSP|CISM,Very High,Very High,165000,195000-1060000,Yes,High,Low,Protect computer systems and networks from cyber attacks and unauthorized access.
873,Undergraduate,Background in Psychology & Counseling,BA/BSc Psychology,Psychology,Counseling Trainee,Counselor,Chief HR Officer,Psychological Assessment|Therapy Techniques (CBT)|Research Methodology,Patience|Active Listening|Empathy,Developmental Psychology|Cognitive Psychology|Abnormal Psychology,Counseling Diploma|Clinical Psychology Masters,Medium,High,60000,90000-290000,Yes,High,Low,Study human behavior and help individuals navigate mental health and emotional challenges.
874,A/L Pending,Biological Science Stream - Chemistry focus,MBBS Medicine,Healthcare - Medical,Medical Intern,General Practitioner,Hospital Director,Diagnosis|Patient Care|Pharmacology,Ethics|Decision Making Under Pressure|Empathy,Pediatrics|Pathology|Physiology,USMLE|MD/MS (Sri Lanka),Very High,Very High,175000,205000-1190000,No,Low,Low,"Diagnose and treat illnesses, injuries, and health conditions in patients."
875,Career Switcher,Data Analysis & AI Interest,BSc Data Science,Data Science,Junior Data Scientist,Data Engineer,AI Research Scientist,Data Viz|SQL|Statistics,Business Acumen|Analytical Thinking|Presentation,Probability|Linear Algebra|Big Data,Google Data Analytics|IBM Data Science,High,Very High,170000,200000-670000,Yes,High,Low,Analyze complex data sets to help companies make data-driven decisions and build predictive models.
876,Career Switcher,Networking Interest,BSc Information Technology / Diploma in Networking,IT Infrastructure,IT Technician,Systems Administrator,IT Infrastructure Manager,Routing & Switching|Cloud Computing (AWS/Azure)|Linux/Windows Server,Customer Service|Reliability|Communication,Computer Networks|Operating Systems|System Administration,CCNA|CompTIA Network+,High,High,135000,165000-660000,Yes,Low,Medium,"Design, install, and maintain the computer networks and systems that organizations rely on."
877,Career Switcher,Networking Interest,BSc Information Technology / Diploma in Networking,IT Infrastructure,IT Technician,Systems Administrator,Network Architect,Linux/Windows Server|Cloud Computing (AWS/Azure)|Routing & Switching,Troubleshooting|Customer Service|Reliability,System Administration|Operating Systems|Computer Networks,CCNA|CCNP,High,High,90000,120000-310000,Yes,Low,Medium,"Design, install, and maintain the computer networks and systems that organizations rely on."
878,Career Switcher,Psychology & Counseling Interest,BA/BSc Psychology,Psychology,Counseling Trainee,Clinical Psychologist,Director of Mental Health Services,Therapy Techniques (CBT)|Psychological Assessment|Research Methodology,Patience|Confidentiality|Empathy,Abnormal Psychology|Cognitive Psychology|Counseling,Clinical Psychology Masters|Mental Health First Aid,Medium,High,70000,100000-470000,Yes,High,Low,Study human behavior and help individuals navigate mental health and emotional challenges.
879,Graduate,Background in Marketing & Digital Media,BSc Digital Marketing,Marketing,Marketing Assistant,Digital Marketing Executive,Chief Marketing Officer,SEO/SEM|Google Analytics|Content Creation,Communication|Adaptability|Empathy,Brand Management|Digital Strategy|Market Research,Google Digital Garage|HubSpot Inbound Marketing,High,High,110000,140000-230000,Yes,High,Medium,Promote products and services using digital channels to reach target audiences effectively.
880,A/L Completed,Commerce Stream - Accounting focus,BSc Human Resource Management,Human Resources,Payroll Clerk,HR Manager,Chief Human Resources Officer (CHRO),"Recruitment|HRIS (Workday, BambooHR)|Payroll Management",Negotiation|Conflict Resolution|Communication,Performance Management|Labor Law|Compensation,CIPM|PHR,Medium,Medium,65000,95000-350000,Yes,Low,Medium,"Manage the recruitment, development, and wellbeing of an organization's employees."
881,A/L Completed,Biological Science Stream - Biology focus,BSc Agriculture,Agriculture & Agri-Business,Field Officer,Agronomist,Director of Agriculture,"Pest Control|Soil Science|Agri-Tech (IoT, Drones)",Adaptability|Problem Solving|Team Management,Soil Science|Plant Biotechnology|Crop Science,Pesticide Application License|GAP Certification,Medium,Low,50000,80000-440000,No,Low,Medium,"Manage farming operations, improve crop yields, and implement sustainable agricultural practices."
882,A/L Pending,Technology Stream - IT focus,BA/BSc / BEd Education,Education,Trainee Teacher,Instructor,Principal,Curriculum Development|Educational Technology|Student Assessment,Mentorship|Patience|Public Speaking,Curriculum Design|Teaching Methodology|Educational Psychology,TEFL/TESOL|Postgraduate Diploma in Education (PGDE),Medium,High,70000,100000-120000,Medium,High,Low,"Educate and mentor students, preparing them for academic and personal success."
883,Graduate,Background in Mechanical Systems,BSc Mechanical Engineering,Mechanical Engineering,Maintenance Engineer Trainee,Production Engineer,Plant Manager,Quality Control|CAD/CAM|Robotics,Troubleshooting|Innovation|Analytical Thinking,Thermodynamics|Fluid Mechanics|Machine Design,Chartered Engineer (CEng)|Six Sigma,Medium,High,135000,165000-260000,No,Low,Medium,"Design, develop, build, and test mechanical and thermal sensors and devices."
884,A/L Pending,Commerce Stream - Accounting focus,BSc Data Science,Data Science,Data Analyst,Data Engineer,Chief Data Officer,Machine Learning|SQL|Data Viz,Analytical Thinking|Business Acumen|Curiosity,Probability|Deep Learning|Big Data,IBM Data Science|Google Data Analytics,High,Very High,190000,220000-890000,Yes,High,Low,Analyze complex data sets to help companies make data-driven decisions and build predictive models.
885,Diploma Holder,Background in Design & Multimedia,BA Graphic Design / Diploma in Multimedia,Design,Junior Graphic Designer,Art Director,Lead Product Designer,Photoshop|Typography|Adobe Illustrator,Time Management|Attention to Detail|Creativity,User Experience|Design Principles|Visual Communication,Adobe Certified Professional|Google UX Design,High,High,85000,115000-550000,Yes,High,High,"Create visual concepts to communicate ideas that inspire, inform, and captivate consumers."
886,Diploma Holder,Background in Human Resource Management,BSc Human Resource Management,Human Resources,Recruitment Trainee,Talent Acquisition Specialist,HR Director,"HRIS (Workday, BambooHR)|Labor Law Knowledge|Recruitment",Empathy|Communication|Conflict Resolution,Organizational Behavior|Compensation|Performance Management,PHR|CIPM,Medium,Medium,100000,130000-420000,Yes,Low,Medium,"Manage the recruitment, development, and wellbeing of an organization's employees."
887,Graduate,Background in Psychology & Counseling,BA/BSc Psychology,Psychology,Counseling Trainee,Clinical Psychologist,Consultant Psychologist,Research Methodology|Therapy Techniques (CBT)|Psychological Assessment,Confidentiality|Active Listening|Patience,Counseling|Abnormal Psychology|Cognitive Psychology,Mental Health First Aid|Counseling Diploma,Medium,High,55000,85000-360000,Yes,High,Low,Study human behavior and help individuals navigate mental health and emotional challenges.
888,Graduate,Background in Tourism & Hospitality,BSc Hospitality Management,Tourism,Management Trainee,Tour Operations Manager,Resort Manager,Inventory Management|Property Management Systems|Event Planning,Cultural Awareness|Customer Service|Interpersonal Skills,Food & Beverage Management|HR in Hospitality|Hospitality Operations,Food Safety Certification|Language Diplomas,High,Medium,80000,110000-260000,No,Medium,High,"Manage operations in hotels, resorts, and coordinate travel experiences for tourists."
889,A/L Completed,Arts Stream - Logic/Media focus,BSc Digital Marketing,Marketing,Marketing Assistant,Digital Marketing Executive,Marketing Director,Content Creation|Google Analytics|Social Media Ads,Creativity|Communication|Empathy,Consumer Behavior|Brand Management|Digital Strategy,Google Digital Garage|HubSpot Inbound Marketing,High,High,80000,110000-610000,Yes,High,Medium,Promote products and services using digital channels to reach target audiences effectively.
890,Graduate,Background in Marketing & Digital Media,BSc Digital Marketing,Marketing,SEO Trainee,Content Strategist,Marketing Director,SEO/SEM|Social Media Ads|Google Analytics,Communication|Creativity|Adaptability,Brand Management|Consumer Behavior|Digital Strategy,Meta Blueprint|HubSpot Inbound Marketing,High,High,90000,120000-490000,Yes,High,Medium,Promote products and services using digital channels to reach target audiences effectively.
891,Diploma Holder,Background in Psychology & Counseling,BA/BSc Psychology,Psychology,Assistant Psychologist,Clinical Psychologist,Director of Mental Health Services,Research Methodology|Therapy Techniques (CBT)|Psychological Assessment,Confidentiality|Patience|Active Listening,Counseling|Abnormal Psychology|Developmental Psychology,Mental Health First Aid|Counseling Diploma,Medium,High,55000,85000-460000,Yes,High,Low,Study human behavior and help individuals navigate mental health and emotional challenges.
892,Diploma Holder,Background in Tourism & Hospitality,BSc Hospitality Management,Tourism,Management Trainee,Tour Operations Manager,Resort Manager,Inventory Management|Languages|Event Planning,Cultural Awareness|Customer Service|Problem Solving,Food & Beverage Management|HR in Hospitality|Hospitality Operations,Food Safety Certification|Language Diplomas,High,Medium,95000,125000-230000,No,Medium,High,"Manage operations in hotels, resorts, and coordinate travel experiences for tourists."
893,Diploma Holder,Background in Tourism & Hospitality,BSc Hospitality Management,Tourism,Tour Guide,Event Manager,Director of Tourism,Property Management Systems|Languages|Inventory Management,Customer Service|Cultural Awareness|Interpersonal Skills,HR in Hospitality|Tourism Marketing|Food & Beverage Management,IATA Certification|Language Diplomas,High,Medium,85000,115000-550000,No,Medium,High,"Manage operations in hotels, resorts, and coordinate travel experiences for tourists."
894,A/L Completed,Commerce Stream - Business focus,BA Graphic Design / Diploma in Multimedia,Design,Visual Designer,UI/UX Designer,Lead Product Designer,Photoshop|Typography|Color Theory,Time Management|Attention to Detail|Receptivity to Feedback,Visual Communication|Design Principles|Digital Art,Google UX Design|Adobe Certified Professional,High,High,65000,95000-360000,Yes,High,High,"Create visual concepts to communicate ideas that inspire, inform, and captivate consumers."
895,Undergraduate,Background in Logistics & Supply Chain,BSc Supply Chain Management,Logistics,Logistics Coordinator,Logistics Analyst,Procurement Director,ERP Software (SAP/Oracle)|Data Analysis|Inventory Management,Problem Solving|Negotiation|Leadership,Global Supply Chain|Transportation Management|Procurement,Six Sigma|CIPS,High,High,80000,110000-230000,No,Low,Medium,Oversee the movement of goods from suppliers to consumers efficiently and cost-effectively.
896,A/L Completed,Physical Science Stream - Chemistry/IT focus,BSc Civil Engineering,Civil Engineering,Structural Trainee,Civil Engineer,Engineering Director,Structural Analysis|Project Management|AutoCAD,Teamwork|Problem Solving|Leadership,Fluid Mechanics|Geotechnical Engineering|Materials Science,PMP|AutoCAD Certification,Medium,Medium,85000,115000-500000,No,Low,Low,"Design, build, and supervise infrastructure projects and systems."
897,A/L Pending,Biological Science Stream - Chemistry focus,BBA Business Management,Business Operations,Operations Assistant,Operations Manager,Operations Director,Project Management|Data Analysis|Budgeting,Negotiation|Problem Solving|Leadership,Strategic Management|Marketing|HR,PMP|Certified Business Analysis Professional (CBAP),Medium,High,80000,110000-390000,Yes,Medium,Low,Oversee the day-to-day operations of a company to ensure efficiency and profitability.
898,O/L Completed,Marketing & Digital Media Interest,BSc Digital Marketing,Marketing,Social Media Coordinator,Digital Marketing Executive,Marketing Director,Content Creation|Social Media Ads|Google Analytics,Creativity|Communication|Adaptability,Brand Management|Market Research|Digital Strategy,HubSpot Inbound Marketing|Google Digital Garage,High,High,70000,100000-240000,Yes,High,Medium,Promote products and services using digital channels to reach target audiences effectively.
899,Career Switcher,Design & Multimedia Interest,BA Graphic Design / Diploma in Multimedia,Design,UI/UX Intern,Art Director,Lead Product Designer,Figma|Color Theory|Adobe Illustrator,Attention to Detail|Receptivity to Feedback|Time Management,Design Principles|User Experience|Visual Communication,Google UX Design|Adobe Certified Professional,High,High,50000,80000-550000,Yes,High,High,"Create visual concepts to communicate ideas that inspire, inform, and captivate consumers."
900,Graduate,Background in Logistics & Supply Chain,BSc Supply Chain Management,Logistics,Procurement Trainee,Warehouse Manager,Director of Operations,ERP Software (SAP/Oracle)|Inventory Management|Freight Forwarding,Negotiation|Time Management|Problem Solving,Procurement|Inventory Control|Transportation Management,CIPS|CSCP,High,High,95000,125000-680000,No,Low,Medium,Oversee the movement of goods from suppliers to consumers efficiently and cost-effectively.
901,Graduate,Background in Construction & Structures,BSc Civil Engineering,Civil Engineering,Structural Trainee,Structural Engineer,Senior Civil Engineer,Surveying|AutoCAD|Structural Analysis,Teamwork|Problem Solving|Risk Management,Materials Science|Fluid Mechanics|Structural Design,Chartered Engineer (CEng)|PMP,Medium,Medium,80000,110000-550000,No,Low,Low,"Design, build, and supervise infrastructure projects and systems."
902,Undergraduate,Background in IT / Programming,BSc Computer Science,Software Engineering,Associate Software Engineer,Full Stack Developer,Tech Lead,Problem Solving|Algorithms|Git,Time Management|Teamwork|Critical Thinking,Databases|Math for CS|Operating Systems,Scrum Master|AWS Certified Developer,Very High,Very High,100000,130000-500000,Yes,High,Medium,"Design, build, and maintain software applications and systems for various platforms."
903,Undergraduate,Background in Medicine,MBBS Medicine,Healthcare - Medical,Pre-Intern Medical Officer,Registrar,Chief Medical Officer,Medical Procedures|Patient Care|Diagnosis,Ethics|Empathy|Communication,Physiology|Surgery|Pathology,USMLE|MRCP,Very High,Very High,205000,235000-1920000,No,Low,Low,"Diagnose and treat illnesses, injuries, and health conditions in patients."
904,Career Switcher,Architecture & Built Environment Interest,BArch Architecture,Architecture,Design Intern,Architect,Senior Architect,SketchUp|Revit|AutoCAD,Creativity|Communication|Visualization,History of Architecture|Structural Design|Architectural Design,LEED Green Associate|Chartered Architect (AIA),Medium,Medium,85000,115000-480000,Medium,High,Medium,"Design buildings and structures that are functional, safe, and aesthetically pleasing."
905,O/L Completed,Agriculture Interest,BSc Agriculture,Agriculture & Agri-Business,Farm Supervisor,Plantation Manager,Estate Superintendent,"Soil Science|Pest Control|Agri-Tech (IoT, Drones)",Problem Solving|Physical Endurance|Adaptability,Agricultural Economics|Plant Biotechnology|Crop Science,GAP Certification|Pesticide Application License,Medium,Low,60000,90000-230000,No,Low,Medium,"Manage farming operations, improve crop yields, and implement sustainable agricultural practices."
906,A/L Completed,Arts Stream - History focus,BSc Accounting and Finance,Finance,Audit Trainee,Financial Analyst,Chief Financial Officer (CFO),ERP Systems|Financial Reporting|Excel,Ethics|Analytical Thinking|Attention to Detail,Corporate Finance|Management Accounting|Economics,CMA|CA Sri Lanka,High,High,70000,100000-370000,Yes,Medium,High,"Manage financial records, analyze financial data, and ensure legal tax compliance for organizations."
907,Undergraduate,Background in Psychology & Counseling,BA/BSc Psychology,Psychology,Assistant Psychologist,Organizational Psychologist,Consultant Psychologist,Research Methodology|Psychological Assessment|Therapy Techniques (CBT),Confidentiality|Patience|Active Listening,Developmental Psychology|Abnormal Psychology|Counseling,Clinical Psychology Masters|Counseling Diploma,Medium,High,55000,85000-490000,Yes,High,Low,Study human behavior and help individuals navigate mental health and emotional challenges.
908,Career Switcher,Law & Justice Interest,LLB Law,Legal Services,Junior Lawyer,Legal Consultant,Chief Legal Officer,Drafting Contracts|Compliance|Litigation,Analytical Thinking|Argumentation|Public Speaking,Contract Law|Constitutional Law|Criminal Law,Notary Public|Attorney-at-Law (Sri Lanka Law College),Medium,Medium,95000,125000-250000,No,Medium,Medium,"Advise and represent clients in legal matters, draft documents, and ensure legal compliance."
909,A/L Completed,Biological Science Stream - Biology focus,MBBS Medicine,Healthcare - Medical,Medical Intern,Registrar,Consultant Specialist,Medical Procedures|Patient Care|Pharmacology,Decision Making Under Pressure|Ethics|Empathy,Surgery|Physiology|Anatomy,MD/MS (Sri Lanka)|USMLE,Very High,Very High,230000,260000-1070000,No,Low,Low,"Diagnose and treat illnesses, injuries, and health conditions in patients."
910,O/L Completed,Marketing & Digital Media Interest,BSc Digital Marketing,Marketing,Marketing Assistant,SEO Specialist,Head of Digital,SEO/SEM|Social Media Ads|Google Analytics,Empathy|Adaptability|Creativity,Market Research|Consumer Behavior|Digital Strategy,HubSpot Inbound Marketing|Google Digital Garage,High,High,110000,140000-500000,Yes,High,Medium,Promote products and services using digital channels to reach target audiences effectively.
911,Career Switcher,Business Management Interest,BBA Business Management,Business Operations,Operations Assistant,Business Analyst,Chief Operating Officer,Data Analysis|Project Management|Budgeting,Decision Making|Leadership|Problem Solving,Marketing|Strategic Management|Organizational Behavior,Certified Business Analysis Professional (CBAP)|PMP,Medium,High,95000,125000-450000,Yes,Medium,Low,Oversee the day-to-day operations of a company to ensure efficiency and profitability.
912,Undergraduate,Background in Marketing & Digital Media,BSc Digital Marketing,Marketing,Social Media Coordinator,Digital Marketing Executive,Head of Digital,Content Creation|Social Media Ads|Google Analytics,Empathy|Communication|Creativity,Consumer Behavior|Brand Management|Market Research,HubSpot Inbound Marketing|Google Digital Garage,High,High,70000,100000-510000,Yes,High,Medium,Promote products and services using digital channels to reach target audiences effectively.
913,Undergraduate,Background in Data Analysis & AI,BSc Data Science,Data Science,Data Analyst,Data Scientist,Chief Data Officer,SQL|Machine Learning|Data Viz,Curiosity|Business Acumen|Presentation,Probability|Linear Algebra|Big Data,IBM Data Science|AWS Machine Learning,High,Very High,145000,175000-740000,Yes,High,Low,Analyze complex data sets to help companies make data-driven decisions and build predictive models.
914,O/L Completed,Business Management Interest,BBA Business Management,Business Operations,Management Trainee,Project Manager,General Manager,Budgeting|Project Management|Strategic Planning,Problem Solving|Leadership|Negotiation,Marketing|Strategic Management|Organizational Behavior,Agile PM|PMP,Medium,High,140000,170000-290000,Yes,Medium,Low,Oversee the day-to-day operations of a company to ensure efficiency and profitability.
915,A/L Pending,Technology Stream - SFT focus,BSc Hospitality Management,Tourism,Management Trainee,Hotel Manager,Director of Tourism,Property Management Systems|Event Planning|Inventory Management,Cultural Awareness|Customer Service|Problem Solving,Food & Beverage Management|Tourism Marketing|HR in Hospitality,Language Diplomas|IATA Certification,High,Medium,55000,85000-290000,No,Medium,High,"Manage operations in hotels, resorts, and coordinate travel experiences for tourists."
916,Career Switcher,Law & Justice Interest,LLB Law,Legal Services,Legal Assistant,Attorney-at-Law,Partner,Legal Research|Compliance|Litigation,Argumentation|Analytical Thinking|Public Speaking,Constitutional Law|Criminal Law|Contract Law,Attorney-at-Law (Sri Lanka Law College)|Notary Public,Medium,Medium,85000,115000-390000,No,Medium,Medium,"Advise and represent clients in legal matters, draft documents, and ensure legal compliance."
917,Graduate,Background in Agriculture,BSc Agriculture,Agriculture & Agri-Business,Field Officer,Plantation Manager,Estate Superintendent,Soil Science|Crop Management|Pest Control,Team Management|Adaptability|Problem Solving,Agricultural Economics|Crop Science|Soil Science,GAP Certification|Pesticide Application License,Medium,Low,55000,85000-400000,No,Low,Medium,"Manage farming operations, improve crop yields, and implement sustainable agricultural practices."
918,Career Switcher,Logistics & Supply Chain Interest,BSc Supply Chain Management,Logistics,Logistics Coordinator,Logistics Analyst,Director of Operations,Inventory Management|Data Analysis|Freight Forwarding,Leadership|Time Management|Negotiation,Inventory Control|Transportation Management|Global Supply Chain,Six Sigma|CSCP,High,High,100000,130000-250000,No,Low,Medium,Oversee the movement of goods from suppliers to consumers efficiently and cost-effectively.
919,Graduate,Background in Education & Teaching,BA/BSc / BEd Education,Education,Tutor,Lecturer,Dean,Lesson Planning|Educational Technology|Student Assessment,Mentorship|Public Speaking|Empathy,Teaching Methodology|Educational Psychology|Curriculum Design,TEFL/TESOL|Postgraduate Diploma in Education (PGDE),Medium,High,40000,70000-170000,Medium,High,Low,"Educate and mentor students, preparing them for academic and personal success."
920,O/L Completed,Architecture & Built Environment Interest,BArch Architecture,Architecture,Design Intern,Architect,Design Director,SketchUp|AutoCAD|3D Rendering,Creativity|Visualization|Communication,Architectural Design|History of Architecture|Building Materials,Chartered Architect (AIA)|LEED Green Associate,Medium,Medium,60000,90000-300000,Medium,High,Medium,"Design buildings and structures that are functional, safe, and aesthetically pleasing."
921,Graduate,Background in Healthcare Caregiving,BSc Nursing,Healthcare - Nursing,Trainee Staff Nurse,Registered Nurse,Matron,First Aid|Patient Care|Infection Control,Patience|Empathy|Resilience,Psychology|Medical-Surgical Nursing|Pharmacology,BLS|ACLS,High,Very High,95000,125000-450000,No,Low,Low,"Provide care to patients, administer medications, and assist doctors in medical treatments."
922,Graduate,Background in Cybersecurity,BSc Cyber Security,Information Security,Junior Penetration Tester,Cyber Security Specialist,Cyber Security Manager,Ethical Hacking|Risk Assessment|Network Security,Perseverance|Ethics|Analytical Thinking,Cryptography|Digital Forensics|Malware Analysis,CEH|CISM,Very High,Very High,150000,180000-980000,Yes,High,Low,Protect computer systems and networks from cyber attacks and unauthorized access.
923,Diploma Holder,Background in Law & Justice,LLB Law,Legal Services,Junior Lawyer,Legal Consultant,Senior Counsel,Drafting Contracts|Compliance|Legal Research,Public Speaking|Negotiation|Analytical Thinking,Criminal Law|Corporate Law|Constitutional Law,Notary Public|Attorney-at-Law (Sri Lanka Law College),Medium,Medium,65000,95000-980000,No,Medium,Medium,"Advise and represent clients in legal matters, draft documents, and ensure legal compliance."
924,Career Switcher,Marketing & Digital Media Interest,BSc Digital Marketing,Marketing,Marketing Assistant,Digital Marketing Executive,Chief Marketing Officer,Google Analytics|Content Creation|SEO/SEM,Communication|Creativity|Empathy,Market Research|Digital Strategy|Brand Management,Google Digital Garage|Meta Blueprint,High,High,60000,90000-470000,Yes,High,Medium,Promote products and services using digital channels to reach target audiences effectively.
925,O/L Completed,IT / Programming Interest,BSc Computer Science,Software Engineering,Junior Software Developer,Full Stack Developer,Software Architect,Git|Problem Solving|Algorithms,Critical Thinking|Time Management|Teamwork,Databases|Software Patterns|Math for CS,Scrum Master|Azure Fundamentals,Very High,Very High,135000,165000-400000,Yes,High,Medium,"Design, build, and maintain software applications and systems for various platforms."
926,A/L Completed,Technology Stream - ET/BST focus,BSc Information Technology / Diploma in Networking,IT Infrastructure,IT Technician,Network Engineer,IT Infrastructure Manager,Linux/Windows Server|Routing & Switching|Cloud Computing (AWS/Azure),Reliability|Troubleshooting|Communication,Computer Networks|System Administration|Operating Systems,CCNP|CompTIA Network+,High,High,115000,145000-610000,Yes,Low,Medium,"Design, install, and maintain the computer networks and systems that organizations rely on."
927,Undergraduate,Background in Cybersecurity,BSc Cyber Security,Information Security,Junior Penetration Tester,Security Engineer,Chief Information Security Officer (CISO),Linux|Network Security|Risk Assessment,Calm Under Pressure|Analytical Thinking|Perseverance,Digital Forensics|Network Protocols|Malware Analysis,CISM|CompTIA Security+,Very High,Very High,225000,255000-580000,Yes,High,Low,Protect computer systems and networks from cyber attacks and unauthorized access.
928,A/L Pending,Physical Science Stream - Math focus,BSc Mechanical Engineering,Mechanical Engineering,Maintenance Engineer Trainee,Mechanical Engineer,Engineering Director,Robotics|Thermodynamics|CAD/CAM,Innovation|Analytical Thinking|Troubleshooting,Thermodynamics|Machine Design|Control Systems,Chartered Engineer (CEng)|Six Sigma,Medium,High,130000,160000-230000,No,Low,Medium,"Design, develop, build, and test mechanical and thermal sensors and devices."
929,Career Switcher,Construction & Structures Interest,BSc Civil Engineering,Civil Engineering,Structural Trainee,Civil Engineer,Senior Civil Engineer,Surveying|Project Management|Structural Analysis,Problem Solving|Leadership|Risk Management,Geotechnical Engineering|Fluid Mechanics|Materials Science,Chartered Engineer (CEng)|PMP,Medium,Medium,95000,125000-320000,No,Low,Low,"Design, build, and supervise infrastructure projects and systems."
930,O/L Completed,Design & Multimedia Interest,BA Graphic Design / Diploma in Multimedia,Design,UI/UX Intern,Art Director,Senior Art Director,Photoshop|Typography|Figma,Receptivity to Feedback|Creativity|Time Management,Design Principles|Digital Art|Visual Communication,Adobe Certified Professional|Google UX Design,High,High,80000,110000-200000,Yes,High,High,"Create visual concepts to communicate ideas that inspire, inform, and captivate consumers."
931,A/L Pending,Biological Science Stream - Biology focus,BSc Nursing,Healthcare - Nursing,Student Nurse,Staff Nurse,Matron,Infection Control|First Aid|Vital Signs Monitoring,Resilience|Empathy|Communication,Psychology|Pharmacology|Nursing Foundations,Specialized Nursing Certifications|BLS,High,Very High,75000,105000-360000,No,Low,Low,"Provide care to patients, administer medications, and assist doctors in medical treatments."
932,Diploma Holder,Background in Medicine,MBBS Medicine,Healthcare - Medical,Medical Intern,Registrar,Hospital Director,Diagnosis|Medical Procedures|Patient Care,Ethics|Decision Making Under Pressure|Empathy,Physiology|Surgery|Pathology,MD/MS (Sri Lanka)|USMLE,Very High,Very High,245000,275000-1090000,No,Low,Low,"Diagnose and treat illnesses, injuries, and health conditions in patients."
933,A/L Pending,Arts Stream - History focus,BArch Architecture,Architecture,Junior Draftsman,Architect,Senior Architect,3D Rendering|AutoCAD|Revit,Attention to Detail|Creativity|Communication,Structural Design|Building Materials|History of Architecture,LEED Green Associate|Chartered Architect (AIA),Medium,Medium,115000,145000-510000,Medium,High,Medium,"Design buildings and structures that are functional, safe, and aesthetically pleasing."
934,A/L Pending,Physical Science Stream - Physics focus,BSc Mechanical Engineering,Mechanical Engineering,Maintenance Engineer Trainee,Production Engineer,Senior Mechanical Engineer,CAD/CAM|Robotics|Thermodynamics,Troubleshooting|Innovation|Analytical Thinking,Thermodynamics|Fluid Mechanics|Machine Design,SolidWorks Certification|Chartered Engineer (CEng),Medium,High,90000,120000-300000,No,Low,Medium,"Design, develop, build, and test mechanical and thermal sensors and devices."
935,Career Switcher,Cybersecurity Interest,BSc Cyber Security,Information Security,SOC Analyst,Penetration Tester,Cyber Security Manager,Ethical Hacking|Linux|Network Security,Perseverance|Ethics|Calm Under Pressure,Digital Forensics|Malware Analysis|Cryptography,CISSP|CISM,Very High,Very High,160000,190000-980000,Yes,High,Low,Protect computer systems and networks from cyber attacks and unauthorized access.
936,A/L Completed,Arts Stream - History focus,BSc Human Resource Management,Human Resources,Recruitment Trainee,HR Manager,Chief Human Resources Officer (CHRO),"Payroll Management|Recruitment|HRIS (Workday, BambooHR)",Communication|Empathy|Negotiation,Organizational Behavior|Performance Management|Compensation,PHR|SHRM-CP,Medium,Medium,60000,90000-430000,Yes,Low,Medium,"Manage the recruitment, development, and wellbeing of an organization's employees."
937,Career Switcher,Tourism & Hospitality Interest,BSc Hospitality Management,Tourism,Front Office Assistant,Hotel Manager,Resort Manager,Property Management Systems|Languages|Event Planning,Cultural Awareness|Interpersonal Skills|Problem Solving,Hospitality Operations|Food & Beverage Management|Tourism Marketing,Language Diplomas|Food Safety Certification,High,Medium,90000,120000-450000,No,Medium,High,"Manage operations in hotels, resorts, and coordinate travel experiences for tourists."
938,A/L Completed,Biological Science Stream - Chemistry focus,BA/BSc Psychology,Psychology,Counseling Trainee,Clinical Psychologist,Consultant Psychologist,Psychological Assessment|Therapy Techniques (CBT)|Research Methodology,Empathy|Active Listening|Confidentiality,Abnormal Psychology|Developmental Psychology|Counseling,Mental Health First Aid|Clinical Psychology Masters,Medium,High,80000,110000-410000,Yes,High,Low,Study human behavior and help individuals navigate mental health and emotional challenges.
939,Diploma Holder,Background in Cybersecurity,BSc Cyber Security,Information Security,SOC Analyst,Penetration Tester,Chief Information Security Officer (CISO),Ethical Hacking|Linux|Risk Assessment,Ethics|Calm Under Pressure|Analytical Thinking,Network Protocols|Malware Analysis|Cryptography,CISSP|CEH,Very High,Very High,240000,270000-620000,Yes,High,Low,Protect computer systems and networks from cyber attacks and unauthorized access.
940,A/L Pending,Biological Science Stream - Chemistry focus,BA/BSc Psychology,Psychology,HR Assistant,Organizational Psychologist,Consultant Psychologist,Psychological Assessment|Research Methodology|Therapy Techniques (CBT),Active Listening|Empathy|Confidentiality,Abnormal Psychology|Counseling|Cognitive Psychology,Counseling Diploma|Clinical Psychology Masters,Medium,High,95000,125000-230000,Yes,High,Low,Study human behavior and help individuals navigate mental health and emotional challenges.
941,Undergraduate,Background in Architecture & Built Environment,BArch Architecture,Architecture,Junior Draftsman,Project Architect,Principal Architect,SketchUp|AutoCAD|3D Rendering,Creativity|Communication|Attention to Detail,Building Materials|Architectural Design|History of Architecture,Chartered Architect (AIA)|LEED Green Associate,Medium,Medium,105000,135000-490000,Medium,High,Medium,"Design buildings and structures that are functional, safe, and aesthetically pleasing."
942,Undergraduate,Background in Education & Teaching,BA/BSc / BEd Education,Education,Teaching Assistant,Lecturer,Professor,Lesson Planning|Student Assessment|Educational Technology,Mentorship|Public Speaking|Empathy,Teaching Methodology|Subject-Specific Focus|Educational Psychology,Postgraduate Diploma in Education (PGDE)|TEFL/TESOL,Medium,High,65000,95000-160000,Medium,High,Low,"Educate and mentor students, preparing them for academic and personal success."
943,Career Switcher,Business Management Interest,BBA Business Management,Business Operations,Operations Assistant,Project Manager,Operations Director,Budgeting|Data Analysis|Strategic Planning,Negotiation|Leadership|Decision Making,Organizational Behavior|HR|Marketing,PMP|Certified Business Analysis Professional (CBAP),Medium,High,85000,115000-350000,Yes,Medium,Low,Oversee the day-to-day operations of a company to ensure efficiency and profitability.
944,A/L Pending,Technology Stream - SFT focus,BSc Cyber Security,Information Security,Security Analyst Trainee,Cyber Security Specialist,Cyber Security Manager,Risk Assessment|Linux|Network Security,Calm Under Pressure|Perseverance|Ethics,Cryptography|Network Protocols|Malware Analysis,CompTIA Security+|CISSP,Very High,Very High,205000,235000-470000,Yes,High,Low,Protect computer systems and networks from cyber attacks and unauthorized access.
945,A/L Completed,Arts Stream - Logic/Media focus,BArch Architecture,Architecture,Architect Assistant,Interior Designer,Senior Architect,SketchUp|Building Codes|Revit,Attention to Detail|Creativity|Communication,History of Architecture|Structural Design|Architectural Design,Chartered Architect (AIA)|LEED Green Associate,Medium,Medium,65000,95000-290000,Medium,High,Medium,"Design buildings and structures that are functional, safe, and aesthetically pleasing."
946,Career Switcher,Construction & Structures Interest,BSc Civil Engineering,Civil Engineering,Site Engineer,Structural Engineer,Senior Civil Engineer,Surveying|Structural Analysis|Project Management,Teamwork|Problem Solving|Leadership,Structural Design|Fluid Mechanics|Geotechnical Engineering,PMP|Chartered Engineer (CEng),Medium,Medium,85000,115000-330000,No,Low,Low,"Design, build, and supervise infrastructure projects and systems."
947,A/L Completed,Commerce Stream - Accounting focus,BSc Human Resource Management,Human Resources,Payroll Clerk,HR Manager,VP of People,"HRIS (Workday, BambooHR)|Recruitment|Payroll Management",Conflict Resolution|Negotiation|Empathy,Performance Management|Labor Law|Compensation,CIPM|PHR,Medium,Medium,90000,120000-430000,Yes,Low,Medium,"Manage the recruitment, development, and wellbeing of an organization's employees."
948,A/L Pending,Physical Science Stream - Math focus,BSc Mechanical Engineering,Mechanical Engineering,Junior Mechanical Engineer,Mechanical Engineer,Senior Mechanical Engineer,Quality Control|CAD/CAM|Robotics,Troubleshooting|Innovation|Analytical Thinking,Thermodynamics|Control Systems|Machine Design,Chartered Engineer (CEng)|SolidWorks Certification,Medium,High,90000,120000-460000,No,Low,Medium,"Design, develop, build, and test mechanical and thermal sensors and devices."
949,Diploma Holder,Background in Healthcare Caregiving,BSc Nursing,Healthcare - Nursing,Trainee Staff Nurse,ICU Nurse,Matron,Patient Care|Vital Signs Monitoring|Infection Control,Empathy|Patience|Resilience,Pharmacology|Nursing Foundations|Psychology,Specialized Nursing Certifications|ACLS,High,Very High,85000,115000-220000,No,Low,Low,"Provide care to patients, administer medications, and assist doctors in medical treatments."
950,O/L Completed,Design & Multimedia Interest,BA Graphic Design / Diploma in Multimedia,Design,Junior Graphic Designer,Graphic Designer,Creative Director,Adobe Illustrator|Color Theory|Typography,Receptivity to Feedback|Creativity|Time Management,Digital Art|Design Principles|User Experience,Google UX Design|Adobe Certified Professional,High,High,100000,130000-460000,Yes,High,High,"Create visual concepts to communicate ideas that inspire, inform, and captivate consumers."
951,Diploma Holder,Background in Human Resource Management,BSc Human Resource Management,Human Resources,HR Assistant,Talent Acquisition Specialist,Chief Human Resources Officer (CHRO),"Labor Law Knowledge|HRIS (Workday, BambooHR)|Payroll Management",Communication|Empathy|Conflict Resolution,Performance Management|Compensation|Organizational Behavior,PHR|SHRM-CP,Medium,Medium,90000,120000-190000,Yes,Low,Medium,"Manage the recruitment, development, and wellbeing of an organization's employees."
952,A/L Completed,Technology Stream - ET/BST focus,BSc Cyber Security,Information Security,Security Analyst Trainee,Security Engineer,Chief Information Security Officer (CISO),Ethical Hacking|Risk Assessment|Linux,Perseverance|Calm Under Pressure|Analytical Thinking,Cryptography|Network Protocols|Malware Analysis,CEH|CISSP,Very High,Very High,215000,245000-480000,Yes,High,Low,Protect computer systems and networks from cyber attacks and unauthorized access.
953,A/L Pending,Arts Stream - History focus,LLB Law,Legal Services,Apprentice,Attorney-at-Law,Chief Legal Officer,Compliance|Drafting Contracts|Legal Research,Public Speaking|Analytical Thinking|Negotiation,Contract Law|Corporate Law|Constitutional Law,Notary Public|Attorney-at-Law (Sri Lanka Law College),Medium,Medium,50000,80000-930000,No,Medium,Medium,"Advise and represent clients in legal matters, draft documents, and ensure legal compliance."
954,Graduate,Background in Architecture & Built Environment,BArch Architecture,Architecture,Architect Assistant,Architect,Design Director,AutoCAD|Revit|SketchUp,Attention to Detail|Communication|Creativity,Architectural Design|History of Architecture|Structural Design,LEED Green Associate|Chartered Architect (AIA),Medium,Medium,95000,125000-330000,Medium,High,Medium,"Design buildings and structures that are functional, safe, and aesthetically pleasing."
955,Diploma Holder,Background in Marketing & Digital Media,BSc Digital Marketing,Marketing,SEO Trainee,Content Strategist,Head of Digital,Google Analytics|Social Media Ads|SEO/SEM,Empathy|Creativity|Adaptability,Consumer Behavior|Market Research|Digital Strategy,Google Digital Garage|HubSpot Inbound Marketing,High,High,115000,145000-220000,Yes,High,Medium,Promote products and services using digital channels to reach target audiences effectively.
956,Undergraduate,Background in Agriculture,BSc Agriculture,Agriculture & Agri-Business,Agricultural Assistant,Plantation Manager,Senior Agronomist,"Crop Management|Soil Science|Agri-Tech (IoT, Drones)",Team Management|Problem Solving|Adaptability,Soil Science|Agricultural Economics|Crop Science,GAP Certification|Pesticide Application License,Medium,Low,75000,105000-420000,No,Low,Medium,"Manage farming operations, improve crop yields, and implement sustainable agricultural practices."
957,Undergraduate,Background in Law & Justice,LLB Law,Legal Services,Apprentice,Legal Consultant,Senior Counsel,Legal Research|Compliance|Litigation,Analytical Thinking|Argumentation|Public Speaking,Contract Law|Corporate Law|Constitutional Law,Notary Public|Attorney-at-Law (Sri Lanka Law College),Medium,Medium,60000,90000-820000,No,Medium,Medium,"Advise and represent clients in legal matters, draft documents, and ensure legal compliance."
958,O/L Completed,Tourism & Hospitality Interest,BSc Hospitality Management,Tourism,Front Office Assistant,Tour Operations Manager,Resort Manager,Inventory Management|Event Planning|Languages,Customer Service|Cultural Awareness|Interpersonal Skills,HR in Hospitality|Tourism Marketing|Hospitality Operations,Food Safety Certification|Language Diplomas,High,Medium,55000,85000-480000,No,Medium,High,"Manage operations in hotels, resorts, and coordinate travel experiences for tourists."
959,Diploma Holder,Background in IT / Programming,BSc Computer Science,Software Engineering,Associate Software Engineer,Full Stack Developer,Senior Developer,Programming|Problem Solving|Data Structures,Time Management|Teamwork|Critical Thinking,Operating Systems|Software Patterns|Databases,AWS Certified Developer|Scrum Master,Very High,Very High,110000,140000-790000,Yes,High,Medium,"Design, build, and maintain software applications and systems for various platforms."
960,A/L Pending,Physical Science Stream - Physics focus,BA/BSc / BEd Education,Education,Tutor,Instructor,Principal,Lesson Planning|Curriculum Development|Student Assessment,Patience|Public Speaking|Empathy,Curriculum Design|Subject-Specific Focus|Teaching Methodology,TEFL/TESOL|Postgraduate Diploma in Education (PGDE),Medium,High,40000,70000-250000,Medium,High,Low,"Educate and mentor students, preparing them for academic and personal success."
961,A/L Pending,Technology Stream - IT focus,BSc Agriculture,Agriculture & Agri-Business,Agricultural Assistant,Plantation Manager,Senior Agronomist,"Crop Management|Agri-Tech (IoT, Drones)|Pest Control",Team Management|Adaptability|Problem Solving,Plant Biotechnology|Soil Science|Agricultural Economics,GAP Certification|Pesticide Application License,Medium,Low,70000,100000-330000,No,Low,Medium,"Manage farming operations, improve crop yields, and implement sustainable agricultural practices."
962,Diploma Holder,Background in Design & Multimedia,BA Graphic Design / Diploma in Multimedia,Design,Visual Designer,Graphic Designer,Lead Product Designer,Typography|Figma|Color Theory,Receptivity to Feedback|Attention to Detail|Creativity,User Experience|Design Principles|Visual Communication,Adobe Certified Professional|Google UX Design,High,High,100000,130000-260000,Yes,High,High,"Create visual concepts to communicate ideas that inspire, inform, and captivate consumers."
963,Undergraduate,Background in Construction & Structures,BSc Civil Engineering,Civil Engineering,Structural Trainee,Civil Engineer,Senior Civil Engineer,Structural Analysis|AutoCAD|Surveying,Risk Management|Problem Solving|Leadership,Geotechnical Engineering|Structural Design|Materials Science,AutoCAD Certification|PMP,Medium,Medium,85000,115000-380000,No,Low,Low,"Design, build, and supervise infrastructure projects and systems."
964,Diploma Holder,Background in Psychology & Counseling,BA/BSc Psychology,Psychology,Counseling Trainee,Counselor,Consultant Psychologist,Research Methodology|Therapy Techniques (CBT)|Psychological Assessment,Empathy|Active Listening|Confidentiality,Developmental Psychology|Abnormal Psychology|Counseling,Mental Health First Aid|Counseling Diploma,Medium,High,60000,90000-480000,Yes,High,Low,Study human behavior and help individuals navigate mental health and emotional challenges.
965,Graduate,Background in Data Analysis & AI,BSc Data Science,Data Science,BI Analyst,Data Engineer,AI Research Scientist,Python|Data Viz|SQL,Presentation|Curiosity|Business Acumen,Big Data|Deep Learning|Linear Algebra,AWS Machine Learning|Google Data Analytics,High,Very High,165000,195000-830000,Yes,High,Low,Analyze complex data sets to help companies make data-driven decisions and build predictive models.
966,O/L Completed,Tourism & Hospitality Interest,BSc Hospitality Management,Tourism,Tour Guide,Hotel Manager,General Manager (Hotel),Inventory Management|Property Management Systems|Event Planning,Customer Service|Interpersonal Skills|Problem Solving,Tourism Marketing|HR in Hospitality|Hospitality Operations,Food Safety Certification|IATA Certification,High,Medium,60000,90000-290000,No,Medium,High,"Manage operations in hotels, resorts, and coordinate travel experiences for tourists."
967,Undergraduate,Background in Logistics & Supply Chain,BSc Supply Chain Management,Logistics,Procurement Trainee,Logistics Analyst,Chief Supply Chain Officer,ERP Software (SAP/Oracle)|Freight Forwarding|Inventory Management,Problem Solving|Negotiation|Time Management,Inventory Control|Global Supply Chain|Procurement,CIPS|CSCP,High,High,60000,90000-400000,No,Low,Medium,Oversee the movement of goods from suppliers to consumers efficiently and cost-effectively.
968,Diploma Holder,Background in Architecture & Built Environment,BArch Architecture,Architecture,Architect Assistant,Architect,Senior Architect,Building Codes|Revit|3D Rendering,Visualization|Creativity|Communication,Structural Design|Building Materials|History of Architecture,LEED Green Associate|Chartered Architect (AIA),Medium,Medium,100000,130000-380000,Medium,High,Medium,"Design buildings and structures that are functional, safe, and aesthetically pleasing."
969,Career Switcher,Architecture & Built Environment Interest,BArch Architecture,Architecture,Design Intern,Project Architect,Principal Architect,AutoCAD|SketchUp|Building Codes,Communication|Creativity|Visualization,Architectural Design|Building Materials|Structural Design,Chartered Architect (AIA)|LEED Green Associate,Medium,Medium,110000,140000-320000,Medium,High,Medium,"Design buildings and structures that are functional, safe, and aesthetically pleasing."
970,A/L Completed,Commerce Stream - Economics/IT focus,BA/BSc Psychology,Psychology,Counseling Trainee,Organizational Psychologist,Consultant Psychologist,Therapy Techniques (CBT)|Research Methodology|Psychological Assessment,Confidentiality|Active Listening|Empathy,Counseling|Developmental Psychology|Cognitive Psychology,Mental Health First Aid|Clinical Psychology Masters,Medium,High,95000,125000-280000,Yes,High,Low,Study human behavior and help individuals navigate mental health and emotional challenges.
971,Graduate,Background in Cybersecurity,BSc Cyber Security,Information Security,Security Analyst Trainee,Security Engineer,Security Architect,Risk Assessment|Network Security|Linux,Perseverance|Analytical Thinking|Ethics,Cryptography|Digital Forensics|Network Protocols,CEH|CompTIA Security+,Very High,Very High,195000,225000-1050000,Yes,High,Low,Protect computer systems and networks from cyber attacks and unauthorized access.
972,O/L Completed,Logistics & Supply Chain Interest,BSc Supply Chain Management,Logistics,Warehouse Assistant,Logistics Analyst,Chief Supply Chain Officer,Inventory Management|Data Analysis|Freight Forwarding,Leadership|Negotiation|Time Management,Transportation Management|Procurement|Global Supply Chain,CIPS|CSCP,High,High,90000,120000-610000,No,Low,Medium,Oversee the movement of goods from suppliers to consumers efficiently and cost-effectively.
973,A/L Completed,Commerce Stream - Business focus,BBA Business Management,Business Operations,Management Trainee,Business Analyst,Chief Operating Officer,Budgeting|Data Analysis|Strategic Planning,Problem Solving|Decision Making|Negotiation,HR|Organizational Behavior|Marketing,Certified Business Analysis Professional (CBAP)|Agile PM,Medium,High,135000,165000-780000,Yes,Medium,Low,Oversee the day-to-day operations of a company to ensure efficiency and profitability.
974,Undergraduate,Background in Marketing & Digital Media,BSc Digital Marketing,Marketing,Social Media Coordinator,Content Strategist,Chief Marketing Officer,Google Analytics|SEO/SEM|Social Media Ads,Communication|Creativity|Empathy,Digital Strategy|Market Research|Brand Management,HubSpot Inbound Marketing|Meta Blueprint,High,High,75000,105000-390000,Yes,High,Medium,Promote products and services using digital channels to reach target audiences effectively.
975,A/L Pending,Technology Stream - ET/BST focus,BSc Agriculture,Agriculture & Agri-Business,Field Officer,Plantation Manager,Director of Agriculture,Crop Management|Soil Science|Pest Control,Adaptability|Team Management|Physical Endurance,Plant Biotechnology|Crop Science|Soil Science,GAP Certification|Pesticide Application License,Medium,Low,60000,90000-440000,No,Low,Medium,"Manage farming operations, improve crop yields, and implement sustainable agricultural practices."
976,A/L Pending,Physical Science Stream - Math focus,BSc Cyber Security,Information Security,SOC Analyst,Security Engineer,Security Architect,Network Security|Risk Assessment|Linux,Analytical Thinking|Ethics|Perseverance,Network Protocols|Digital Forensics|Malware Analysis,CISSP|CISM,Very High,Very High,215000,245000-730000,Yes,High,Low,Protect computer systems and networks from cyber attacks and unauthorized access.
977,A/L Completed,Commerce Stream - Economics/IT focus,BSc Supply Chain Management,Logistics,Logistics Coordinator,Supply Chain Manager,Procurement Director,Data Analysis|Inventory Management|Freight Forwarding,Problem Solving|Time Management|Negotiation,Procurement|Global Supply Chain|Inventory Control,CSCP|Six Sigma,High,High,70000,100000-440000,No,Low,Medium,Oversee the movement of goods from suppliers to consumers efficiently and cost-effectively.
978,Undergraduate,Background in Networking,BSc Information Technology / Diploma in Networking,IT Infrastructure,Network Support Engineer,Cloud Engineer,IT Infrastructure Manager,Routing & Switching|Linux/Windows Server|Cloud Computing (AWS/Azure),Reliability|Customer Service|Communication,Operating Systems|Computer Networks|System Administration,CCNP|AWS SysOps,High,High,145000,175000-480000,Yes,Low,Medium,"Design, install, and maintain the computer networks and systems that organizations rely on."
979,Undergraduate,Background in Healthcare Caregiving,BSc Nursing,Healthcare - Nursing,Trainee Staff Nurse,Staff Nurse,Chief Nursing Officer,Infection Control|Vital Signs Monitoring|Patient Care,Patience|Communication|Empathy,Pharmacology|Psychology|Nursing Foundations,ACLS|BLS,High,Very High,60000,90000-260000,No,Low,Low,"Provide care to patients, administer medications, and assist doctors in medical treatments."
980,Undergraduate,Background in Medicine,MBBS Medicine,Healthcare - Medical,Junior Doctor,General Practitioner,Hospital Director,Patient Care|Diagnosis|Pharmacology,Decision Making Under Pressure|Empathy|Ethics,Anatomy|Pediatrics|Surgery,USMLE|MD/MS (Sri Lanka),Very High,Very High,245000,275000-1350000,No,Low,Low,"Diagnose and treat illnesses, injuries, and health conditions in patients."
981,Graduate,Background in Mechanical Systems,BSc Mechanical Engineering,Mechanical Engineering,Design Engineer Intern,Mechanical Engineer,Senior Mechanical Engineer,Thermodynamics|CAD/CAM|Quality Control,Troubleshooting|Attention to Detail|Innovation,Thermodynamics|Fluid Mechanics|Control Systems,Six Sigma|Chartered Engineer (CEng),Medium,High,100000,130000-300000,No,Low,Medium,"Design, develop, build, and test mechanical and thermal sensors and devices."
982,A/L Completed,Technology Stream - IT focus,BSc Mechanical Engineering,Mechanical Engineering,Junior Mechanical Engineer,Mechanical Engineer,Senior Mechanical Engineer,Thermodynamics|Quality Control|Robotics,Innovation|Attention to Detail|Analytical Thinking,Control Systems|Fluid Mechanics|Machine Design,SolidWorks Certification|Six Sigma,Medium,High,75000,105000-680000,No,Low,Medium,"Design, develop, build, and test mechanical and thermal sensors and devices."
983,Undergraduate,Background in Logistics & Supply Chain,BSc Supply Chain Management,Logistics,Procurement Trainee,Supply Chain Manager,Chief Supply Chain Officer,ERP Software (SAP/Oracle)|Inventory Management|Freight Forwarding,Problem Solving|Leadership|Time Management,Global Supply Chain|Transportation Management|Procurement,CIPS|CSCP,High,High,105000,135000-380000,No,Low,Medium,Oversee the movement of goods from suppliers to consumers efficiently and cost-effectively.
984,O/L Completed,Logistics & Supply Chain Interest,BSc Supply Chain Management,Logistics,Warehouse Assistant,Supply Chain Manager,Chief Supply Chain Officer,Inventory Management|Freight Forwarding|ERP Software (SAP/Oracle),Leadership|Negotiation|Problem Solving,Procurement|Global Supply Chain|Inventory Control,CIPS|CSCP,High,High,100000,130000-390000,No,Low,Medium,Oversee the movement of goods from suppliers to consumers efficiently and cost-effectively.
985,A/L Completed,Arts Stream - Languages focus,LLB Law,Legal Services,Apprentice,Attorney-at-Law,Chief Legal Officer,Drafting Contracts|Legal Research|Compliance,Public Speaking|Analytical Thinking|Argumentation,Constitutional Law|Corporate Law|Contract Law,Attorney-at-Law (Sri Lanka Law College)|Notary Public,Medium,Medium,80000,110000-690000,No,Medium,Medium,"Advise and represent clients in legal matters, draft documents, and ensure legal compliance."
986,A/L Completed,Physical Science Stream - Math focus,BSc Agriculture,Agriculture & Agri-Business,Farm Supervisor,Agricultural Officer,Estate Superintendent,"Crop Management|Soil Science|Agri-Tech (IoT, Drones)",Team Management|Physical Endurance|Adaptability,Soil Science|Agricultural Economics|Plant Biotechnology,Pesticide Application License|GAP Certification,Medium,Low,65000,95000-440000,No,Low,Medium,"Manage farming operations, improve crop yields, and implement sustainable agricultural practices."
987,A/L Pending,Arts Stream - Languages focus,BSc Data Science,Data Science,Data Analyst,Data Engineer,Chief Data Officer,Python|SQL|Machine Learning,Curiosity|Analytical Thinking|Business Acumen,Big Data|Probability|Deep Learning,AWS Machine Learning|IBM Data Science,High,Very High,165000,195000-550000,Yes,High,Low,Analyze complex data sets to help companies make data-driven decisions and build predictive models.
988,O/L Completed,Data Analysis & AI Interest,BSc Data Science,Data Science,Junior Data Scientist,Data Engineer,Chief Data Officer,Statistics|Python|SQL,Analytical Thinking|Curiosity|Business Acumen,Linear Algebra|Deep Learning|Probability,Google Data Analytics|AWS Machine Learning,High,Very High,190000,220000-710000,Yes,High,Low,Analyze complex data sets to help companies make data-driven decisions and build predictive models.
989,A/L Completed,Technology Stream - SFT focus,BA/BSc / BEd Education,Education,Trainee Teacher,Lecturer,Dean,Student Assessment|Educational Technology|Curriculum Development,Patience|Public Speaking|Empathy,Subject-Specific Focus|Teaching Methodology|Educational Psychology,Postgraduate Diploma in Education (PGDE)|TEFL/TESOL,Medium,High,70000,100000-230000,Medium,High,Low,"Educate and mentor students, preparing them for academic and personal success."
990,Diploma Holder,Background in Education & Teaching,BA/BSc / BEd Education,Education,Trainee Teacher,Instructor,Principal,Curriculum Development|Lesson Planning|Educational Technology,Public Speaking|Empathy|Patience,Curriculum Design|Teaching Methodology|Educational Psychology,TEFL/TESOL|Postgraduate Diploma in Education (PGDE),Medium,High,55000,85000-300000,Medium,High,Low,"Educate and mentor students, preparing them for academic and personal success."
991,Graduate,Background in Business Management,BBA Business Management,Business Operations,Management Trainee,Business Analyst,Operations Director,Data Analysis|Project Management|Budgeting,Problem Solving|Decision Making|Negotiation,Organizational Behavior|HR|Marketing,Agile PM|Certified Business Analysis Professional (CBAP),Medium,High,145000,175000-790000,Yes,Medium,Low,Oversee the day-to-day operations of a company to ensure efficiency and profitability.
992,Graduate,Background in Psychology & Counseling,BA/BSc Psychology,Psychology,Assistant Psychologist,Clinical Psychologist,Consultant Psychologist,Therapy Techniques (CBT)|Research Methodology|Psychological Assessment,Confidentiality|Patience|Active Listening,Counseling|Developmental Psychology|Cognitive Psychology,Mental Health First Aid|Counseling Diploma,Medium,High,80000,110000-230000,Yes,High,Low,Study human behavior and help individuals navigate mental health and emotional challenges.
993,Career Switcher,Design & Multimedia Interest,BA Graphic Design / Diploma in Multimedia,Design,Junior Graphic Designer,Art Director,Creative Director,Photoshop|Color Theory|Typography,Attention to Detail|Time Management|Receptivity to Feedback,User Experience|Visual Communication|Design Principles,Google UX Design|Adobe Certified Professional,High,High,55000,85000-560000,Yes,High,High,"Create visual concepts to communicate ideas that inspire, inform, and captivate consumers."
994,Graduate,Background in Accounting & Finance,BSc Accounting and Finance,Finance,Accounts Assistant,Tax Executive,Finance Manager,Excel|ERP Systems|Taxation,Ethics|Analytical Thinking|Attention to Detail,Management Accounting|Economics|Auditing,ACCA|CIMA,High,High,110000,140000-570000,Yes,Medium,High,"Manage financial records, analyze financial data, and ensure legal tax compliance for organizations."
995,Graduate,Background in Logistics & Supply Chain,BSc Supply Chain Management,Logistics,Logistics Coordinator,Warehouse Manager,Chief Supply Chain Officer,Inventory Management|ERP Software (SAP/Oracle)|Data Analysis,Time Management|Problem Solving|Leadership,Transportation Management|Inventory Control|Global Supply Chain,Six Sigma|CIPS,High,High,95000,125000-610000,No,Low,Medium,Oversee the movement of goods from suppliers to consumers efficiently and cost-effectively.
996,Diploma Holder,Background in Accounting & Finance,BSc Accounting and Finance,Finance,Junior Accountant,Tax Executive,Chief Financial Officer (CFO),Excel|Taxation|Financial Reporting,Attention to Detail|Ethics|Integrity,Management Accounting|Auditing|Economics,CA Sri Lanka|ACCA,High,High,115000,145000-310000,Yes,Medium,High,"Manage financial records, analyze financial data, and ensure legal tax compliance for organizations."
997,Career Switcher,Law & Justice Interest,LLB Law,Legal Services,Apprentice,Corporate Counsel,Senior Counsel,Compliance|Drafting Contracts|Litigation,Public Speaking|Analytical Thinking|Negotiation,Corporate Law|Constitutional Law|Contract Law,Notary Public|Attorney-at-Law (Sri Lanka Law College),Medium,Medium,60000,90000-200000,No,Medium,Medium,"Advise and represent clients in legal matters, draft documents, and ensure legal compliance."
998,A/L Completed,Physical Science Stream - Math focus,BSc Mechanical Engineering,Mechanical Engineering,Junior Mechanical Engineer,Mechanical Engineer,Plant Manager,Robotics|Quality Control|Thermodynamics,Innovation|Analytical Thinking|Troubleshooting,Machine Design|Thermodynamics|Fluid Mechanics,SolidWorks Certification|Chartered Engineer (CEng),Medium,High,130000,160000-380000,No,Low,Medium,"Design, develop, build, and test mechanical and thermal sensors and devices."
999,O/L Completed,Cybersecurity Interest,BSc Cyber Security,Information Security,Junior Penetration Tester,Security Engineer,Chief Information Security Officer (CISO),Risk Assessment|Linux|Ethical Hacking,Perseverance|Calm Under Pressure|Ethics,Cryptography|Malware Analysis|Digital Forensics,CISM|CompTIA Security+,Very High,Very High,165000,195000-730000,Yes,High,Low,Protect computer systems and networks from cyber attacks and unauthorized access.
1000,Diploma Holder,Background in Tourism & Hospitality,BSc Hospitality Management,Tourism,Front Office Assistant,Event Manager,General Manager (Hotel),Languages|Inventory Management|Property Management Systems,Problem Solving|Interpersonal Skills|Cultural Awareness,Food & Beverage Management|Tourism Marketing|Hospitality Operations,IATA Certification|Food Safety Certification,High,Medium,50000,80000-580000,No,Medium,High,"Manage operations in hotels, resorts, and coordinate travel experiences for tourists."
